#node1	node2	node1_string_id	node2_string_id	neighborhood_on_chromosome	gene_fusion	phylogenetic_cooccurrence	homology	coexpression	experimentally_determined_interaction	database_annotated	automated_textmining	combined_score
ABL1	MAPK1	9606.ENSP00000361423	9606.ENSP00000215832	0	0	0	0.588	0.064	0.110	0	0.695	0.724
ABL1	APEX1	9606.ENSP00000361423	9606.ENSP00000216714	0	0	0	0	0.050	0	0	0.446	0.451
ABL1	AURKA	9606.ENSP00000361423	9606.ENSP00000216911	0	0	0	0.626	0	0.067	0	0.470	0.484
ABL1	RIPK2	9606.ENSP00000361423	9606.ENSP00000220751	0	0	0	0.575	0.099	0	0	0.395	0.431
ABL1	MPO	9606.ENSP00000361423	9606.ENSP00000225275	0	0	0	0	0.067	0	0	0.471	0.485
ABL1	RPS6KB1	9606.ENSP00000361423	9606.ENSP00000225577	0	0	0	0.577	0	0.278	0	0.476	0.606
ABL1	NFKB1	9606.ENSP00000361423	9606.ENSP00000226574	0	0	0	0	0.085	0.095	0	0.434	0.490
ABL1	MAPK14	9606.ENSP00000361423	9606.ENSP00000229795	0	0	0	0.621	0.090	0.110	0.500	0.205	0.635
ABL1	FLT3	9606.ENSP00000361423	9606.ENSP00000241453	0	0	0	0.600	0.095	0.215	0	0.346	0.495
ABL1	SMO	9606.ENSP00000361423	9606.ENSP00000249373	0	0	0	0	0.072	0.071	0	0.625	0.648
ABL1	RARA	9606.ENSP00000361423	9606.ENSP00000254066	0	0	0	0	0.063	0.097	0	0.695	0.719
ABL1	CDK4	9606.ENSP00000361423	9606.ENSP00000257904	0	0	0	0.607	0.097	0.098	0.400	0.511	0.729
ABL1	MDM2	9606.ENSP00000361423	9606.ENSP00000258149	0	0	0	0	0	0.628	0	0.732	0.896
ABL1	PDGFRB	9606.ENSP00000361423	9606.ENSP00000261799	0	0	0	0.581	0.093	0.316	0	0.376	0.580
ABL1	EP300	9606.ENSP00000361423	9606.ENSP00000263253	0	0	0	0	0.304	0.230	0	0.438	0.673
ABL1	PIK3CA	9606.ENSP00000361423	9606.ENSP00000263967	0	0	0	0	0.049	0.069	0	0.754	0.763
ABL1	CASP6	9606.ENSP00000361423	9606.ENSP00000265164	0	0	0	0	0.129	0.067	0	0.430	0.496
ABL1	CDK2	9606.ENSP00000361423	9606.ENSP00000266970	0	0	0	0.653	0.087	0.098	0	0.474	0.530
ABL1	ERBB2	9606.ENSP00000361423	9606.ENSP00000269571	0	0	0	0.591	0.049	0.615	0	0.325	0.731
ABL1	EGFR	9606.ENSP00000361423	9606.ENSP00000275493	0	0	0	0.591	0.067	0.790	0	0.347	0.861
ABL1	EPHA4	9606.ENSP00000361423	9606.ENSP00000281821	0	0	0	0.614	0.074	0	0.900	0.454	0.945
ABL1	FLT1	9606.ENSP00000361423	9606.ENSP00000282397	0	0	0	0.577	0.105	0.074	0	0.400	0.459
ABL1	APP	9606.ENSP00000361423	9606.ENSP00000284981	0	0	0	0	0.106	0.292	0	0.326	0.536
ABL1	CSF1R	9606.ENSP00000361423	9606.ENSP00000286301	0	0	0	0.604	0.055	0.074	0	0.504	0.528
ABL1	VCAM1	9606.ENSP00000361423	9606.ENSP00000294728	0	0	0	0	0	0.102	0	0.447	0.482
ABL1	ALB	9606.ENSP00000361423	9606.ENSP00000295897	0	0	0	0	0	0	0	0.436	0.436
ABL1	LRRK2	9606.ENSP00000361423	9606.ENSP00000298910	0	0	0	0.551	0.046	0.188	0	0.387	0.483
ABL1	ANPEP	9606.ENSP00000361423	9606.ENSP00000300060	0	0	0	0	0	0	0	0.575	0.575
ABL1	TERT	9606.ENSP00000361423	9606.ENSP00000309572	0	0	0	0	0	0.049	0	0.599	0.603
ABL1	CASP3	9606.ENSP00000361423	9606.ENSP00000311032	0	0	0	0	0.067	0.067	0	0.586	0.608
ABL1	PTPN2	9606.ENSP00000361423	9606.ENSP00000311857	0	0	0	0	0	0.115	0	0.552	0.587
ABL1	PRKDC	9606.ENSP00000361423	9606.ENSP00000313420	0	0	0	0	0.048	0.315	0	0.721	0.802
ABL1	GSK3B	9606.ENSP00000361423	9606.ENSP00000324806	0	0	0	0.566	0.049	0	0	0.497	0.501
ABL1	TBK1	9606.ENSP00000361423	9606.ENSP00000329967	0	0	0	0	0.087	0	0	0.456	0.482
ABL1	CASP9	9606.ENSP00000361423	9606.ENSP00000330237	0	0	0	0	0.074	0.311	0	0.466	0.629
ABL1	PRKCD	9606.ENSP00000361423	9606.ENSP00000331602	0	0	0	0.571	0.074	0.325	0	0.485	0.650
ABL1	EPHB3	9606.ENSP00000361423	9606.ENSP00000332118	0	0	0	0.615	0.074	0.043	0.900	0.434	0.943
ABL1	MAPK11	9606.ENSP00000361423	9606.ENSP00000333685	0	0	0	0.596	0.087	0.110	0.500	0.164	0.615
ABL1	HSP90AA1	9606.ENSP00000361423	9606.ENSP00000335153	0	0	0	0	0.080	0.788	0	0.922	0.983
ABL1	FYN	9606.ENSP00000361423	9606.ENSP00000346671	0	0	0.075	0.876	0.083	0.136	0.900	0.422	0.949
ABL1	EPHB4	9606.ENSP00000361423	9606.ENSP00000350896	0	0	0	0.618	0.099	0.043	0.900	0.457	0.947
ABL1	CASP8	9606.ENSP00000361423	9606.ENSP00000351273	0	0	0	0	0.064	0.067	0	0.443	0.471
ABL1	DNMT1	9606.ENSP00000361423	9606.ENSP00000352516	0	0	0	0	0.118	0.066	0	0.366	0.432
ABL1	NTRK3	9606.ENSP00000361423	9606.ENSP00000354207	0	0	0	0.629	0	0	0.900	0.192	0.915
ABL1	STAT1	9606.ENSP00000361423	9606.ENSP00000354394	0	0	0	0	0.103	0.096	0	0.658	0.699
ABL1	TOP1	9606.ENSP00000361423	9606.ENSP00000354522	0	0	0	0	0	0.297	0	0.279	0.472
ABL1	MTOR	9606.ENSP00000361423	9606.ENSP00000354558	0	0	0	0	0.067	0.315	0	0.557	0.692
ABL1	PARP1	9606.ENSP00000361423	9606.ENSP00000355759	0	0	0	0	0.047	0.292	0	0.713	0.789
ABL1	MAPKAPK2	9606.ENSP00000361423	9606.ENSP00000356070	0	0	0	0	0.062	0.047	0	0.510	0.523
ABL1	MDM4	9606.ENSP00000361423	9606.ENSP00000356150	0	0	0	0	0	0.298	0	0.369	0.538
ABL1	MCL1	9606.ENSP00000361423	9606.ENSP00000358022	0	0	0	0	0.086	0	0	0.741	0.753
ABL1	XIAP	9606.ENSP00000361423	9606.ENSP00000360242	0	0	0	0	0	0.092	0	0.621	0.641
ABL1	HSP90AB1	9606.ENSP00000361423	9606.ENSP00000360609	0	0	0	0	0.091	0.224	0	0.909	0.930
ABL1	PTPN1	9606.ENSP00000361423	9606.ENSP00000360683	0	0	0	0	0.049	0.346	0	0.370	0.574
ABL1	PIK3CD	9606.ENSP00000361423	9606.ENSP00000366563	0	0	0	0	0	0.069	0	0.385	0.403
ABL1	AKT1	9606.ENSP00000361423	9606.ENSP00000451828	0	0	0	0.577	0.102	0	0	0.369	0.409
ABL1	HDAC1	9606.ENSP00000361423	9606.ENSP00000362649	0	0	0	0	0.042	0.068	0	0.398	0.415
ABL1	CXCR4	9606.ENSP00000361423	9606.ENSP00000386884	0	0	0	0	0.042	0	0	0.417	0.417
ABL1	TNK2	9606.ENSP00000361423	9606.ENSP00000371341	0	0	0	0.600	0.049	0.053	0	0.406	0.418
ABL1	HDAC6	9606.ENSP00000361423	9606.ENSP00000365804	0	0	0	0	0.075	0.068	0	0.381	0.420
ABL1	PRKCB	9606.ENSP00000361423	9606.ENSP00000496129	0	0	0	0.573	0	0.050	0	0.417	0.422
ABL1	RELA	9606.ENSP00000361423	9606.ENSP00000384273	0	0	0	0	0.115	0.098	0	0.349	0.435
ABL1	PTPN6	9606.ENSP00000361423	9606.ENSP00000391592	0	0	0	0.554	0.055	0.333	0	0.178	0.437
ABL1	LCK	9606.ENSP00000361423	9606.ENSP00000477713	0	0	0.060	0.882	0.060	0	0	0.427	0.449
ABL1	CDK1	9606.ENSP00000361423	9606.ENSP00000378699	0	0	0	0.659	0.067	0.334	0	0.192	0.454
ABL1	ITK	9606.ENSP00000361423	9606.ENSP00000398655	0	0	0.077	0.799	0	0	0	0.439	0.460
ABL1	LYN	9606.ENSP00000361423	9606.ENSP00000428924	0	0	0.068	0.877	0.060	0	0	0.441	0.467
ABL1	MAPK8	9606.ENSP00000361423	9606.ENSP00000378974	0	0	0	0.581	0.044	0.088	0	0.445	0.473
ABL1	TNF	9606.ENSP00000361423	9606.ENSP00000398698	0	0	0	0	0	0.057	0	0.471	0.479
ABL1	JAK1	9606.ENSP00000361423	9606.ENSP00000499900	0	0	0	0.574	0.064	0.292	0	0.280	0.482
ABL1	TGFBR1	9606.ENSP00000361423	9606.ENSP00000447297	0	0	0	0.577	0.073	0	0	0.477	0.494
ABL1	MPL	9606.ENSP00000361423	9606.ENSP00000361548	0	0	0	0	0	0.045	0	0.507	0.509
ABL1	AR	9606.ENSP00000361423	9606.ENSP00000363822	0	0	0	0	0.042	0.178	0	0.428	0.511
ABL1	IGF1R	9606.ENSP00000361423	9606.ENSP00000497069	0	0	0	0.604	0.049	0	0	0.522	0.525
ABL1	RAF1	9606.ENSP00000361423	9606.ENSP00000401888	0	0	0	0.590	0.044	0	0	0.531	0.532
ABL1	ESR1	9606.ENSP00000361423	9606.ENSP00000405330	0	0	0	0	0	0.071	0	0.528	0.543
ABL1	FGR	9606.ENSP00000361423	9606.ENSP00000363117	0	0	0.074	0.879	0.063	0	0	0.533	0.559
ABL1	HCK	9606.ENSP00000361423	9606.ENSP00000365012	0	0	0.069	0.877	0.060	0.510	0	0.109	0.567
ABL1	PTPRC	9606.ENSP00000361423	9606.ENSP00000411355	0	0	0	0	0.067	0.097	0	0.533	0.573
ABL1	MME	9606.ENSP00000361423	9606.ENSP00000418525	0	0	0	0	0	0	0	0.574	0.574
ABL1	SYK	9606.ENSP00000361423	9606.ENSP00000364898	0	0	0	0.730	0.053	0	0	0.592	0.597
ABL1	PTPN11	9606.ENSP00000361423	9606.ENSP00000489597	0	0	0	0.556	0.063	0.097	0	0.568	0.603
ABL1	ALOX5	9606.ENSP00000361423	9606.ENSP00000363512	0	0	0	0	0.083	0.066	0	0.575	0.605
ABL1	PAK4	9606.ENSP00000361423	9606.ENSP00000469413	0	0	0	0.570	0.060	0.629	0	0.122	0.668
ABL1	BCL2	9606.ENSP00000361423	9606.ENSP00000381185	0	0	0	0	0.055	0	0	0.668	0.673
ABL1	SRC	9606.ENSP00000361423	9606.ENSP00000362680	0	0	0.078	0.877	0.107	0.591	0	0.161	0.680
ABL1	BCL2L1	9606.ENSP00000361423	9606.ENSP00000365230	0	0	0	0	0.055	0.292	0	0.618	0.722
ABL1	CDC42	9606.ENSP00000361423	9606.ENSP00000497733	0	0	0	0	0.074	0.110	0.500	0.532	0.781
ABL1	PIK3R1	9606.ENSP00000361423	9606.ENSP00000428056	0	0	0	0.551	0.062	0.793	0	0.203	0.832
ABL1	CDK5	9606.ENSP00000361423	9606.ENSP00000419782	0	0	0	0.655	0	0.045	0.800	0.519	0.900
ABL1	EPHB2	9606.ENSP00000361423	9606.ENSP00000383053	0	0	0	0.612	0.075	0.293	0.900	0.437	0.958
ABL1	NTRK1	9606.ENSP00000361423	9606.ENSP00000431418	0	0	0	0.642	0	0.510	0.900	0.212	0.958
ABL1	GRB2	9606.ENSP00000361423	9606.ENSP00000376345	0	0	0	0.748	0.083	0.846	0.900	0.973	0.999
ACACA	SIRT1	9606.ENSP00000483300	9606.ENSP00000212015	0	0	0	0	0	0.301	0	0.448	0.598
ACACA	GCK	9606.ENSP00000483300	9606.ENSP00000223366	0	0	0	0	0.074	0	0	0.484	0.502
ACACA	FAAH	9606.ENSP00000483300	9606.ENSP00000243167	0.057	0	0	0	0.077	0	0.449	0.289	0.613
ACACA	LIPE	9606.ENSP00000483300	9606.ENSP00000244289	0.042	0	0	0	0	0	0	0.680	0.680
ACACA	ALOX12	9606.ENSP00000483300	9606.ENSP00000251535	0	0	0	0	0.059	0	0	0.722	0.727
ACACA	MLYCD	9606.ENSP00000483300	9606.ENSP00000262430	0	0	0	0	0.042	0	0.900	0.675	0.966
ACACA	MGLL	9606.ENSP00000483300	9606.ENSP00000265052	0.077	0	0	0	0	0	0	0.460	0.480
ACACA	SQLE	9606.ENSP00000483300	9606.ENSP00000265896	0	0	0	0	0.128	0	0	0.525	0.568
ACACA	PPARG	9606.ENSP00000483300	9606.ENSP00000287820	0	0	0	0	0.044	0	0	0.702	0.703
ACACA	HMGCR	9606.ENSP00000483300	9606.ENSP00000287936	0	0	0	0	0.134	0	0	0.762	0.785
ACACA	PLIN1	9606.ENSP00000483300	9606.ENSP00000300055	0	0	0	0	0.055	0	0	0.495	0.503
ACACA	FASN	9606.ENSP00000483300	9606.ENSP00000304592	0.055	0	0	0	0.572	0.073	0.900	0.964	0.998
ACACA	PPARD	9606.ENSP00000483300	9606.ENSP00000310928	0	0	0	0	0	0	0	0.445	0.445
ACACA	FADS1	9606.ENSP00000483300	9606.ENSP00000322229	0.042	0	0	0	0.072	0	0	0.433	0.452
ACACA	ACACB	9606.ENSP00000483300	9606.ENSP00000341044	0	0	0.052	0.977	0.049	0.459	0.900	0.424	0.966
ACACA	PRKAA1	9606.ENSP00000483300	9606.ENSP00000346148	0	0	0	0	0.042	0.473	0.900	0.675	0.981
ACACA	FDPS	9606.ENSP00000483300	9606.ENSP00000349078	0.052	0	0	0	0.184	0	0	0.397	0.493
ACACA	MTOR	9606.ENSP00000483300	9606.ENSP00000354558	0	0	0	0	0.081	0	0	0.463	0.486
ACACA	HSD11B1	9606.ENSP00000483300	9606.ENSP00000355995	0.045	0	0	0	0.104	0.052	0.174	0.243	0.400
ACACA	SCD	9606.ENSP00000483300	9606.ENSP00000359380	0	0	0	0	0.444	0	0	0.892	0.937
ACACA	CPT1B	9606.ENSP00000483300	9606.ENSP00000379011	0	0	0	0	0	0	0	0.553	0.553
ACACA	PPARA	9606.ENSP00000483300	9606.ENSP00000385523	0	0	0	0	0	0	0	0.721	0.721
ACACA	TNF	9606.ENSP00000483300	9606.ENSP00000398698	0	0	0	0	0	0	0	0.575	0.575
ACACA	RPS6KA1	9606.ENSP00000483300	9606.ENSP00000435412	0	0	0	0	0.042	0.218	0	0.421	0.528
ACACA	NR1H4	9606.ENSP00000483300	9606.ENSP00000447149	0	0	0	0	0.067	0	0	0.416	0.432
ACACA	AKT1	9606.ENSP00000483300	9606.ENSP00000451828	0	0	0	0	0.049	0.046	0	0.491	0.497
ACACA	NR1H3	9606.ENSP00000483300	9606.ENSP00000477707	0	0	0	0	0.061	0	0	0.618	0.626
ACACA	FDFT1	9606.ENSP00000483300	9606.ENSP00000491537	0	0	0	0	0.128	0.073	0	0.399	0.471
ACACB	ATIC	9606.ENSP00000341044	9606.ENSP00000236959	0.120	0	0	0	0.107	0	0	0.445	0.526
ACACB	FAAH	9606.ENSP00000341044	9606.ENSP00000243167	0.057	0	0	0	0.084	0	0.449	0.204	0.570
ACACB	LIPE	9606.ENSP00000341044	9606.ENSP00000244289	0.042	0	0	0	0.131	0	0	0.513	0.559
ACACB	MLYCD	9606.ENSP00000341044	9606.ENSP00000262430	0	0	0	0	0.139	0	0.900	0.535	0.956
ACACB	PPARG	9606.ENSP00000341044	9606.ENSP00000287820	0	0	0	0	0.064	0	0	0.490	0.503
ACACB	HMGCR	9606.ENSP00000341044	9606.ENSP00000287936	0	0	0	0	0	0	0	0.605	0.605
ACACB	PLIN1	9606.ENSP00000341044	9606.ENSP00000300055	0	0	0	0	0.196	0	0	0.377	0.478
ACACB	FASN	9606.ENSP00000341044	9606.ENSP00000304592	0.055	0	0	0	0.308	0	0.900	0.908	0.993
ACACB	PPARD	9606.ENSP00000341044	9606.ENSP00000310928	0	0	0	0	0	0.132	0	0.340	0.403
ACACB	PPARA	9606.ENSP00000341044	9606.ENSP00000385523	0	0	0	0	0.062	0	0	0.589	0.598
ACACB	SCD	9606.ENSP00000341044	9606.ENSP00000359380	0	0	0	0	0.299	0	0	0.664	0.754
ACACB	PRKAA1	9606.ENSP00000341044	9606.ENSP00000346148	0	0	0	0	0.049	0.238	0.900	0.308	0.943
ACACB	CPT1B	9606.ENSP00000341044	9606.ENSP00000379011	0	0	0	0	0.049	0	0.900	0.574	0.956
ACE	SIRT1	9606.ENSP00000290866	9606.ENSP00000212015	0	0	0	0	0	0	0	0.489	0.489
ACE	MIF	9606.ENSP00000290866	9606.ENSP00000215754	0	0	0	0	0	0	0	0.408	0.408
ACE	MAPK1	9606.ENSP00000290866	9606.ENSP00000215832	0	0	0	0	0	0	0	0.535	0.535
ACE	CTSG	9606.ENSP00000290866	9606.ENSP00000216336	0	0	0	0	0	0	0	0.472	0.472
ACE	BDKRB1	9606.ENSP00000290866	9606.ENSP00000216629	0	0	0	0	0	0	0	0.874	0.874
ACE	MMP2	9606.ENSP00000290866	9606.ENSP00000219070	0	0	0	0	0	0	0	0.483	0.483
ACE	PLAT	9606.ENSP00000290866	9606.ENSP00000220809	0	0	0	0	0	0	0	0.676	0.676
ACE	SERPINE1	9606.ENSP00000290866	9606.ENSP00000223095	0	0	0	0	0	0.046	0	0.708	0.710
ACE	MPO	9606.ENSP00000290866	9606.ENSP00000225275	0	0	0	0	0.069	0	0	0.549	0.562
ACE	NFKB1	9606.ENSP00000290866	9606.ENSP00000226574	0	0	0	0	0	0	0	0.476	0.476
ACE	MAPK14	9606.ENSP00000290866	9606.ENSP00000229795	0	0	0	0	0	0	0	0.571	0.571
ACE	NR3C1	9606.ENSP00000290866	9606.ENSP00000231509	0	0	0	0	0	0	0	0.631	0.631
ACE	CTSD	9606.ENSP00000290866	9606.ENSP00000236671	0	0	0	0	0.048	0	0	0.644	0.647
ACE	TTR	9606.ENSP00000290866	9606.ENSP00000237014	0	0	0	0	0.078	0	0	0.475	0.495
ACE	CMA1	9606.ENSP00000290866	9606.ENSP00000250378	0	0	0	0	0.064	0	0	0.842	0.846
ACE	LGALS3	9606.ENSP00000290866	9606.ENSP00000254301	0	0	0	0	0	0	0	0.436	0.436
ACE	ADAM10	9606.ENSP00000290866	9606.ENSP00000260408	0	0	0	0	0.053	0	0	0.451	0.458
ACE	CYP2C9	9606.ENSP00000290866	9606.ENSP00000260682	0	0	0	0	0	0	0	0.462	0.462
ACE	SLC6A4	9606.ENSP00000290866	9606.ENSP00000261707	0	0	0	0	0.049	0.045	0	0.400	0.407
ACE	PDGFRB	9606.ENSP00000290866	9606.ENSP00000261799	0	0	0	0	0.044	0	0	0.463	0.465
ACE	ITGA2B	9606.ENSP00000290866	9606.ENSP00000262407	0	0	0	0	0.044	0	0	0.419	0.420
ACE	ATP4A	9606.ENSP00000290866	9606.ENSP00000262623	0	0	0	0	0	0	0	0.771	0.771
ACE	NOX4	9606.ENSP00000290866	9606.ENSP00000263317	0	0	0	0	0	0	0	0.640	0.640
ACE	TYR	9606.ENSP00000290866	9606.ENSP00000263321	0	0	0	0	0	0	0	0.544	0.544
ACE	KDR	9606.ENSP00000290866	9606.ENSP00000263923	0	0	0	0	0.060	0	0	0.512	0.521
ACE	BCHE	9606.ENSP00000290866	9606.ENSP00000264381	0	0	0	0	0	0	0	0.489	0.489
ACE	ICAM1	9606.ENSP00000290866	9606.ENSP00000264832	0	0	0	0	0	0	0	0.581	0.581
ACE	ENPEP	9606.ENSP00000290866	9606.ENSP00000265162	0	0	0	0	0.105	0	0	0.613	0.639
ACE	SLC5A1	9606.ENSP00000290866	9606.ENSP00000266088	0	0	0	0	0.077	0	0	0.398	0.421
ACE	ERBB2	9606.ENSP00000290866	9606.ENSP00000269571	0	0	0	0	0.044	0	0	0.400	0.401
ACE	PNMT	9606.ENSP00000290866	9606.ENSP00000269582	0	0	0	0	0	0	0	0.437	0.437
ACE	REN	9606.ENSP00000290866	9606.ENSP00000272190	0	0	0	0	0.044	0	0	0.987	0.987
ACE	EGFR	9606.ENSP00000290866	9606.ENSP00000275493	0	0	0	0	0	0	0	0.419	0.419
ACE	APP	9606.ENSP00000290866	9606.ENSP00000284981	0	0	0	0	0	0	0	0.516	0.516
ACE	AKR1B1	9606.ENSP00000290866	9606.ENSP00000285930	0	0	0	0	0.051	0	0	0.476	0.481
ACE	PPARG	9606.ENSP00000290866	9606.ENSP00000287820	0	0	0	0	0.054	0	0	0.669	0.674
ACE	HMGCR	9606.ENSP00000290866	9606.ENSP00000287936	0	0	0	0	0	0	0	0.806	0.806
ACE	CCR5	9606.ENSP00000290866	9606.ENSP00000292303	0	0	0	0	0.062	0	0	0.387	0.401
ACE	BCL2	9606.ENSP00000290866	9606.ENSP00000381185	0	0	0	0	0	0	0	0.403	0.403
ACE	F7	9606.ENSP00000290866	9606.ENSP00000364731	0	0	0	0	0	0	0	0.406	0.406
ACE	ITGB1	9606.ENSP00000290866	9606.ENSP00000379350	0	0	0	0	0	0.292	0	0.211	0.417
ACE	BACE1	9606.ENSP00000290866	9606.ENSP00000318585	0	0	0	0	0.042	0	0	0.429	0.430
ACE	MTOR	9606.ENSP00000290866	9606.ENSP00000354558	0	0	0	0	0	0	0	0.436	0.436
ACE	NOS1	9606.ENSP00000290866	9606.ENSP00000477999	0	0	0	0	0.049	0	0	0.439	0.443
ACE	OGA	9606.ENSP00000290866	9606.ENSP00000354850	0	0	0	0	0	0	0	0.446	0.446
ACE	HSD11B2	9606.ENSP00000290866	9606.ENSP00000316786	0	0	0	0	0.069	0	0	0.430	0.447
ACE	CYP2C19	9606.ENSP00000290866	9606.ENSP00000360372	0	0	0	0	0	0	0	0.452	0.452
ACE	EDNRB	9606.ENSP00000290866	9606.ENSP00000366416	0	0	0	0	0.050	0	0	0.451	0.456
ACE	CTSS	9606.ENSP00000290866	9606.ENSP00000357981	0	0	0	0	0	0	0	0.460	0.460
ACE	CYP2D6	9606.ENSP00000290866	9606.ENSP00000496150	0	0	0	0	0	0	0	0.462	0.462
ACE	CASP3	9606.ENSP00000290866	9606.ENSP00000311032	0	0	0	0	0	0	0	0.463	0.463
ACE	MAOB	9606.ENSP00000290866	9606.ENSP00000367309	0	0	0	0	0.057	0	0	0.463	0.472
ACE	CTSB	9606.ENSP00000290866	9606.ENSP00000345672	0	0	0	0	0.059	0	0	0.475	0.484
ACE	CTSL	9606.ENSP00000290866	9606.ENSP00000345344	0	0	0	0	0	0	0	0.495	0.495
ACE	MAOA	9606.ENSP00000290866	9606.ENSP00000340684	0	0	0	0	0.057	0	0	0.494	0.503
ACE	HSP90AB1	9606.ENSP00000290866	9606.ENSP00000360609	0	0	0	0	0	0	0	0.504	0.504
ACE	ESR1	9606.ENSP00000290866	9606.ENSP00000405330	0	0	0	0	0.042	0	0	0.506	0.507
ACE	HSP90AA1	9606.ENSP00000290866	9606.ENSP00000335153	0	0	0	0	0	0	0	0.509	0.509
ACE	CDC42	9606.ENSP00000290866	9606.ENSP00000497733	0	0	0	0	0.046	0.071	0	0.505	0.523
ACE	TLR4	9606.ENSP00000290866	9606.ENSP00000363089	0	0	0	0	0.042	0	0	0.528	0.528
ACE	EDNRA	9606.ENSP00000290866	9606.ENSP00000315011	0	0	0	0	0	0	0	0.530	0.530
ACE	CYP3A4	9606.ENSP00000290866	9606.ENSP00000498939	0	0	0	0	0.082	0	0	0.515	0.535
ACE	PPARA	9606.ENSP00000290866	9606.ENSP00000385523	0	0	0	0	0.042	0	0	0.539	0.539
ACE	PRCP	9606.ENSP00000290866	9606.ENSP00000377055	0	0	0	0	0	0	0	0.540	0.540
ACE	PDE5A	9606.ENSP00000290866	9606.ENSP00000347046	0	0	0	0	0	0	0	0.571	0.571
ACE	PTGS2	9606.ENSP00000290866	9606.ENSP00000356438	0	0	0	0	0.054	0	0	0.571	0.576
ACE	VCAM1	9606.ENSP00000290866	9606.ENSP00000294728	0	0	0	0	0	0	0	0.580	0.580
ACE	MMP1	9606.ENSP00000290866	9606.ENSP00000322788	0	0	0	0	0	0	0	0.598	0.598
ACE	PLG	9606.ENSP00000290866	9606.ENSP00000308938	0	0	0	0	0	0	0	0.614	0.614
ACE	AKT1	9606.ENSP00000290866	9606.ENSP00000451828	0	0	0	0	0.042	0	0	0.626	0.627
ACE	ALOX5AP	9606.ENSP00000290866	9606.ENSP00000479870	0	0	0	0	0	0	0	0.635	0.635
ACE	F2	9606.ENSP00000290866	9606.ENSP00000308541	0	0	0	0	0	0	0	0.640	0.640
ACE	F3	9606.ENSP00000290866	9606.ENSP00000334145	0	0	0	0	0	0	0	0.641	0.641
ACE	P2RY12	9606.ENSP00000290866	9606.ENSP00000307259	0	0	0	0	0	0	0	0.641	0.641
ACE	PREP	9606.ENSP00000290866	9606.ENSP00000499089	0	0	0	0	0	0	0	0.642	0.642
ACE	COMT	9606.ENSP00000290866	9606.ENSP00000354511	0	0	0	0	0	0	0	0.665	0.665
ACE	ECE1	9606.ENSP00000290866	9606.ENSP00000364028	0	0	0	0	0.043	0	0	0.672	0.672
ACE	TNF	9606.ENSP00000290866	9606.ENSP00000398698	0	0	0	0	0.044	0	0	0.720	0.720
ACE	XDH	9606.ENSP00000290866	9606.ENSP00000368727	0	0	0	0	0	0	0	0.724	0.724
ACE	NOS3	9606.ENSP00000290866	9606.ENSP00000297494	0	0	0	0	0.066	0	0	0.724	0.731
ACE	MMP9	9606.ENSP00000290866	9606.ENSP00000361405	0	0	0	0	0.061	0	0	0.727	0.733
ACE	ACHE	9606.ENSP00000290866	9606.ENSP00000303211	0	0	0	0	0.063	0	0	0.727	0.733
ACE	SELE	9606.ENSP00000290866	9606.ENSP00000331736	0	0	0	0	0.042	0	0	0.774	0.774
ACE	SLC5A2	9606.ENSP00000290866	9606.ENSP00000327943	0	0	0	0	0.070	0	0	0.773	0.780
ACE	FURIN	9606.ENSP00000290866	9606.ENSP00000483552	0	0	0	0	0	0	0	0.803	0.803
ACE	ANPEP	9606.ENSP00000290866	9606.ENSP00000300060	0	0	0	0	0.134	0	0	0.796	0.816
ACE	ADAM17	9606.ENSP00000290866	9606.ENSP00000309968	0	0	0	0	0.087	0	0	0.814	0.823
ACE	CYP11B2	9606.ENSP00000290866	9606.ENSP00000325822	0	0	0	0	0.061	0	0	0.864	0.867
ACE	DPP4	9606.ENSP00000290866	9606.ENSP00000353731	0	0	0	0	0.055	0	0	0.872	0.874
ACE	MME	9606.ENSP00000290866	9606.ENSP00000418525	0	0	0	0	0	0	0	0.882	0.882
ACE	NR3C2	9606.ENSP00000290866	9606.ENSP00000350815	0	0	0	0	0	0	0	0.891	0.891
ACE	ALB	9606.ENSP00000290866	9606.ENSP00000295897	0	0	0	0	0	0	0	0.912	0.912
ACE	BDKRB2	9606.ENSP00000290866	9606.ENSP00000450482	0	0	0	0	0.042	0.322	0	0.883	0.917
ACE	AGTR2	9606.ENSP00000290866	9606.ENSP00000360973	0	0	0	0	0.042	0	0	0.948	0.948
ACE	AGTR1	9606.ENSP00000290866	9606.ENSP00000398832	0	0	0	0	0.042	0	0	0.974	0.974
ACHE	FAAH	9606.ENSP00000303211	9606.ENSP00000243167	0	0	0	0	0.074	0	0	0.397	0.418
ACHE	CHRNB4	9606.ENSP00000303211	9606.ENSP00000261751	0	0	0	0	0	0.045	0	0.504	0.506
ACHE	TYR	9606.ENSP00000303211	9606.ENSP00000263321	0	0	0	0	0.053	0.057	0	0.537	0.550
ACHE	SLC6A3	9606.ENSP00000303211	9606.ENSP00000270349	0	0	0	0	0	0	0	0.447	0.447
ACHE	EGFR	9606.ENSP00000303211	9606.ENSP00000275493	0	0	0	0	0	0	0	0.506	0.506
ACHE	APP	9606.ENSP00000303211	9606.ENSP00000284981	0	0	0	0	0.067	0.735	0	0.769	0.937
ACHE	PPARG	9606.ENSP00000303211	9606.ENSP00000287820	0	0	0	0	0	0	0	0.400	0.400
ACHE	ALB	9606.ENSP00000303211	9606.ENSP00000295897	0	0	0	0	0.067	0	0	0.578	0.589
ACHE	CYP3A4	9606.ENSP00000303211	9606.ENSP00000498939	0	0.021	0	0	0	0	0	0.410	0.410
ACHE	CYP2D6	9606.ENSP00000303211	9606.ENSP00000496150	0	0	0	0	0.072	0	0	0.392	0.412
ACHE	PREP	9606.ENSP00000303211	9606.ENSP00000499089	0	0	0	0	0	0	0	0.412	0.412
ACHE	MME	9606.ENSP00000303211	9606.ENSP00000418525	0	0	0	0	0.067	0	0	0.401	0.417
ACHE	DRD2	9606.ENSP00000303211	9606.ENSP00000354859	0	0	0	0	0.072	0	0	0.408	0.427
ACHE	ADA	9606.ENSP00000303211	9606.ENSP00000361965	0	0	0	0	0	0	0	0.430	0.430
ACHE	CHRM2	9606.ENSP00000303211	9606.ENSP00000399745	0	0	0	0	0.098	0	0	0.397	0.433
ACHE	CDK5	9606.ENSP00000303211	9606.ENSP00000419782	0	0	0	0	0	0	0	0.451	0.451
ACHE	HTR1A	9606.ENSP00000303211	9606.ENSP00000316244	0	0	0	0	0.074	0	0	0.432	0.452
ACHE	CHRNA7	9606.ENSP00000303211	9606.ENSP00000407546	0	0	0	0	0.091	0	0	0.422	0.453
ACHE	BCL2	9606.ENSP00000303211	9606.ENSP00000381185	0	0	0	0	0	0	0	0.465	0.465
ACHE	COMT	9606.ENSP00000303211	9606.ENSP00000354511	0	0	0	0	0.055	0	0	0.470	0.478
ACHE	PSEN2	9606.ENSP00000303211	9606.ENSP00000355747	0	0	0	0	0	0	0	0.489	0.489
ACHE	AKT1	9606.ENSP00000303211	9606.ENSP00000451828	0	0	0	0	0	0.051	0	0.490	0.495
ACHE	PTGS2	9606.ENSP00000303211	9606.ENSP00000356438	0	0	0	0	0.049	0.045	0	0.501	0.508
ACHE	GSK3B	9606.ENSP00000303211	9606.ENSP00000324806	0	0	0	0	0	0.051	0	0.512	0.517
ACHE	TNF	9606.ENSP00000303211	9606.ENSP00000398698	0	0	0	0	0.045	0	0	0.526	0.528
ACHE	CASP3	9606.ENSP00000303211	9606.ENSP00000311032	0	0	0	0	0	0	0	0.530	0.530
ACHE	CHRM1	9606.ENSP00000303211	9606.ENSP00000306490	0	0	0	0	0.158	0	0	0.492	0.554
ACHE	CHRNA4	9606.ENSP00000303211	9606.ENSP00000359285	0	0	0	0	0.107	0.045	0	0.523	0.558
ACHE	ADORA2A	9606.ENSP00000303211	9606.ENSP00000480012	0	0	0	0	0	0	0	0.591	0.591
ACHE	XDH	9606.ENSP00000303211	9606.ENSP00000368727	0	0	0	0	0.042	0	0	0.738	0.739
ACHE	PSEN1	9606.ENSP00000303211	9606.ENSP00000326366	0	0	0	0	0	0	0	0.751	0.751
ACHE	MAOA	9606.ENSP00000303211	9606.ENSP00000340684	0	0	0	0	0.103	0	0	0.744	0.761
ACHE	BACE1	9606.ENSP00000303211	9606.ENSP00000318585	0	0	0	0	0	0	0	0.831	0.831
ACHE	MAOB	9606.ENSP00000303211	9606.ENSP00000367309	0	0	0	0	0.115	0	0	0.902	0.910
ACVR1B	PDGFRA	9606.ENSP00000442656	9606.ENSP00000257290	0	0	0	0	0	0.092	0	0.467	0.495
ACVR1B	XIAP	9606.ENSP00000442656	9606.ENSP00000360242	0	0	0	0	0.100	0.436	0	0.202	0.560
ACVR1B	ALK	9606.ENSP00000442656	9606.ENSP00000373700	0	0	0	0	0.043	0.092	0	0.929	0.932
ACVR1B	FKBP1A	9606.ENSP00000442656	9606.ENSP00000383003	0	0	0	0	0.053	0.476	0	0.727	0.853
ACVR1B	NR4A1	9606.ENSP00000442656	9606.ENSP00000440864	0	0	0	0	0	0.045	0	0.455	0.457
ACVR1B	TGFBR1	9606.ENSP00000442656	9606.ENSP00000447297	0	0	0.055	0.968	0.049	0	0.540	0.975	0.988
ADA	MPO	9606.ENSP00000361965	9606.ENSP00000225275	0	0	0	0	0.056	0	0	0.404	0.414
ADA	ATIC	9606.ENSP00000361965	9606.ENSP00000236959	0	0	0	0	0.087	0.067	0	0.510	0.546
ADA	BCHE	9606.ENSP00000361965	9606.ENSP00000264381	0	0	0	0	0.074	0	0	0.432	0.451
ADA	ALB	9606.ENSP00000361965	9606.ENSP00000295897	0	0	0	0	0.104	0.084	0	0.526	0.576
ADA	GRIA2	9606.ENSP00000361965	9606.ENSP00000296526	0	0	0	0	0	0	0	0.669	0.669
ADA	ADORA2B	9606.ENSP00000361965	9606.ENSP00000304501	0	0	0	0	0.088	0	0	0.555	0.577
ADA	TYMS	9606.ENSP00000361965	9606.ENSP00000315644	0.099	0	0	0	0.218	0	0	0.351	0.503
ADA	IMPDH2	9606.ENSP00000361965	9606.ENSP00000321584	0.057	0	0	0	0.122	0.091	0.171	0.533	0.656
ADA	DPP4	9606.ENSP00000361965	9606.ENSP00000353731	0	0	0	0	0.067	0.972	0	0.997	0.999
ADA	PNP	9606.ENSP00000361965	9606.ENSP00000354532	0.079	0	0	0	0.105	0	0.932	0.980	0.998
ADA	PTGS2	9606.ENSP00000361965	9606.ENSP00000356438	0	0	0	0	0.062	0	0	0.462	0.474
ADA	CTSS	9606.ENSP00000361965	9606.ENSP00000357981	0	0	0	0	0.086	0	0	0.403	0.432
ADA	HTR1D	9606.ENSP00000361965	9606.ENSP00000363748	0	0	0	0	0.067	0	0	0.432	0.447
ADA	TNF	9606.ENSP00000361965	9606.ENSP00000398698	0	0	0	0	0.083	0	0	0.448	0.472
ADA	PTPRC	9606.ENSP00000361965	9606.ENSP00000411355	0	0	0	0	0.110	0	0	0.525	0.560
ADA	DHFR	9606.ENSP00000361965	9606.ENSP00000396308	0.042	0	0	0	0.070	0	0	0.641	0.652
ADA	CDA	9606.ENSP00000361965	9606.ENSP00000364212	0.102	0	0	0	0	0	0	0.669	0.690
ADA	XDH	9606.ENSP00000361965	9606.ENSP00000368727	0.077	0	0	0	0	0	0	0.752	0.761
ADA	EPHX2	9606.ENSP00000361965	9606.ENSP00000430269	0.057	0	0	0	0.067	0	0.806	0.225	0.850
ADA	ADORA2A	9606.ENSP00000361965	9606.ENSP00000480012	0	0	0	0	0.112	0.292	0	0.864	0.907
ADA	ADK	9606.ENSP00000361965	9606.ENSP00000443965	0	0	0	0	0.059	0.250	0.925	0.875	0.992
ADAM10	SIRT1	9606.ENSP00000260408	9606.ENSP00000212015	0	0	0	0	0.064	0	0	0.570	0.580
ADAM10	MMP2	9606.ENSP00000260408	9606.ENSP00000219070	0	0	0	0	0	0	0	0.487	0.487
ADAM10	MMP7	9606.ENSP00000260408	9606.ENSP00000260227	0	0	0	0	0	0	0	0.601	0.601
ADAM10	ROCK1	9606.ENSP00000260408	9606.ENSP00000382697	0	0	0	0	0.184	0	0	0.298	0.403
ADAM10	CDK5	9606.ENSP00000260408	9606.ENSP00000419782	0	0	0	0	0.050	0	0	0.400	0.406
ADAM10	ITGB5	9606.ENSP00000260408	9606.ENSP00000296181	0	0	0	0	0.087	0.046	0	0.373	0.406
ADAM10	CASP3	9606.ENSP00000260408	9606.ENSP00000311032	0	0	0	0	0.057	0	0	0.409	0.418
ADAM10	GSK3B	9606.ENSP00000260408	9606.ENSP00000324806	0	0	0	0	0.082	0	0	0.413	0.438
ADAM10	ERBB2	9606.ENSP00000260408	9606.ENSP00000269571	0	0	0	0	0.058	0	0	0.433	0.443
ADAM10	CTSS	9606.ENSP00000260408	9606.ENSP00000357981	0	0	0	0	0.081	0.053	0	0.420	0.451
ADAM10	CCR5	9606.ENSP00000260408	9606.ENSP00000292303	0	0	0	0	0.042	0	0	0.457	0.457
ADAM10	HMGCR	9606.ENSP00000260408	9606.ENSP00000287936	0	0	0	0	0.067	0	0	0.442	0.457
ADAM10	RARB	9606.ENSP00000260408	9606.ENSP00000332296	0	0	0	0	0	0	0	0.469	0.469
ADAM10	MMP3	9606.ENSP00000260408	9606.ENSP00000299855	0	0	0	0	0	0	0	0.476	0.476
ADAM10	APH1B	9606.ENSP00000260408	9606.ENSP00000261879	0	0	0	0	0.049	0	0	0.522	0.526
ADAM10	MME	9606.ENSP00000260408	9606.ENSP00000418525	0	0	0	0	0.042	0.095	0	0.516	0.543
ADAM10	EGFR	9606.ENSP00000260408	9606.ENSP00000275493	0	0	0	0	0.058	0	0	0.537	0.546
ADAM10	TNF	9606.ENSP00000260408	9606.ENSP00000398698	0	0	0	0	0	0	0	0.556	0.556
ADAM10	ITGB1	9606.ENSP00000260408	9606.ENSP00000379350	0	0	0	0	0.126	0.046	0	0.531	0.575
ADAM10	BACE2	9606.ENSP00000260408	9606.ENSP00000332979	0	0	0	0	0	0	0	0.580	0.580
ADAM10	MMP9	9606.ENSP00000260408	9606.ENSP00000361405	0	0	0	0	0.043	0	0	0.603	0.604
ADAM10	GRB2	9606.ENSP00000260408	9606.ENSP00000376345	0	0	0	0	0.049	0.510	0	0.231	0.610
ADAM10	CTSB	9606.ENSP00000260408	9606.ENSP00000345672	0	0	0	0	0.047	0.053	0	0.605	0.612
ADAM10	IGF1R	9606.ENSP00000260408	9606.ENSP00000497069	0	0	0	0	0.056	0.103	0	0.584	0.617
ADAM10	FURIN	9606.ENSP00000260408	9606.ENSP00000483552	0	0	0	0	0.042	0	0	0.618	0.619
ADAM10	LCK	9606.ENSP00000260408	9606.ENSP00000477713	0	0	0	0	0.061	0.510	0	0.245	0.622
ADAM10	AKT1	9606.ENSP00000260408	9606.ENSP00000451828	0	0	0	0	0.049	0	0	0.669	0.672
ADAM10	SRC	9606.ENSP00000260408	9606.ENSP00000362680	0	0	0	0	0.055	0.150	0	0.650	0.694
ADAM10	PSEN2	9606.ENSP00000260408	9606.ENSP00000355747	0	0	0	0	0	0	0	0.790	0.790
ADAM10	EPHA4	9606.ENSP00000260408	9606.ENSP00000281821	0	0	0	0	0.086	0	0.500	0.588	0.795
ADAM10	BCL2	9606.ENSP00000260408	9606.ENSP00000381185	0	0	0	0	0	0	0.720	0.324	0.802
ADAM10	PSENEN	9606.ENSP00000260408	9606.ENSP00000468411	0	0	0	0	0.042	0.322	0	0.744	0.819
ADAM10	APH1A	9606.ENSP00000260408	9606.ENSP00000358105	0	0	0	0	0.048	0.322	0	0.790	0.852
ADAM10	NCSTN	9606.ENSP00000260408	9606.ENSP00000294785	0	0	0	0	0.056	0.322	0	0.806	0.865
ADAM10	PSEN1	9606.ENSP00000260408	9606.ENSP00000326366	0	0	0	0	0.160	0.322	0	0.846	0.905
ADAM10	BACE1	9606.ENSP00000260408	9606.ENSP00000318585	0	0	0	0	0.049	0.322	0	0.889	0.922
ADAM10	APP	9606.ENSP00000260408	9606.ENSP00000284981	0	0	0	0	0.081	0.351	0.400	0.878	0.950
ADAM10	ADAM17	9606.ENSP00000260408	9606.ENSP00000309968	0	0	0	0.684	0.058	0	0.900	0.596	0.958
ADAM17	MAPK1	9606.ENSP00000309968	9606.ENSP00000215832	0	0	0	0	0.049	0.292	0	0.270	0.465
ADAM17	MMP2	9606.ENSP00000309968	9606.ENSP00000219070	0	0	0	0	0	0	0	0.547	0.547
ADAM17	NFKB1	9606.ENSP00000309968	9606.ENSP00000226574	0	0	0	0	0.056	0	0	0.400	0.409
ADAM17	MAPK14	9606.ENSP00000309968	9606.ENSP00000229795	0	0	0	0	0.049	0	0.750	0.307	0.820
ADAM17	MMP7	9606.ENSP00000309968	9606.ENSP00000260227	0	0	0	0	0.043	0	0	0.576	0.577
ADAM17	MMP13	9606.ENSP00000309968	9606.ENSP00000260302	0	0	0	0	0	0	0	0.437	0.437
ADAM17	ICAM1	9606.ENSP00000309968	9606.ENSP00000264832	0	0	0	0	0.073	0	0	0.471	0.488
ADAM17	ERBB2	9606.ENSP00000309968	9606.ENSP00000269571	0	0	0	0	0.067	0	0	0.474	0.488
ADAM17	REN	9606.ENSP00000309968	9606.ENSP00000272190	0	0	0	0	0.052	0	0	0.634	0.638
ADAM17	EGFR	9606.ENSP00000309968	9606.ENSP00000275493	0	0	0	0	0.067	0	0	0.670	0.679
ADAM17	APP	9606.ENSP00000309968	9606.ENSP00000284981	0	0	0	0	0.042	0.311	0	0.627	0.733
ADAM17	VCAM1	9606.ENSP00000309968	9606.ENSP00000294728	0	0	0	0	0	0	0	0.419	0.418
ADAM17	NCSTN	9606.ENSP00000309968	9606.ENSP00000294785	0	0	0	0	0.054	0	0	0.692	0.696
ADAM17	ALB	9606.ENSP00000309968	9606.ENSP00000295897	0	0	0	0	0	0	0	0.410	0.410
ADAM17	MMP3	9606.ENSP00000309968	9606.ENSP00000299855	0	0	0	0	0	0	0	0.546	0.546
ADAM17	CASP3	9606.ENSP00000309968	9606.ENSP00000311032	0	0	0	0	0.054	0	0	0.405	0.413
ADAM17	EPHB4	9606.ENSP00000309968	9606.ENSP00000350896	0	0	0	0	0.086	0	0	0.384	0.413
ADAM17	CTSB	9606.ENSP00000309968	9606.ENSP00000345672	0	0	0	0	0.060	0.066	0	0.417	0.444
ADAM17	MMP1	9606.ENSP00000309968	9606.ENSP00000322788	0	0	0	0	0.049	0	0	0.445	0.450
ADAM17	TLR4	9606.ENSP00000309968	9606.ENSP00000363089	0	0	0	0	0.081	0.054	0	0.434	0.465
ADAM17	BACE2	9606.ENSP00000309968	9606.ENSP00000332979	0	0	0	0	0	0	0	0.466	0.466
ADAM17	CTSS	9606.ENSP00000309968	9606.ENSP00000357981	0	0	0	0	0.089	0.071	0	0.441	0.486
ADAM17	BCL2	9606.ENSP00000309968	9606.ENSP00000381185	0	0	0	0	0	0	0	0.495	0.495
ADAM17	CTSL	9606.ENSP00000309968	9606.ENSP00000345344	0	0	0	0	0.068	0.071	0	0.470	0.501
ADAM17	NOX1	9606.ENSP00000309968	9606.ENSP00000362057	0	0	0	0	0	0	0	0.516	0.516
ADAM17	PTGS2	9606.ENSP00000309968	9606.ENSP00000356438	0	0	0	0	0.076	0	0	0.505	0.523
ADAM17	IDO1	9606.ENSP00000309968	9606.ENSP00000430950	0	0	0	0	0.042	0	0	0.527	0.527
ADAM17	DPP4	9606.ENSP00000309968	9606.ENSP00000353731	0	0	0	0	0	0	0	0.532	0.532
ADAM17	AKT1	9606.ENSP00000309968	9606.ENSP00000451828	0	0	0	0	0	0	0	0.556	0.556
ADAM17	PSEN2	9606.ENSP00000309968	9606.ENSP00000355747	0	0	0	0	0	0	0	0.560	0.560
ADAM17	GSK3B	9606.ENSP00000309968	9606.ENSP00000324806	0	0	0	0	0.058	0	0	0.570	0.578
ADAM17	APH1A	9606.ENSP00000309968	9606.ENSP00000358105	0	0	0	0	0.049	0	0	0.578	0.581
ADAM17	AGTR1	9606.ENSP00000309968	9606.ENSP00000398832	0	0	0	0	0	0	0	0.582	0.582
ADAM17	ITGB1	9606.ENSP00000309968	9606.ENSP00000379350	0	0	0	0	0.059	0.488	0	0.231	0.598
ADAM17	MMP9	9606.ENSP00000309968	9606.ENSP00000361405	0	0	0	0	0.047	0	0	0.613	0.616
ADAM17	SRC	9606.ENSP00000309968	9606.ENSP00000362680	0	0	0	0	0.055	0.292	0	0.494	0.632
ADAM17	BACE1	9606.ENSP00000309968	9606.ENSP00000318585	0	0	0	0	0	0	0	0.652	0.652
ADAM17	PSENEN	9606.ENSP00000309968	9606.ENSP00000468411	0	0	0	0	0.048	0	0	0.664	0.667
ADAM17	PSEN1	9606.ENSP00000309968	9606.ENSP00000326366	0	0	0	0	0.072	0	0	0.703	0.712
ADAM17	FURIN	9606.ENSP00000309968	9606.ENSP00000483552	0	0	0	0	0.042	0	0.750	0.766	0.939
ADAM17	TNF	9606.ENSP00000309968	9606.ENSP00000398698	0	0	0	0	0.044	0	0.750	0.811	0.950
ADK	ATIC	9606.ENSP00000443965	9606.ENSP00000236959	0.053	0	0	0	0.232	0.079	0	0.578	0.679
ADK	ADORA2B	9606.ENSP00000443965	9606.ENSP00000304501	0	0	0	0	0.060	0	0	0.462	0.473
ADK	IMPDH2	9606.ENSP00000443965	9606.ENSP00000321584	0	0	0	0	0.076	0	0	0.621	0.635
ADK	PDE2A	9606.ENSP00000443965	9606.ENSP00000334910	0	0	0	0	0	0	0.900	0.218	0.918
ADK	PDE4B	9606.ENSP00000443965	9606.ENSP00000342637	0	0	0	0	0	0	0.900	0.237	0.920
ADK	PDE4D	9606.ENSP00000443965	9606.ENSP00000345502	0	0	0	0	0	0	0.900	0.269	0.923
ADK	PDE3A	9606.ENSP00000443965	9606.ENSP00000351957	0	0	0	0	0	0	0.900	0.280	0.924
ADK	PNP	9606.ENSP00000443965	9606.ENSP00000354532	0.095	0	0	0	0.047	0.051	0.938	0.770	0.986
ADK	PDE10A	9606.ENSP00000443965	9606.ENSP00000355847	0	0	0	0	0	0	0.900	0.185	0.915
ADK	PDE4A	9606.ENSP00000443965	9606.ENSP00000370078	0	0	0	0	0	0	0.900	0.236	0.920
ADK	PDE7A	9606.ENSP00000443965	9606.ENSP00000385632	0	0	0	0	0	0	0.900	0.290	0.925
ADK	DHFR	9606.ENSP00000443965	9606.ENSP00000396308	0.057	0	0	0	0.129	0	0	0.435	0.495
ADK	ADORA2A	9606.ENSP00000443965	9606.ENSP00000480012	0	0	0	0	0	0	0	0.655	0.655
ADORA2A	SLC6A3	9606.ENSP00000480012	9606.ENSP00000270349	0	0	0	0	0.054	0	0	0.531	0.537
ADORA2A	ADORA2B	9606.ENSP00000480012	9606.ENSP00000304501	0	0	0	0.953	0	0.325	0.900	0.153	0.937
ADORA2A	P2RY1	9606.ENSP00000480012	9606.ENSP00000304767	0	0	0	0	0	0.045	0	0.410	0.413
ADORA2A	P2RY12	9606.ENSP00000480012	9606.ENSP00000307259	0	0	0	0	0	0	0	0.461	0.461
ADORA2A	PRKACA	9606.ENSP00000480012	9606.ENSP00000309591	0	0	0	0	0.044	0.066	0	0.697	0.705
ADORA2A	CASP3	9606.ENSP00000480012	9606.ENSP00000311032	0	0	0	0	0.048	0	0	0.572	0.575
ADORA2A	P2RX7	9606.ENSP00000480012	9606.ENSP00000330696	0	0	0	0	0.054	0	0	0.407	0.415
ADORA2A	CYP1A2	9606.ENSP00000480012	9606.ENSP00000342007	0	0	0	0	0	0	0	0.421	0.421
ADORA2A	RXRG	9606.ENSP00000480012	9606.ENSP00000352900	0	0	0	0	0.087	0	0	0.411	0.439
ADORA2A	P2RX4	9606.ENSP00000480012	9606.ENSP00000353032	0	0	0	0	0.060	0	0	0.409	0.421
ADORA2A	DPP4	9606.ENSP00000480012	9606.ENSP00000353731	0	0	0	0	0	0	0	0.767	0.767
ADORA2A	COMT	9606.ENSP00000480012	9606.ENSP00000354511	0	0	0	0	0	0	0	0.405	0.405
ADORA2A	DRD2	9606.ENSP00000480012	9606.ENSP00000354859	0	0	0	0.639	0.100	0.806	0	0.987	0.997
ADORA2A	PDE10A	9606.ENSP00000480012	9606.ENSP00000355847	0	0	0	0	0.110	0.046	0	0.508	0.546
ADORA2A	CNR1	9606.ENSP00000480012	9606.ENSP00000358513	0	0	0	0.602	0.051	0.634	0	0.884	0.956
ADORA2A	SRC	9606.ENSP00000480012	9606.ENSP00000362680	0	0	0	0	0.047	0	0.500	0.270	0.621
ADORA2A	CNR2	9606.ENSP00000480012	9606.ENSP00000363596	0	0	0	0.619	0.058	0.059	0	0.421	0.442
ADORA2A	MAOB	9606.ENSP00000480012	9606.ENSP00000367309	0	0	0	0	0	0	0	0.474	0.474
ADORA2A	DRD3	9606.ENSP00000480012	9606.ENSP00000373169	0	0	0	0.622	0.056	0.328	0	0.290	0.510
ADORA2A	GRM2	9606.ENSP00000480012	9606.ENSP00000378492	0	0	0	0	0	0	0	0.527	0.527
ADORA2A	CXCR4	9606.ENSP00000480012	9606.ENSP00000386884	0	0	0	0	0.082	0	0	0.643	0.658
ADORA2A	FGFR1	9606.ENSP00000480012	9606.ENSP00000393312	0	0	0	0	0	0.046	0	0.717	0.718
ADORA2A	TNF	9606.ENSP00000480012	9606.ENSP00000398698	0	0	0	0	0.108	0	0	0.518	0.552
ADORA2A	ESR1	9606.ENSP00000480012	9606.ENSP00000405330	0	0	0	0	0	0	0	0.425	0.424
ADORA2A	IDO1	9606.ENSP00000480012	9606.ENSP00000430950	0	0	0	0	0.106	0	0	0.544	0.575
ADORA2A	NTRK1	9606.ENSP00000480012	9606.ENSP00000431418	0	0	0	0	0	0	0.700	0.545	0.857
ADORA2A	AKT1	9606.ENSP00000480012	9606.ENSP00000451828	0	0	0	0	0.088	0	0	0.399	0.428
ADORA2A	GRIN2B	9606.ENSP00000480012	9606.ENSP00000477455	0	0	0	0	0	0.054	0	0.406	0.414
ADORA2B	ALOX12	9606.ENSP00000304501	9606.ENSP00000251535	0	0	0	0	0.050	0	0	0.609	0.612
ADORA2B	MAP2K2	9606.ENSP00000304501	9606.ENSP00000262948	0	0	0	0	0	0	0	0.426	0.426
ADORA2B	GPBAR1	9606.ENSP00000304501	9606.ENSP00000430886	0	0	0	0.581	0.058	0	0.400	0	0.410
ADORA2B	MC1R	9606.ENSP00000304501	9606.ENSP00000451605	0	0	0	0.625	0	0	0.400	0.073	0.420
ADORA2B	PTK2	9606.ENSP00000304501	9606.ENSP00000341189	0	0	0	0	0	0	0	0.423	0.422
ADORA2B	DRD1	9606.ENSP00000304501	9606.ENSP00000377353	0	0	0	0.715	0.060	0.045	0.400	0.097	0.448
ADORA2B	AKT1	9606.ENSP00000304501	9606.ENSP00000451828	0	0	0	0	0.085	0	0	0.492	0.515
ADORA2B	SRC	9606.ENSP00000304501	9606.ENSP00000362680	0	0	0	0	0.047	0	0.500	0.110	0.539
AGTR1	MAPK1	9606.ENSP00000398832	9606.ENSP00000215832	0	0	0	0	0	0.292	0	0.228	0.430
AGTR1	BDKRB1	9606.ENSP00000398832	9606.ENSP00000216629	0	0	0	0.804	0	0	0.400	0.233	0.520
AGTR1	MMP2	9606.ENSP00000398832	9606.ENSP00000219070	0	0	0	0	0.086	0	0	0.402	0.430
AGTR1	PLAT	9606.ENSP00000398832	9606.ENSP00000220809	0	0	0	0	0.062	0.052	0	0.403	0.423
AGTR1	SERPINE1	9606.ENSP00000398832	9606.ENSP00000223095	0	0	0	0	0.061	0	0.900	0.544	0.953
AGTR1	GNRHR	9606.ENSP00000398832	9606.ENSP00000226413	0	0	0	0.581	0	0	0.400	0.127	0.453
AGTR1	NFKB1	9606.ENSP00000398832	9606.ENSP00000226574	0	0	0	0	0	0.052	0	0.398	0.404
AGTR1	KISS1R	9606.ENSP00000398832	9606.ENSP00000234371	0	0	0	0.653	0	0	0.400	0.079	0.423
AGTR1	CMA1	9606.ENSP00000398832	9606.ENSP00000250378	0	0	0	0	0.065	0.052	0	0.602	0.616
AGTR1	CHRM3	9606.ENSP00000398832	9606.ENSP00000255380	0	0	0	0.600	0	0	0.400	0.439	0.649
AGTR1	TRPA1	9606.ENSP00000398832	9606.ENSP00000262209	0	0	0	0	0.059	0.073	0	0.420	0.450
AGTR1	NOX4	9606.ENSP00000398832	9606.ENSP00000263317	0	0	0	0	0.050	0	0	0.571	0.575
AGTR1	KDR	9606.ENSP00000398832	9606.ENSP00000263923	0	0	0	0	0.124	0	0	0.548	0.587
AGTR1	ICAM1	9606.ENSP00000398832	9606.ENSP00000264832	0	0	0	0	0	0	0	0.435	0.435
AGTR1	ENPEP	9606.ENSP00000398832	9606.ENSP00000265162	0	0	0	0	0.073	0	0	0.484	0.502
AGTR1	REN	9606.ENSP00000398832	9606.ENSP00000272190	0	0	0	0	0	0	0	0.969	0.969
AGTR1	EGFR	9606.ENSP00000398832	9606.ENSP00000275493	0	0	0	0	0.072	0.048	0	0.669	0.682
AGTR1	HTR2C	9606.ENSP00000398832	9606.ENSP00000276198	0	0	0	0.596	0	0.052	0.400	0.079	0.430
AGTR1	APP	9606.ENSP00000398832	9606.ENSP00000284981	0	0	0	0	0	0	0.500	0.490	0.734
AGTR1	PPARG	9606.ENSP00000398832	9606.ENSP00000287820	0	0	0	0	0.049	0	0	0.580	0.583
AGTR1	CCR2	9606.ENSP00000398832	9606.ENSP00000292301	0	0	0	0.771	0	0	0	0.474	0.474
AGTR1	CYP11B1	9606.ENSP00000398832	9606.ENSP00000292427	0	0	0	0	0.042	0	0	0.417	0.417
AGTR1	VCAM1	9606.ENSP00000398832	9606.ENSP00000294728	0	0	0	0	0.074	0.098	0	0.474	0.522
AGTR1	ALB	9606.ENSP00000398832	9606.ENSP00000295897	0	0	0	0	0.044	0	0	0.664	0.665
AGTR1	NOS3	9606.ENSP00000398832	9606.ENSP00000297494	0	0	0	0	0	0	0	0.784	0.784
AGTR1	ANPEP	9606.ENSP00000398832	9606.ENSP00000300060	0	0	0	0	0.067	0	0	0.603	0.614
AGTR1	P2RY1	9606.ENSP00000398832	9606.ENSP00000304767	0	0	0	0.699	0	0.045	0.400	0.077	0.424
AGTR1	CHRM1	9606.ENSP00000398832	9606.ENSP00000306490	0	0	0	0.578	0	0	0.400	0.125	0.452
AGTR1	P2RY12	9606.ENSP00000398832	9606.ENSP00000307259	0	0	0	0.680	0.042	0	0	0.418	0.418
AGTR1	F2	9606.ENSP00000398832	9606.ENSP00000308541	0	0	0	0	0.054	0.052	0.900	0.223	0.920
AGTR1	EDNRA	9606.ENSP00000398832	9606.ENSP00000315011	0	0	0	0.595	0.129	0	0.400	0.271	0.586
AGTR1	HSD11B2	9606.ENSP00000398832	9606.ENSP00000316786	0	0	0	0	0	0	0	0.419	0.418
AGTR1	F2R	9606.ENSP00000398832	9606.ENSP00000321326	0	0	0	0.675	0	0	0.400	0.142	0.463
AGTR1	CYP11B2	9606.ENSP00000398832	9606.ENSP00000325822	0	0	0	0	0	0	0	0.871	0.871
AGTR1	NOS2	9606.ENSP00000398832	9606.ENSP00000327251	0	0	0	0	0	0	0	0.466	0.466
AGTR1	F3	9606.ENSP00000398832	9606.ENSP00000334145	0	0	0	0	0.042	0	0	0.417	0.417
AGTR1	NR3C2	9606.ENSP00000398832	9606.ENSP00000350815	0	0	0	0	0.062	0	0	0.657	0.664
AGTR1	DPP4	9606.ENSP00000398832	9606.ENSP00000353731	0	0	0	0	0.086	0	0	0.420	0.447
AGTR1	DRD2	9606.ENSP00000398832	9606.ENSP00000354859	0	0	0	0.583	0	0.068	0	0.547	0.559
AGTR1	PTGS2	9606.ENSP00000398832	9606.ENSP00000356438	0	0	0	0	0.042	0.292	0	0.422	0.574
AGTR1	CNR1	9606.ENSP00000398832	9606.ENSP00000358513	0	0	0	0	0.045	0.068	0	0.587	0.600
AGTR1	GRIN1	9606.ENSP00000398832	9606.ENSP00000360608	0	0	0	0	0	0.069	0	0.398	0.415
AGTR1	AGTR2	9606.ENSP00000398832	9606.ENSP00000360973	0	0	0	0.835	0.042	0	0.900	0.835	0.982
AGTR1	MMP9	9606.ENSP00000398832	9606.ENSP00000361405	0	0	0	0	0	0	0	0.447	0.447
AGTR1	NOX1	9606.ENSP00000398832	9606.ENSP00000362057	0	0	0	0	0	0	0	0.432	0.432
AGTR1	SRC	9606.ENSP00000398832	9606.ENSP00000362680	0	0	0	0	0	0	0	0.704	0.704
AGTR1	EDNRB	9606.ENSP00000398832	9606.ENSP00000366416	0	0	0	0.605	0.107	0	0.400	0.214	0.542
AGTR1	JAK2	9606.ENSP00000398832	9606.ENSP00000371067	0	0	0	0	0	0.306	0	0.612	0.719
AGTR1	CHRM5	9606.ENSP00000398832	9606.ENSP00000372750	0	0	0	0.585	0.043	0	0.400	0.122	0.452
AGTR1	DRD3	9606.ENSP00000398832	9606.ENSP00000373169	0	0	0	0.569	0	0.068	0	0.459	0.474
AGTR1	PRCP	9606.ENSP00000398832	9606.ENSP00000377055	0	0	0	0	0	0	0	0.434	0.434
AGTR1	MAPK8	9606.ENSP00000398832	9606.ENSP00000378974	0	0	0	0	0	0.045	0	0.499	0.501
AGTR1	TNF	9606.ENSP00000398832	9606.ENSP00000398698	0	0	0	0	0	0	0	0.578	0.578
AGTR1	NOS1	9606.ENSP00000398832	9606.ENSP00000477999	0	0	0	0	0	0	0	0.405	0.405
AGTR1	PREP	9606.ENSP00000398832	9606.ENSP00000499089	0	0	0	0	0	0	0	0.407	0.407
AGTR1	FPR2	9606.ENSP00000398832	9606.ENSP00000468897	0	0	0	0.761	0.042	0	0.400	0.061	0.413
AGTR1	FURIN	9606.ENSP00000398832	9606.ENSP00000483552	0	0	0	0	0	0	0	0.433	0.433
AGTR1	HTR2A	9606.ENSP00000398832	9606.ENSP00000437737	0	0	0	0.581	0	0	0.400	0.116	0.446
AGTR1	PTPN11	9606.ENSP00000398832	9606.ENSP00000489597	0	0	0	0	0	0	0	0.503	0.503
AGTR1	CHRM2	9606.ENSP00000398832	9606.ENSP00000399745	0	0	0	0.583	0.042	0	0.400	0.227	0.517
AGTR1	BTK	9606.ENSP00000398832	9606.ENSP00000483570	0	0	0	0	0	0	0.500	0.103	0.532
AGTR1	MME	9606.ENSP00000398832	9606.ENSP00000418525	0	0	0	0	0.047	0	0	0.563	0.566
AGTR1	AKT1	9606.ENSP00000398832	9606.ENSP00000451828	0	0	0	0	0	0	0	0.670	0.670
AGTR1	BDKRB2	9606.ENSP00000398832	9606.ENSP00000450482	0	0	0	0.762	0.067	0.287	0.400	0.945	0.975
AGTR2	DRD4	9606.ENSP00000360973	9606.ENSP00000176183	0	0	0	0	0.080	0	0.500	0.087	0.543
AGTR2	MAPK1	9606.ENSP00000360973	9606.ENSP00000215832	0	0	0	0	0	0	0	0.449	0.449
AGTR2	CTSG	9606.ENSP00000360973	9606.ENSP00000216336	0	0	0	0	0	0.052	0	0.441	0.448
AGTR2	BDKRB1	9606.ENSP00000360973	9606.ENSP00000216629	0	0	0	0.780	0	0	0.500	0.119	0.540
AGTR2	KISS1R	9606.ENSP00000360973	9606.ENSP00000234371	0	0	0	0.670	0	0	0.500	0.047	0.503
AGTR2	CMA1	9606.ENSP00000360973	9606.ENSP00000250378	0	0	0	0	0.047	0.052	0	0.460	0.469
AGTR2	ENPEP	9606.ENSP00000360973	9606.ENSP00000265162	0	0	0	0	0.056	0	0	0.478	0.487
AGTR2	REN	9606.ENSP00000360973	9606.ENSP00000272190	0	0	0	0	0.057	0	0	0.934	0.935
AGTR2	APP	9606.ENSP00000360973	9606.ENSP00000284981	0	0	0	0	0	0	0.500	0.145	0.554
AGTR2	CCR2	9606.ENSP00000360973	9606.ENSP00000292301	0	0	0	0.758	0	0	0.500	0.264	0.616
AGTR2	CCR5	9606.ENSP00000360973	9606.ENSP00000292303	0	0	0	0.751	0	0	0.500	0.111	0.536
AGTR2	CXCR1	9606.ENSP00000360973	9606.ENSP00000295683	0	0	0	0.737	0.108	0	0.500	0.048	0.538
AGTR2	ALB	9606.ENSP00000360973	9606.ENSP00000295897	0	0	0	0	0.042	0	0	0.537	0.537
AGTR2	CCR1	9606.ENSP00000360973	9606.ENSP00000296140	0	0	0	0.794	0	0	0.500	0.061	0.510
AGTR2	ANPEP	9606.ENSP00000360973	9606.ENSP00000300060	0	0	0	0	0.055	0	0	0.497	0.504
AGTR2	INSR	9606.ENSP00000360973	9606.ENSP00000303830	0	0	0	0	0.042	0	0	0.410	0.410
AGTR2	P2RY12	9606.ENSP00000360973	9606.ENSP00000307259	0	0	0	0.622	0	0	0.500	0.077	0.518
AGTR2	F2	9606.ENSP00000360973	9606.ENSP00000308541	0	0	0	0	0.056	0.052	0.500	0.219	0.604
AGTR2	EDNRA	9606.ENSP00000360973	9606.ENSP00000315011	0	0	0	0.579	0.043	0	0.500	0.356	0.665
AGTR2	CXCR2	9606.ENSP00000360973	9606.ENSP00000319635	0	0	0	0.755	0.113	0	0.500	0.268	0.647
AGTR2	F2R	9606.ENSP00000360973	9606.ENSP00000321326	0	0	0	0.667	0	0	0.500	0.093	0.527
AGTR2	CYP11B2	9606.ENSP00000360973	9606.ENSP00000325822	0	0	0	0	0.056	0	0	0.427	0.436
AGTR2	CCR8	9606.ENSP00000360973	9606.ENSP00000326432	0	0	0	0.766	0	0	0.500	0.045	0.502
AGTR2	NR3C2	9606.ENSP00000360973	9606.ENSP00000350815	0	0	0	0	0	0	0	0.536	0.536
AGTR2	DPP4	9606.ENSP00000360973	9606.ENSP00000353731	0	0	0	0	0	0	0	0.574	0.574
AGTR2	CNR1	9606.ENSP00000360973	9606.ENSP00000358513	0	0	0	0	0.064	0	0.500	0.171	0.578
AGTR2	HTR1B	9606.ENSP00000360973	9606.ENSP00000358963	0	0	0	0.588	0.055	0	0.500	0.081	0.527
AGTR2	FURIN	9606.ENSP00000360973	9606.ENSP00000483552	0	0	0	0	0	0	0	0.404	0.404
AGTR2	TNF	9606.ENSP00000360973	9606.ENSP00000398698	0	0	0	0	0	0	0	0.404	0.404
AGTR2	GSTP1	9606.ENSP00000360973	9606.ENSP00000381607	0	0	0	0	0	0.047	0	0.410	0.413
AGTR2	CCR3	9606.ENSP00000360973	9606.ENSP00000441600	0	0	0	0.765	0.043	0	0.500	0.050	0.506
AGTR2	FPR2	9606.ENSP00000360973	9606.ENSP00000468897	0	0	0	0.683	0.048	0	0.500	0.049	0.507
AGTR2	FPR1	9606.ENSP00000360973	9606.ENSP00000471493	0	0	0	0.669	0.042	0	0.500	0.069	0.515
AGTR2	GRM6	9606.ENSP00000360973	9606.ENSP00000497110	0	0	0	0	0.067	0	0.500	0.047	0.517
AGTR2	CXCR3	9606.ENSP00000360973	9606.ENSP00000362795	0	0	0	0.766	0.049	0	0.500	0.070	0.519
AGTR2	GRM4	9606.ENSP00000360973	9606.ENSP00000440556	0	0	0	0	0.067	0	0.500	0.064	0.525
AGTR2	CXCR4	9606.ENSP00000360973	9606.ENSP00000386884	0	0	0	0.712	0	0	0.500	0.104	0.532
AGTR2	GRM2	9606.ENSP00000360973	9606.ENSP00000378492	0	0	0	0	0.109	0	0.500	0.047	0.538
AGTR2	CHRM2	9606.ENSP00000360973	9606.ENSP00000399745	0	0	0	0	0.048	0	0.500	0.137	0.553
AGTR2	CNR2	9606.ENSP00000360973	9606.ENSP00000363596	0	0	0	0	0.047	0	0.500	0.139	0.554
AGTR2	SRC	9606.ENSP00000360973	9606.ENSP00000362680	0	0	0	0	0	0	0.500	0.199	0.582
AGTR2	DRD3	9606.ENSP00000360973	9606.ENSP00000373169	0	0	0	0	0.085	0	0.500	0.167	0.586
AGTR2	HTR1D	9606.ENSP00000360973	9606.ENSP00000363748	0	0	0	0.588	0.067	0	0.500	0.308	0.649
AGTR2	EDNRB	9606.ENSP00000360973	9606.ENSP00000366416	0	0	0	0.608	0.050	0	0.500	0.373	0.676
AGTR2	BDKRB2	9606.ENSP00000360973	9606.ENSP00000450482	0	0	0	0.795	0	0	0.500	0.486	0.732
AHR	AR	9606.ENSP00000242057	9606.ENSP00000363822	0	0	0	0	0.059	0.294	0	0.228	0.443
AHR	NR1I2	9606.ENSP00000242057	9606.ENSP00000336528	0	0	0	0	0.059	0.045	0	0.476	0.488
AHR	ESR2	9606.ENSP00000242057	9606.ENSP00000343925	0	0	0	0	0.059	0.045	0	0.496	0.507
AHR	RELA	9606.ENSP00000242057	9606.ENSP00000384273	0	0	0	0	0	0.510	0	0.080	0.530
AHR	EP300	9606.ENSP00000242057	9606.ENSP00000263253	0	0	0	0	0.049	0.591	0	0.147	0.639
AHR	CYP1A2	9606.ENSP00000242057	9606.ENSP00000342007	0	0	0	0	0.055	0	0	0.864	0.866
AHR	ESR1	9606.ENSP00000242057	9606.ENSP00000405330	0	0	0	0	0.059	0.833	0	0.450	0.906
AHR	HSP90AA1	9606.ENSP00000242057	9606.ENSP00000335153	0	0	0	0	0	0.869	0.800	0.717	0.992
AHR	HSP90AB1	9606.ENSP00000242057	9606.ENSP00000360609	0	0	0	0	0	0.927	0.800	0.736	0.995
AKR1B1	GCK	9606.ENSP00000285930	9606.ENSP00000223366	0	0.021	0	0	0.095	0	0.800	0.569	0.915
AKR1B1	NFKB1	9606.ENSP00000285930	9606.ENSP00000226574	0	0	0	0	0.095	0.049	0	0.589	0.615
AKR1B1	MGLL	9606.ENSP00000285930	9606.ENSP00000265052	0	0	0	0	0.069	0	0.900	0.132	0.912
AKR1B1	ENPEP	9606.ENSP00000285930	9606.ENSP00000265162	0	0	0	0	0.086	0	0.130	0.400	0.481
AKR1B1	REN	9606.ENSP00000285930	9606.ENSP00000272190	0	0	0	0	0	0	0	0.580	0.580
AKR1B1	GSK3B	9606.ENSP00000285930	9606.ENSP00000324806	0	0	0	0	0.044	0.162	0	0.311	0.400
AKR1B1	TNF	9606.ENSP00000285930	9606.ENSP00000398698	0	0	0	0	0	0	0	0.400	0.400
AKR1B1	PRKCD	9606.ENSP00000285930	9606.ENSP00000331602	0	0	0	0	0.042	0.046	0	0.397	0.400
AKR1B1	PPARA	9606.ENSP00000285930	9606.ENSP00000385523	0	0	0	0	0.055	0	0	0.399	0.407
AKR1B1	XDH	9606.ENSP00000285930	9606.ENSP00000368727	0	0	0	0	0	0	0	0.419	0.419
AKR1B1	MME	9606.ENSP00000285930	9606.ENSP00000418525	0	0	0	0	0.059	0	0	0.412	0.423
AKR1B1	AKT1	9606.ENSP00000285930	9606.ENSP00000451828	0	0	0	0	0.042	0	0	0.424	0.424
AKR1B1	DPP4	9606.ENSP00000285930	9606.ENSP00000353731	0	0	0	0	0.068	0	0	0.419	0.436
AKR1B1	PTGS2	9606.ENSP00000285930	9606.ENSP00000356438	0	0	0	0	0	0	0	0.438	0.438
AKR1B1	NOS3	9606.ENSP00000285930	9606.ENSP00000297494	0	0	0	0	0	0	0	0.459	0.459
AKR1B1	MAOB	9606.ENSP00000285930	9606.ENSP00000367309	0	0	0	0	0.057	0	0.104	0.430	0.477
AKR1B1	GSTP1	9606.ENSP00000285930	9606.ENSP00000381607	0	0	0	0	0.147	0.091	0	0.392	0.488
AKR1B1	MAOA	9606.ENSP00000285930	9606.ENSP00000340684	0	0	0	0	0.057	0	0.104	0.446	0.491
AKR1B1	ALB	9606.ENSP00000285930	9606.ENSP00000295897	0	0	0	0	0.068	0	0	0.488	0.503
AKR1B1	PTPN1	9606.ENSP00000285930	9606.ENSP00000360683	0	0	0	0	0.044	0	0	0.521	0.522
AKR1B1	PPARG	9606.ENSP00000285930	9606.ENSP00000287820	0	0	0	0	0.057	0	0	0.566	0.573
AKR1B1	AKR1C3	9606.ENSP00000285930	9606.ENSP00000369927	0	0	0.071	0.938	0.080	0	0.900	0.088	0.911
AKR1B1	DHFR	9606.ENSP00000285930	9606.ENSP00000396308	0.041	0	0	0	0.105	0	0.900	0.733	0.974
AKR1C1	HSD17B2	9606.ENSP00000370254	9606.ENSP00000199936	0	0	0	0	0.100	0	0	0.483	0.515
AKR1C1	HSD17B1	9606.ENSP00000370254	9606.ENSP00000225929	0	0	0	0	0.104	0.045	0.098	0.483	0.548
AKR1C1	SRD5A1	9606.ENSP00000370254	9606.ENSP00000274192	0	0	0	0	0.071	0	0.900	0.759	0.975
AKR1C1	CYP11B1	9606.ENSP00000370254	9606.ENSP00000292427	0	0	0	0	0.052	0	0.900	0.208	0.918
AKR1C1	CYP11B2	9606.ENSP00000370254	9606.ENSP00000325822	0	0	0	0	0.052	0	0.900	0.143	0.911
AKR1C1	HSD11B1	9606.ENSP00000370254	9606.ENSP00000355995	0	0	0	0	0.129	0.045	0.098	0.345	0.443
AKR1C1	CYP17A1	9606.ENSP00000370254	9606.ENSP00000358903	0	0	0	0	0.052	0.045	0.900	0.569	0.955
AKR1C1	HSD17B3	9606.ENSP00000370254	9606.ENSP00000364412	0	0	0	0	0.111	0	0	0.663	0.687
AKR1C1	AKR1C3	9606.ENSP00000370254	9606.ENSP00000369927	0	0	0.049	0.983	0.626	0.847	0.900	0.301	0.995
AKR1C1	AKR1C2	9606.ENSP00000370254	9606.ENSP00000370129	0	0	0.047	0.986	0.829	0.835	0.900	0.442	0.998
AKR1C1	CYP2D6	9606.ENSP00000370254	9606.ENSP00000496150	0	0	0	0	0.060	0.045	0.900	0.136	0.912
AKR1C1	CYP3A4	9606.ENSP00000370254	9606.ENSP00000498939	0	0	0	0	0.063	0	0.900	0.274	0.926
AKR1C1	SRD5A2	9606.ENSP00000370254	9606.ENSP00000477587	0	0	0	0	0.071	0	0.900	0.500	0.949
AKR1C2	HSD17B2	9606.ENSP00000370129	9606.ENSP00000199936	0	0	0	0	0.107	0	0	0.481	0.517
AKR1C2	HSD17B1	9606.ENSP00000370129	9606.ENSP00000225929	0	0	0	0	0.104	0.045	0.098	0.496	0.559
AKR1C2	SRD5A1	9606.ENSP00000370129	9606.ENSP00000274192	0	0	0	0	0.071	0	0.900	0.779	0.977
AKR1C2	HSD11B1	9606.ENSP00000370129	9606.ENSP00000355995	0	0	0	0	0.118	0.045	0.098	0.389	0.474
AKR1C2	CYP17A1	9606.ENSP00000370129	9606.ENSP00000358903	0	0	0	0	0.052	0.045	0	0.663	0.668
AKR1C2	AR	9606.ENSP00000370129	9606.ENSP00000363822	0	0	0	0	0.058	0	0	0.418	0.428
AKR1C2	HSD17B3	9606.ENSP00000370129	9606.ENSP00000364412	0	0	0	0	0.103	0	0	0.741	0.758
AKR1C2	AKR1C3	9606.ENSP00000370129	9606.ENSP00000369927	0	0	0.049	0.983	0.767	0.838	0.900	0.367	0.997
AKR1C2	DHFR	9606.ENSP00000370129	9606.ENSP00000396308	0.041	0	0	0	0.103	0	0	0.556	0.585
AKR1C2	SRD5A2	9606.ENSP00000370129	9606.ENSP00000477587	0	0	0	0	0.071	0	0.900	0.646	0.964
AKR1C3	HSD17B2	9606.ENSP00000369927	9606.ENSP00000199936	0	0	0	0	0.107	0	0.900	0.816	0.982
AKR1C3	STS	9606.ENSP00000369927	9606.ENSP00000217961	0	0	0	0	0.069	0	0.900	0.530	0.952
AKR1C3	HSD17B1	9606.ENSP00000369927	9606.ENSP00000225929	0	0	0	0	0.104	0.045	0.905	0.728	0.975
AKR1C3	SRD5A1	9606.ENSP00000369927	9606.ENSP00000274192	0	0	0	0	0.071	0	0.900	0.863	0.986
AKR1C3	CYP11B1	9606.ENSP00000369927	9606.ENSP00000292427	0	0	0	0	0.052	0	0.900	0.488	0.947
AKR1C3	ALB	9606.ENSP00000369927	9606.ENSP00000295897	0	0	0	0	0.107	0	0	0.539	0.571
AKR1C3	HSD11B2	9606.ENSP00000369927	9606.ENSP00000316786	0	0	0	0	0.086	0	0	0.446	0.472
AKR1C3	CYP11B2	9606.ENSP00000369927	9606.ENSP00000325822	0	0	0	0	0.052	0	0.900	0.380	0.936
AKR1C3	CYP1A2	9606.ENSP00000369927	9606.ENSP00000342007	0	0	0	0	0.097	0.045	0.900	0.224	0.924
AKR1C3	PTGES	9606.ENSP00000369927	9606.ENSP00000342385	0	0	0	0	0.064	0	0	0.704	0.711
AKR1C3	PTGS1	9606.ENSP00000369927	9606.ENSP00000354612	0	0	0	0	0.059	0	0	0.432	0.442
AKR1C3	HSD11B1	9606.ENSP00000369927	9606.ENSP00000355995	0	0	0	0	0.111	0.045	0.098	0.438	0.512
AKR1C3	PTGS2	9606.ENSP00000369927	9606.ENSP00000356438	0	0	0	0	0.047	0	0	0.513	0.516
AKR1C3	CYP17A1	9606.ENSP00000369927	9606.ENSP00000358903	0	0	0	0	0.052	0.045	0.900	0.804	0.979
AKR1C3	AR	9606.ENSP00000369927	9606.ENSP00000363822	0	0	0	0	0.052	0	0	0.623	0.627
AKR1C3	HSD17B3	9606.ENSP00000369927	9606.ENSP00000364412	0	0	0	0	0.102	0	0.900	0.857	0.986
AKR1C3	ESR1	9606.ENSP00000369927	9606.ENSP00000405330	0	0	0	0	0.052	0	0	0.418	0.424
AKR1C3	CYP3A4	9606.ENSP00000369927	9606.ENSP00000498939	0	0	0	0	0.063	0	0.900	0.363	0.935
AKR1C3	CYP19A1	9606.ENSP00000369927	9606.ENSP00000379683	0	0	0	0	0.052	0	0.900	0.577	0.956
AKR1C3	SRD5A2	9606.ENSP00000369927	9606.ENSP00000477587	0	0	0	0	0.071	0	0.900	0.701	0.969
AKT1	SIRT1	9606.ENSP00000451828	9606.ENSP00000212015	0	0	0	0	0.049	0.294	0	0.827	0.873
AKT1	MIF	9606.ENSP00000451828	9606.ENSP00000215754	0	0	0	0	0.048	0.042	0	0.476	0.480
AKT1	MAPK1	9606.ENSP00000451828	9606.ENSP00000215832	0	0	0	0.593	0.118	0.110	0.900	0.872	0.988
AKT1	AURKA	9606.ENSP00000451828	9606.ENSP00000216911	0	0	0	0.716	0	0.240	0	0.526	0.624
AKT1	CSNK2A1	9606.ENSP00000451828	9606.ENSP00000217244	0	0	0	0.583	0.049	0.307	0	0.488	0.633
AKT1	MMP2	9606.ENSP00000451828	9606.ENSP00000219070	0	0	0	0	0.055	0	0	0.844	0.846
AKT1	PLAT	9606.ENSP00000451828	9606.ENSP00000220809	0	0	0	0	0.055	0.096	0	0.489	0.525
AKT1	GSK3A	9606.ENSP00000451828	9606.ENSP00000222330	0	0	0	0.580	0.103	0.895	0.900	0.384	0.993
AKT1	SERPINE1	9606.ENSP00000451828	9606.ENSP00000223095	0	0	0	0	0	0	0	0.608	0.608
AKT1	GCK	9606.ENSP00000451828	9606.ENSP00000223366	0	0	0	0	0.044	0.045	0	0.512	0.516
AKT1	MPO	9606.ENSP00000451828	9606.ENSP00000225275	0	0	0	0	0.057	0	0	0.538	0.546
AKT1	RPS6KB1	9606.ENSP00000451828	9606.ENSP00000225577	0	0	0.068	0.850	0.090	0.772	0.900	0.211	0.982
AKT1	NFKB1	9606.ENSP00000451828	9606.ENSP00000226574	0	0	0	0	0.087	0.095	0	0.885	0.896
AKT1	MAPK14	9606.ENSP00000451828	9606.ENSP00000229795	0	0	0.119	0.621	0.246	0.739	0.900	0.535	0.990
AKT1	NR3C1	9606.ENSP00000451828	9606.ENSP00000231509	0	0	0	0	0.090	0.314	0	0.692	0.791
AKT1	CTSD	9606.ENSP00000451828	9606.ENSP00000236671	0	0	0	0	0.072	0.060	0	0.454	0.482
AKT1	FLT3	9606.ENSP00000451828	9606.ENSP00000241453	0	0	0	0	0.056	0.074	0	0.664	0.680
AKT1	LIPE	9606.ENSP00000451828	9606.ENSP00000244289	0	0	0	0	0.057	0	0	0.527	0.535
AKT1	CDC25B	9606.ENSP00000451828	9606.ENSP00000245960	0	0	0	0	0.062	0.088	0	0.375	0.418
AKT1	SMO	9606.ENSP00000451828	9606.ENSP00000249373	0	0	0	0	0	0.071	0	0.584	0.597
AKT1	SIRT2	9606.ENSP00000451828	9606.ENSP00000249396	0	0	0	0	0.056	0.292	0	0.688	0.773
AKT1	RARA	9606.ENSP00000451828	9606.ENSP00000254066	0	0	0	0	0.134	0.525	0	0.475	0.765
AKT1	LGALS3	9606.ENSP00000451828	9606.ENSP00000254301	0	0	0	0	0.086	0	0	0.682	0.697
AKT1	CCNA1	9606.ENSP00000451828	9606.ENSP00000255465	0	0	0	0	0.051	0.046	0	0.666	0.671
AKT1	PDGFRA	9606.ENSP00000451828	9606.ENSP00000257290	0	0	0	0.560	0.056	0.205	0	0.370	0.486
AKT1	CDK4	9606.ENSP00000451828	9606.ENSP00000257904	0	0	0.112	0.601	0.068	0.231	0	0.572	0.691
AKT1	MDM2	9606.ENSP00000451828	9606.ENSP00000258149	0	0	0	0	0	0.891	0.900	0.980	0.999
AKT1	MMP7	9606.ENSP00000451828	9606.ENSP00000260227	0	0	0	0	0.069	0	0	0.585	0.597
AKT1	MMP13	9606.ENSP00000451828	9606.ENSP00000260302	0	0	0	0	0.055	0	0	0.571	0.578
AKT1	ITGAV	9606.ENSP00000451828	9606.ENSP00000261023	0	0	0	0	0.067	0.058	0	0.447	0.472
AKT1	PDGFRB	9606.ENSP00000451828	9606.ENSP00000261799	0	0	0	0.559	0.074	0.074	0	0.410	0.450
AKT1	ITGA2B	9606.ENSP00000451828	9606.ENSP00000262407	0	0	0	0	0.060	0.058	0.400	0.373	0.622
AKT1	ATP4A	9606.ENSP00000451828	9606.ENSP00000262623	0	0	0	0	0	0.071	0	0.599	0.611
AKT1	MAP2K2	9606.ENSP00000451828	9606.ENSP00000262948	0	0	0	0.630	0.157	0.161	0	0.471	0.593
AKT1	MAP3K8	9606.ENSP00000451828	9606.ENSP00000263056	0	0	0	0.565	0.102	0.300	0.900	0.197	0.942
AKT1	PRKCQ	9606.ENSP00000451828	9606.ENSP00000263125	0	0	0.066	0.844	0.055	0.325	0	0.317	0.539
AKT1	EP300	9606.ENSP00000451828	9606.ENSP00000263253	0	0	0	0	0.066	0.821	0	0.749	0.954
AKT1	NOX4	9606.ENSP00000451828	9606.ENSP00000263317	0	0	0	0	0.057	0.063	0	0.673	0.686
AKT1	TYR	9606.ENSP00000451828	9606.ENSP00000263321	0	0	0	0	0	0.098	0	0.433	0.466
AKT1	KAT2B	9606.ENSP00000451828	9606.ENSP00000263754	0	0	0	0	0.049	0.300	0	0.430	0.587
AKT1	KDR	9606.ENSP00000451828	9606.ENSP00000263923	0	0	0	0.560	0.056	0.074	0	0.701	0.715
AKT1	PIK3CA	9606.ENSP00000451828	9606.ENSP00000263967	0	0	0	0	0.060	0.738	0.900	0.951	0.998
AKT1	SLC9A1	9606.ENSP00000451828	9606.ENSP00000263980	0	0	0	0	0.106	0.292	0	0.635	0.749
AKT1	HDAC4	9606.ENSP00000451828	9606.ENSP00000264606	0	0	0	0	0.074	0.068	0	0.501	0.531
AKT1	ICAM1	9606.ENSP00000451828	9606.ENSP00000264832	0	0	0	0	0.074	0	0	0.693	0.704
AKT1	ZAP70	9606.ENSP00000451828	9606.ENSP00000264972	0	0	0	0.569	0.062	0	0	0.527	0.537
AKT1	CASP6	9606.ENSP00000451828	9606.ENSP00000265164	0	0	0	0	0.056	0.067	0	0.449	0.472
AKT1	CDK2	9606.ENSP00000451828	9606.ENSP00000266970	0	0	0	0.651	0.060	0.098	0	0.542	0.577
AKT1	BCL2A1	9606.ENSP00000451828	9606.ENSP00000267953	0	0	0	0	0	0.056	0	0.491	0.499
AKT1	ERBB2	9606.ENSP00000451828	9606.ENSP00000269571	0	0	0	0.561	0.060	0.222	0	0.436	0.552
AKT1	SLC6A3	9606.ENSP00000451828	9606.ENSP00000270349	0	0	0	0	0.042	0	0	0.406	0.407
AKT1	CTSK	9606.ENSP00000451828	9606.ENSP00000271651	0	0	0	0	0.086	0	0	0.512	0.535
AKT1	REN	9606.ENSP00000451828	9606.ENSP00000272190	0	0	0	0	0	0.060	0	0.587	0.595
AKT1	EGFR	9606.ENSP00000451828	9606.ENSP00000275493	0	0	0	0.559	0.042	0.640	0	0.445	0.792
AKT1	SIGMAR1	9606.ENSP00000451828	9606.ENSP00000277010	0	0	0	0	0.056	0.045	0	0.619	0.626
AKT1	FLT1	9606.ENSP00000451828	9606.ENSP00000282397	0	0	0	0.564	0.056	0.074	0	0.590	0.610
AKT1	APP	9606.ENSP00000451828	9606.ENSP00000284981	0	0	0	0	0.092	0	0	0.647	0.665
AKT1	CSF1R	9606.ENSP00000451828	9606.ENSP00000286301	0	0	0	0	0.076	0.074	0	0.575	0.604
AKT1	PPARG	9606.ENSP00000451828	9606.ENSP00000287820	0	0	0	0	0.084	0.071	0	0.773	0.790
AKT1	HMGCR	9606.ENSP00000451828	9606.ENSP00000287936	0	0	0	0	0.043	0.049	0	0.639	0.643
AKT1	CCR2	9606.ENSP00000451828	9606.ENSP00000292301	0	0	0	0	0.055	0	0	0.507	0.514
AKT1	CCR5	9606.ENSP00000451828	9606.ENSP00000292303	0	0	0	0	0.055	0	0	0.473	0.480
AKT1	VCAM1	9606.ENSP00000451828	9606.ENSP00000294728	0	0	0	0	0	0.102	0	0.656	0.678
AKT1	CXCR1	9606.ENSP00000451828	9606.ENSP00000295683	0	0	0	0	0.086	0	0	0.447	0.472
AKT1	ALB	9606.ENSP00000451828	9606.ENSP00000295897	0	0	0	0	0	0	0	0.795	0.795
AKT1	NOS3	9606.ENSP00000451828	9606.ENSP00000297494	0	0	0	0	0	0.786	0.900	0.909	0.997
AKT1	MMP3	9606.ENSP00000451828	9606.ENSP00000299855	0	0	0	0	0.055	0	0	0.582	0.588
AKT1	PLIN1	9606.ENSP00000451828	9606.ENSP00000300055	0	0	0	0	0.055	0.095	0	0.447	0.485
AKT1	ANPEP	9606.ENSP00000451828	9606.ENSP00000300060	0	0	0	0	0.042	0	0	0.608	0.608
AKT1	AXL	9606.ENSP00000451828	9606.ENSP00000301178	0	0	0	0.568	0	0	0	0.576	0.576
AKT1	MAP2K1	9606.ENSP00000451828	9606.ENSP00000302486	0	0	0.100	0.632	0.060	0.161	0	0.366	0.490
AKT1	HDAC3	9606.ENSP00000451828	9606.ENSP00000302967	0	0	0	0	0.067	0.523	0	0.609	0.811
AKT1	INSR	9606.ENSP00000451828	9606.ENSP00000303830	0	0	0	0.564	0.055	0.095	0	0.418	0.459
AKT1	FASN	9606.ENSP00000451828	9606.ENSP00000304592	0	0	0	0	0.083	0.165	0	0.637	0.697
AKT1	P2RY12	9606.ENSP00000451828	9606.ENSP00000307259	0	0	0	0	0	0	0	0.418	0.418
AKT1	PLG	9606.ENSP00000451828	9606.ENSP00000308938	0	0	0	0	0	0.096	0	0.529	0.556
AKT1	TERT	9606.ENSP00000451828	9606.ENSP00000309572	0	0	0	0	0.050	0.612	0	0.758	0.903
AKT1	PPARD	9606.ENSP00000451828	9606.ENSP00000310928	0	0	0	0	0.080	0.071	0	0.572	0.603
AKT1	CASP3	9606.ENSP00000451828	9606.ENSP00000311032	0	0	0	0	0.044	0.311	0	0.923	0.945
AKT1	PTPN2	9606.ENSP00000451828	9606.ENSP00000311857	0	0	0	0	0.067	0.097	0	0.394	0.446
AKT1	CAMKK2	9606.ENSP00000451828	9606.ENSP00000312741	0	0	0	0.643	0.141	0.076	0	0.524	0.589
AKT1	HNF4A	9606.ENSP00000451828	9606.ENSP00000312987	0	0	0	0	0	0.045	0	0.661	0.662
AKT1	PRKDC	9606.ENSP00000451828	9606.ENSP00000313420	0	0	0	0	0.068	0.633	0	0.703	0.889
AKT1	TYMS	9606.ENSP00000451828	9606.ENSP00000315644	0	0	0	0	0.042	0	0	0.434	0.435
AKT1	MET	9606.ENSP00000451828	9606.ENSP00000317272	0	0	0	0.570	0	0.071	0	0.389	0.408
AKT1	BACE1	9606.ENSP00000451828	9606.ENSP00000318585	0	0	0	0	0	0.060	0	0.514	0.524
AKT1	CXCR2	9606.ENSP00000451828	9606.ENSP00000319635	0	0	0	0	0.086	0	0	0.541	0.562
AKT1	F2R	9606.ENSP00000451828	9606.ENSP00000321326	0	0	0	0	0	0.084	0	0.446	0.470
AKT1	IMPDH2	9606.ENSP00000451828	9606.ENSP00000321584	0	0	0	0	0.049	0.294	0	0.558	0.678
AKT1	CDC25C	9606.ENSP00000451828	9606.ENSP00000321656	0	0	0	0	0	0.088	0	0.529	0.552
AKT1	MMP1	9606.ENSP00000451828	9606.ENSP00000322788	0	0	0	0	0.055	0	0	0.571	0.578
AKT1	GSK3B	9606.ENSP00000451828	9606.ENSP00000324806	0	0	0	0.579	0.138	0.929	0.900	0.428	0.996
AKT1	PGR	9606.ENSP00000451828	9606.ENSP00000325120	0	0	0	0	0.067	0.071	0	0.664	0.683
AKT1	PSEN1	9606.ENSP00000451828	9606.ENSP00000326366	0	0	0	0	0.060	0.049	0	0.508	0.521
AKT1	NOS2	9606.ENSP00000451828	9606.ENSP00000327251	0	0	0	0	0	0.045	0.900	0.775	0.976
AKT1	SLC5A2	9606.ENSP00000451828	9606.ENSP00000327943	0	0	0	0	0.056	0	0	0.392	0.402
AKT1	TBK1	9606.ENSP00000451828	9606.ENSP00000329967	0	0	0	0.573	0.074	0.624	0	0.666	0.873
AKT1	CASP9	9606.ENSP00000451828	9606.ENSP00000330237	0	0	0	0	0.085	0.067	0.900	0.887	0.989
AKT1	SELE	9606.ENSP00000451828	9606.ENSP00000331736	0	0	0	0	0.060	0.045	0	0.526	0.538
AKT1	EPHB3	9606.ENSP00000451828	9606.ENSP00000332118	0	0	0	0.566	0.042	0	0	0.499	0.499
AKT1	MAPK11	9606.ENSP00000451828	9606.ENSP00000333685	0	0	0.125	0.596	0.087	0.110	0.900	0.286	0.940
AKT1	F3	9606.ENSP00000451828	9606.ENSP00000334145	0	0	0	0	0	0	0	0.449	0.449
AKT1	HSP90AA1	9606.ENSP00000451828	9606.ENSP00000335153	0	0	0	0	0.049	0.883	0.900	0.996	0.999
AKT1	NR1I2	9606.ENSP00000451828	9606.ENSP00000336528	0	0	0	0	0.055	0.071	0	0.437	0.463
AKT1	MAOA	9606.ENSP00000451828	9606.ENSP00000340684	0	0	0	0	0	0.047	0	0.417	0.420
AKT1	PTK2	9606.ENSP00000451828	9606.ENSP00000341189	0	0	0	0.572	0.044	0.268	0	0.841	0.879
AKT1	ESR2	9606.ENSP00000451828	9606.ENSP00000343925	0	0	0	0	0.055	0.071	0	0.669	0.684
AKT1	PDPK1	9606.ENSP00000451828	9606.ENSP00000344220	0	0	0.082	0.744	0.095	0.918	0.900	0.926	0.999
AKT1	CTSL	9606.ENSP00000451828	9606.ENSP00000345344	0	0	0	0	0.078	0	0	0.404	0.427
AKT1	HMGB1	9606.ENSP00000451828	9606.ENSP00000345347	0	0	0	0	0.055	0.071	0	0.578	0.598
AKT1	CTSB	9606.ENSP00000451828	9606.ENSP00000345672	0	0	0	0	0.056	0	0	0.491	0.500
AKT1	FYN	9606.ENSP00000451828	9606.ENSP00000346671	0	0	0.161	0.566	0.078	0.129	0.500	0.584	0.834
AKT1	PDE5A	9606.ENSP00000451828	9606.ENSP00000347046	0	0	0	0	0	0.070	0	0.409	0.427
AKT1	RET	9606.ENSP00000451828	9606.ENSP00000347942	0	0	0	0.580	0.056	0.074	0	0.384	0.415
AKT1	NR3C2	9606.ENSP00000451828	9606.ENSP00000350815	0	0	0	0	0.055	0.071	0	0.374	0.403
AKT1	CASP8	9606.ENSP00000451828	9606.ENSP00000351273	0	0	0	0	0.059	0.067	0	0.780	0.790
AKT1	PDE3A	9606.ENSP00000451828	9606.ENSP00000351957	0	0	0	0	0	0.301	0	0.220	0.431
AKT1	DNMT1	9606.ENSP00000451828	9606.ENSP00000352516	0	0	0	0	0.105	0.310	0	0.735	0.822
AKT1	DPP4	9606.ENSP00000451828	9606.ENSP00000353731	0	0	0	0	0	0	0	0.527	0.527
AKT1	TLR9	9606.ENSP00000451828	9606.ENSP00000353874	0	0	0	0	0.045	0.100	0	0.506	0.538
AKT1	STAT1	9606.ENSP00000451828	9606.ENSP00000354394	0	0	0	0	0.106	0.096	0.400	0.930	0.961
AKT1	COMT	9606.ENSP00000451828	9606.ENSP00000354511	0	0	0	0	0.056	0	0	0.396	0.406
AKT1	MTOR	9606.ENSP00000451828	9606.ENSP00000354558	0	0	0	0	0.060	0.925	0.900	0.954	0.999
AKT1	PTGS1	9606.ENSP00000451828	9606.ENSP00000354612	0	0	0	0	0.061	0	0	0.403	0.415
AKT1	OGA	9606.ENSP00000451828	9606.ENSP00000354850	0	0	0	0	0.049	0	0	0.487	0.492
AKT1	DRD2	9606.ENSP00000451828	9606.ENSP00000354859	0	0	0	0	0.085	0	0	0.662	0.677
AKT1	EGLN1	9606.ENSP00000451828	9606.ENSP00000355601	0	0	0	0	0.093	0.292	0	0.414	0.591
AKT1	PARP1	9606.ENSP00000451828	9606.ENSP00000355759	0	0	0	0	0.049	0	0	0.824	0.825
AKT1	NEK2	9606.ENSP00000451828	9606.ENSP00000355966	0	0	0	0.600	0	0.092	0	0.499	0.526
AKT1	MAPKAPK2	9606.ENSP00000451828	9606.ENSP00000356070	0	0	0	0.649	0.421	0.682	0	0.652	0.930
AKT1	MDM4	9606.ENSP00000451828	9606.ENSP00000356150	0	0	0	0	0	0.050	0	0.460	0.465
AKT1	PTGS2	9606.ENSP00000451828	9606.ENSP00000356438	0	0	0	0	0.078	0	0	0.767	0.775
AKT1	CTSS	9606.ENSP00000451828	9606.ENSP00000357981	0	0	0	0	0.091	0	0	0.454	0.483
AKT1	MCL1	9606.ENSP00000451828	9606.ENSP00000358022	0	0	0	0	0.099	0	0.400	0.775	0.867
AKT1	CASP7	9606.ENSP00000451828	9606.ENSP00000358327	0	0	0	0	0.060	0.067	0	0.626	0.643
AKT1	CNR1	9606.ENSP00000451828	9606.ENSP00000358513	0	0	0	0	0.085	0	0	0.418	0.444
AKT1	CYP17A1	9606.ENSP00000451828	9606.ENSP00000358903	0	0	0	0	0	0.051	0	0.421	0.427
AKT1	SCD	9606.ENSP00000451828	9606.ENSP00000359380	0	0	0	0	0.047	0	0	0.485	0.488
AKT1	XIAP	9606.ENSP00000451828	9606.ENSP00000360242	0	0	0	0	0.049	0.786	0	0.725	0.939
AKT1	HSP90AB1	9606.ENSP00000451828	9606.ENSP00000360609	0	0	0	0	0.049	0.626	0.900	0.996	0.999
AKT1	PTPN1	9606.ENSP00000451828	9606.ENSP00000360683	0	0	0	0	0.085	0.097	0	0.665	0.699
AKT1	MMP9	9606.ENSP00000451828	9606.ENSP00000361405	0	0	0	0	0.086	0	0	0.819	0.827
AKT1	KDM4A	9606.ENSP00000451828	9606.ENSP00000361473	0	0	0	0	0.049	0	0	0.552	0.555
AKT1	PLAU	9606.ENSP00000451828	9606.ENSP00000361850	0	0	0	0	0.055	0.096	0	0.583	0.612
AKT1	NOX1	9606.ENSP00000451828	9606.ENSP00000362057	0	0.001	0	0	0.060	0.063	0	0.947	0.949
AKT1	HDAC1	9606.ENSP00000451828	9606.ENSP00000362649	0	0	0	0	0.067	0.068	0	0.745	0.758
AKT1	SRC	9606.ENSP00000451828	9606.ENSP00000362680	0	0	0.171	0.566	0.088	0.601	0.500	0.977	0.995
AKT1	CXCR3	9606.ENSP00000451828	9606.ENSP00000362795	0	0	0	0	0	0	0	0.430	0.430
AKT1	TLR4	9606.ENSP00000451828	9606.ENSP00000363089	0	0	0	0	0.074	0.100	0	0.745	0.769
AKT1	ALOX5	9606.ENSP00000451828	9606.ENSP00000363512	0	0	0	0	0	0.066	0	0.401	0.417
AKT1	AR	9606.ENSP00000451828	9606.ENSP00000363822	0	0	0	0	0.055	0.636	0	0.721	0.895
AKT1	SYK	9606.ENSP00000451828	9606.ENSP00000364898	0	0	0	0.568	0.081	0	0	0.612	0.628
AKT1	BCL2L1	9606.ENSP00000451828	9606.ENSP00000365230	0	0	0	0	0.095	0.292	0.900	0.888	0.991
AKT1	HDAC6	9606.ENSP00000451828	9606.ENSP00000365804	0	0	0	0	0.067	0.311	0	0.588	0.712
AKT1	PIK3CD	9606.ENSP00000451828	9606.ENSP00000366563	0	0	0	0	0.042	0.098	0.900	0.757	0.976
AKT1	KLF5	9606.ENSP00000451828	9606.ENSP00000366915	0	0	0	0	0	0.071	0	0.397	0.416
AKT1	MAOB	9606.ENSP00000451828	9606.ENSP00000367309	0	0	0	0	0	0.047	0	0.414	0.418
AKT1	XDH	9606.ENSP00000451828	9606.ENSP00000368727	0	0	0	0	0	0	0	0.546	0.546
AKT1	PDE4A	9606.ENSP00000451828	9606.ENSP00000370078	0	0	0	0	0	0	0	0.601	0.601
AKT1	JAK2	9606.ENSP00000451828	9606.ENSP00000371067	0	0	0	0.570	0.062	0	0	0.726	0.732
AKT1	TNK2	9606.ENSP00000451828	9606.ENSP00000371341	0	0	0	0.571	0.062	0.516	0	0.485	0.745
AKT1	CHEK2	9606.ENSP00000451828	9606.ENSP00000372023	0	0	0	0.634	0.067	0.076	0	0.524	0.554
AKT1	TYRP1	9606.ENSP00000451828	9606.ENSP00000373570	0	0	0	0	0	0.098	0	0.398	0.433
AKT1	AKT2	9606.ENSP00000451828	9606.ENSP00000375892	0	0	0.050	0.981	0.131	0.787	0.900	0.569	0.991
AKT1	GRB2	9606.ENSP00000451828	9606.ENSP00000376345	0	0	0	0	0.049	0.100	0	0.900	0.907
AKT1	CDK1	9606.ENSP00000451828	9606.ENSP00000378699	0	0	0	0.635	0.042	0.098	0	0.534	0.562
AKT1	MAPK8	9606.ENSP00000451828	9606.ENSP00000378974	0	0	0	0.576	0.053	0.326	0	0.576	0.706
AKT1	ITGB1	9606.ENSP00000451828	9606.ENSP00000379350	0	0	0	0	0.052	0.052	0	0.721	0.728
AKT1	CYP19A1	9606.ENSP00000451828	9606.ENSP00000379683	0	0	0	0	0	0.051	0	0.745	0.748
AKT1	ITGA4	9606.ENSP00000451828	9606.ENSP00000380227	0	0	0	0	0.055	0.058	0	0.565	0.579
AKT1	BCL2	9606.ENSP00000451828	9606.ENSP00000381185	0	0	0	0	0	0	0.900	0.934	0.993
AKT1	GSTP1	9606.ENSP00000451828	9606.ENSP00000381607	0	0	0	0	0.043	0	0	0.400	0.401
AKT1	FKBP1A	9606.ENSP00000451828	9606.ENSP00000383003	0	0	0	0	0.049	0.045	0	0.730	0.734
AKT1	RELA	9606.ENSP00000451828	9606.ENSP00000384273	0	0	0	0	0.063	0.098	0	0.761	0.780
AKT1	PPARA	9606.ENSP00000451828	9606.ENSP00000385523	0	0	0	0	0.084	0.071	0	0.676	0.700
AKT1	CXCR4	9606.ENSP00000451828	9606.ENSP00000386884	0	0	0	0	0.087	0	0	0.737	0.750
AKT1	PTPN6	9606.ENSP00000451828	9606.ENSP00000391592	0	0	0	0	0.085	0.097	0	0.371	0.436
AKT1	FGFR1	9606.ENSP00000451828	9606.ENSP00000393312	0	0	0	0.570	0.050	0.316	0	0.365	0.552
AKT1	MAPK9	9606.ENSP00000451828	9606.ENSP00000394560	0	0	0	0.579	0.082	0.326	0	0.268	0.508
AKT1	TNF	9606.ENSP00000451828	9606.ENSP00000398698	0	0	0	0	0.074	0.057	0	0.903	0.907
AKT1	RAF1	9606.ENSP00000451828	9606.ENSP00000401888	0	0	0.145	0.583	0.075	0.816	0.900	0.557	0.992
AKT1	WEE1	9606.ENSP00000451828	9606.ENSP00000402084	0	0	0	0	0.067	0.328	0	0.698	0.794
AKT1	ESR1	9606.ENSP00000451828	9606.ENSP00000405330	0	0	0	0	0.055	0.314	0	0.877	0.913
AKT1	PTPRC	9606.ENSP00000451828	9606.ENSP00000411355	0	0	0	0	0.074	0.097	0	0.644	0.676
AKT1	TOP2A	9606.ENSP00000451828	9606.ENSP00000411532	0	0	0	0	0.062	0	0	0.585	0.595
AKT1	MME	9606.ENSP00000451828	9606.ENSP00000418525	0	0	0	0	0	0	0	0.403	0.403
AKT1	BRAF	9606.ENSP00000451828	9606.ENSP00000419060	0	0	0.131	0.586	0	0.631	0	0.376	0.783
AKT1	PIK3CG	9606.ENSP00000451828	9606.ENSP00000419260	0	0	0	0	0	0.098	0.900	0.947	0.994
AKT1	RXRA	9606.ENSP00000451828	9606.ENSP00000419692	0	0	0	0	0.099	0.071	0	0.554	0.595
AKT1	PIK3R1	9606.ENSP00000451828	9606.ENSP00000428056	0	0	0	0	0.058	0.558	0.900	0.913	0.995
AKT1	LYN	9606.ENSP00000451828	9606.ENSP00000428924	0	0	0.171	0.564	0.058	0.045	0.500	0.591	0.820
AKT1	CCNE2	9606.ENSP00000451828	9606.ENSP00000429089	0	0	0	0	0	0.074	0	0.428	0.448
AKT1	EPHX2	9606.ENSP00000451828	9606.ENSP00000430269	0	0	0	0	0.060	0	0	0.620	0.628
AKT1	HDAC2	9606.ENSP00000451828	9606.ENSP00000430432	0	0	0	0	0.049	0.068	0	0.541	0.558
AKT1	IKBKB	9606.ENSP00000451828	9606.ENSP00000430684	0	0	0	0.601	0.152	0.775	0.900	0.570	0.990
AKT1	IDO1	9606.ENSP00000451828	9606.ENSP00000430950	0	0	0	0	0	0	0	0.512	0.512
AKT1	NTRK1	9606.ENSP00000451828	9606.ENSP00000431418	0	0	0	0.562	0.045	0.166	0	0.549	0.609
AKT1	TYK2	9606.ENSP00000451828	9606.ENSP00000431885	0	0	0	0.575	0.158	0	0	0.494	0.556
AKT1	CAPN1	9606.ENSP00000451828	9606.ENSP00000431984	0	0	0	0	0.113	0.304	0	0.399	0.597
AKT1	CASP1	9606.ENSP00000451828	9606.ENSP00000433138	0	0	0	0	0.067	0.067	0	0.595	0.617
AKT1	TUBA1A	9606.ENSP00000451828	9606.ENSP00000439020	0	0	0	0	0.049	0.359	0	0.249	0.502
AKT1	NR4A1	9606.ENSP00000451828	9606.ENSP00000440864	0	0	0	0	0	0.294	0.900	0.433	0.956
AKT1	NR1H4	9606.ENSP00000451828	9606.ENSP00000447149	0	0	0	0	0.055	0.071	0	0.463	0.487
AKT1	ELANE	9606.ENSP00000451828	9606.ENSP00000466090	0	0	0	0	0.045	0.096	0	0.417	0.452
AKT1	CYP3A4	9606.ENSP00000451828	9606.ENSP00000498939	0	0	0	0	0.062	0.051	0	0.435	0.453
AKT1	PRKCB	9606.ENSP00000451828	9606.ENSP00000496129	0	0	0	0.863	0.062	0.416	0	0.110	0.470
AKT1	FURIN	9606.ENSP00000451828	9606.ENSP00000483552	0	0	0	0	0.091	0.041	0	0.465	0.493
AKT1	GRIN2B	9606.ENSP00000451828	9606.ENSP00000477455	0	0	0	0	0	0	0	0.510	0.510
AKT1	PAK4	9606.ENSP00000451828	9606.ENSP00000469413	0	0	0	0.635	0.075	0.071	0	0.555	0.585
AKT1	BTK	9606.ENSP00000451828	9606.ENSP00000483570	0	0	0.120	0.578	0.086	0	0	0.554	0.610
AKT1	IGF1R	9606.ENSP00000451828	9606.ENSP00000497069	0	0	0	0.559	0.062	0.294	0	0.470	0.619
AKT1	TRPV1	9606.ENSP00000451828	9606.ENSP00000459962	0	0	0	0	0	0.071	0	0.669	0.679
AKT1	PTPN11	9606.ENSP00000451828	9606.ENSP00000489597	0	0	0	0	0.081	0.152	0	0.718	0.762
AKT1	ITGB3	9606.ENSP00000451828	9606.ENSP00000452786	0	0	0	0	0.041	0.300	0.400	0.520	0.781
AKT1	LCK	9606.ENSP00000451828	9606.ENSP00000477713	0	0	0.155	0.563	0.078	0.045	0.500	0.543	0.799
AKT1	NOS1	9606.ENSP00000451828	9606.ENSP00000477999	0	0	0	0	0	0.045	0.900	0.554	0.953
AKT1	AKT3	9606.ENSP00000451828	9606.ENSP00000500582	0	0	0.050	0.981	0	0.592	0.900	0.057	0.958
AKT1	PIK3CB	9606.ENSP00000451828	9606.ENSP00000501150	0	0	0	0	0.049	0.334	0.900	0.901	0.992
AKT1	CDC42	9606.ENSP00000451828	9606.ENSP00000497733	0	0	0	0	0.092	0.110	0	0.999	0.999
AKT2	SIRT1	9606.ENSP00000375892	9606.ENSP00000212015	0	0	0	0	0	0.042	0	0.526	0.526
AKT2	MAPK1	9606.ENSP00000375892	9606.ENSP00000215832	0	0	0	0.592	0.083	0.110	0.900	0.240	0.929
AKT2	CSNK2A1	9606.ENSP00000375892	9606.ENSP00000217244	0	0	0	0.589	0.067	0.062	0	0.422	0.450
AKT2	GSK3A	9606.ENSP00000375892	9606.ENSP00000222330	0	0	0	0.584	0.059	0.125	0.900	0.328	0.937
AKT2	RPS6KB1	9606.ENSP00000375892	9606.ENSP00000225577	0	0	0.070	0.859	0.090	0.095	0.900	0.347	0.940
AKT2	NFKB1	9606.ENSP00000375892	9606.ENSP00000226574	0	0	0	0	0.081	0.095	0	0.425	0.480
AKT2	MAPK14	9606.ENSP00000375892	9606.ENSP00000229795	0	0	0.118	0.630	0.089	0.110	0.900	0.194	0.932
AKT2	LIPE	9606.ENSP00000375892	9606.ENSP00000244289	0	0	0	0	0.092	0	0	0.369	0.403
AKT2	MDM2	9606.ENSP00000375892	9606.ENSP00000258149	0	0	0	0	0.049	0.050	0.900	0.491	0.947
AKT2	MAP3K8	9606.ENSP00000375892	9606.ENSP00000263056	0	0	0	0.568	0.102	0.052	0.900	0.102	0.913
AKT2	PIK3CA	9606.ENSP00000375892	9606.ENSP00000263967	0	0	0	0	0.042	0.098	0.900	0.841	0.984
AKT2	EGFR	9606.ENSP00000375892	9606.ENSP00000275493	0	0	0	0.561	0.042	0.175	0	0.549	0.612
AKT2	PPARG	9606.ENSP00000375892	9606.ENSP00000287820	0	0	0	0	0.084	0.071	0	0.666	0.691
AKT2	NOS3	9606.ENSP00000375892	9606.ENSP00000297494	0	0	0	0	0	0.045	0.900	0.280	0.925
AKT2	PLIN1	9606.ENSP00000375892	9606.ENSP00000300055	0	0	0	0	0.055	0.095	0	0.394	0.436
AKT2	CASP3	9606.ENSP00000375892	9606.ENSP00000311032	0	0	0	0	0.083	0.311	0	0.503	0.658
AKT2	PRKDC	9606.ENSP00000375892	9606.ENSP00000313420	0	0	0	0	0.042	0.577	0	0.557	0.805
AKT2	GSK3B	9606.ENSP00000375892	9606.ENSP00000324806	0	0	0	0.582	0.067	0.532	0.900	0.536	0.977
AKT2	PGR	9606.ENSP00000375892	9606.ENSP00000325120	0	0	0	0	0.067	0.071	0	0.575	0.600
AKT2	NOS2	9606.ENSP00000375892	9606.ENSP00000327251	0	0	0	0	0	0.045	0.900	0.443	0.942
AKT2	CASP9	9606.ENSP00000375892	9606.ENSP00000330237	0	0	0	0	0.049	0.067	0.900	0.424	0.942
AKT2	MAPK11	9606.ENSP00000375892	9606.ENSP00000333685	0	0	0.125	0.607	0.053	0.110	0.900	0.167	0.927
AKT2	HSP90AA1	9606.ENSP00000375892	9606.ENSP00000335153	0	0	0	0	0.047	0.223	0.900	0.380	0.948
AKT2	ESR2	9606.ENSP00000375892	9606.ENSP00000343925	0	0	0	0	0.057	0.071	0	0.389	0.419
AKT2	PDPK1	9606.ENSP00000375892	9606.ENSP00000344220	0	0	0.089	0.753	0.162	0.464	0.900	0.213	0.962
AKT2	FYN	9606.ENSP00000375892	9606.ENSP00000346671	0	0	0.164	0.568	0.078	0.045	0.500	0.439	0.756
AKT2	MTOR	9606.ENSP00000375892	9606.ENSP00000354558	0	0	0	0	0.060	0.073	0.900	0.668	0.967
AKT2	OGA	9606.ENSP00000375892	9606.ENSP00000354850	0	0	0	0	0.047	0	0	0.408	0.412
AKT2	PARP1	9606.ENSP00000375892	9606.ENSP00000355759	0	0	0	0	0.049	0.115	0	0.423	0.472
AKT2	HSP90AB1	9606.ENSP00000375892	9606.ENSP00000360609	0	0	0	0	0.047	0.224	0.900	0.364	0.946
AKT2	PTPN1	9606.ENSP00000375892	9606.ENSP00000360683	0	0	0	0	0.078	0.097	0	0.387	0.445
AKT2	MMP9	9606.ENSP00000375892	9606.ENSP00000361405	0	0	0	0	0.086	0	0	0.390	0.418
AKT2	SRC	9606.ENSP00000375892	9606.ENSP00000362680	0	0	0.175	0.567	0.063	0.045	0.500	0.608	0.829
AKT2	BCL2L1	9606.ENSP00000375892	9606.ENSP00000365230	0	0	0	0	0.049	0	0.900	0.413	0.939
AKT2	PIK3CD	9606.ENSP00000375892	9606.ENSP00000366563	0	0	0	0	0.042	0.286	0.900	0.520	0.962
AKT2	PDE4A	9606.ENSP00000375892	9606.ENSP00000370078	0	0	0	0	0.047	0	0	0.437	0.440
AKT2	IGF1R	9606.ENSP00000375892	9606.ENSP00000497069	0	0	0	0.562	0.071	0.045	0	0.378	0.401
AKT2	TNF	9606.ENSP00000375892	9606.ENSP00000398698	0	0	0	0	0.074	0.057	0	0.398	0.429
AKT2	CDC42	9606.ENSP00000375892	9606.ENSP00000497733	0	0	0	0	0.094	0.110	0	0.356	0.436
AKT2	GRB2	9606.ENSP00000375892	9606.ENSP00000376345	0	0	0	0	0.049	0.100	0	0.397	0.439
AKT2	CYP19A1	9606.ENSP00000375892	9606.ENSP00000379683	0	0	0	0	0	0.051	0	0.497	0.502
AKT2	MAPK8	9606.ENSP00000375892	9606.ENSP00000378974	0	0	0	0.579	0.060	0.088	0	0.493	0.527
AKT2	MAPK9	9606.ENSP00000375892	9606.ENSP00000394560	0	0	0.107	0.583	0.049	0.088	0	0.478	0.541
AKT2	CXCR4	9606.ENSP00000375892	9606.ENSP00000386884	0	0	0	0	0.087	0	0	0.525	0.548
AKT2	ESR1	9606.ENSP00000375892	9606.ENSP00000405330	0	0	0	0	0.055	0.314	0	0.455	0.616
AKT2	LCK	9606.ENSP00000375892	9606.ENSP00000477713	0	0	0.148	0.565	0.080	0.045	0.500	0.159	0.628
AKT2	LYN	9606.ENSP00000375892	9606.ENSP00000428924	0	0	0.179	0.566	0.058	0.127	0.500	0.134	0.655
AKT2	NOS1	9606.ENSP00000375892	9606.ENSP00000477999	0	0	0	0	0	0.045	0.900	0.102	0.906
AKT2	NR4A1	9606.ENSP00000375892	9606.ENSP00000440864	0	0	0	0	0.042	0.045	0.900	0.136	0.910
AKT2	RAF1	9606.ENSP00000375892	9606.ENSP00000401888	0	0	0.135	0.586	0.074	0.045	0.900	0.159	0.923
AKT2	IKBKB	9606.ENSP00000375892	9606.ENSP00000430684	0	0	0	0.604	0.163	0	0.900	0.175	0.925
AKT2	BCL2	9606.ENSP00000375892	9606.ENSP00000381185	0	0	0	0	0.047	0	0.900	0.517	0.950
AKT2	AKT3	9606.ENSP00000375892	9606.ENSP00000500582	0	0	0.051	0.979	0	0.162	0.900	0.617	0.965
AKT2	PIK3CG	9606.ENSP00000375892	9606.ENSP00000419260	0	0	0	0	0	0.098	0.900	0.739	0.974
AKT2	PIK3R1	9606.ENSP00000375892	9606.ENSP00000428056	0	0	0	0	0.066	0.093	0.900	0.789	0.979
AKT2	PIK3CB	9606.ENSP00000375892	9606.ENSP00000501150	0	0	0	0	0.048	0.276	0.900	0.783	0.983
AKT3	SIRT1	9606.ENSP00000500582	9606.ENSP00000212015	0	0	0	0	0	0.042	0	0.434	0.435
AKT3	MAPK1	9606.ENSP00000500582	9606.ENSP00000215832	0	0	0	0.601	0.085	0.110	0.900	0.218	0.927
AKT3	GSK3A	9606.ENSP00000500582	9606.ENSP00000222330	0	0	0	0.578	0	0.125	0.900	0.340	0.937
AKT3	RPS6KB1	9606.ENSP00000500582	9606.ENSP00000225577	0	0	0.069	0.852	0.083	0.095	0.900	0.384	0.943
AKT3	NFKB1	9606.ENSP00000500582	9606.ENSP00000226574	0	0	0	0	0.083	0.095	0	0.360	0.423
AKT3	MAPK14	9606.ENSP00000500582	9606.ENSP00000229795	0	0	0.115	0.632	0.048	0.110	0.900	0.162	0.925
AKT3	SMO	9606.ENSP00000500582	9606.ENSP00000249373	0	0	0	0	0	0.071	0	0.446	0.464
AKT3	MDM2	9606.ENSP00000500582	9606.ENSP00000258149	0	0	0	0	0	0.050	0.900	0.675	0.966
AKT3	PDGFRB	9606.ENSP00000500582	9606.ENSP00000261799	0	0	0	0	0.102	0.074	0	0.348	0.411
AKT3	MAP3K8	9606.ENSP00000500582	9606.ENSP00000263056	0	0	0	0.568	0.102	0.052	0.900	0.142	0.917
AKT3	PIK3CA	9606.ENSP00000500582	9606.ENSP00000263967	0	0	0	0	0.075	0.098	0.900	0.838	0.984
AKT3	NOS3	9606.ENSP00000500582	9606.ENSP00000297494	0	0	0	0	0	0.045	0.900	0.203	0.917
AKT3	CASP3	9606.ENSP00000500582	9606.ENSP00000311032	0	0	0	0	0	0.607	0	0.427	0.765
AKT3	PRKDC	9606.ENSP00000500582	9606.ENSP00000313420	0	0	0	0	0	0.073	0	0.736	0.745
AKT3	GSK3B	9606.ENSP00000500582	9606.ENSP00000324806	0	0	0	0.586	0	0.552	0.900	0.254	0.963
AKT3	NOS2	9606.ENSP00000500582	9606.ENSP00000327251	0	0	0	0	0	0.045	0.900	0.081	0.904
AKT3	CASP9	9606.ENSP00000500582	9606.ENSP00000330237	0	0	0	0	0	0.067	0.900	0.381	0.937
AKT3	PRKCD	9606.ENSP00000500582	9606.ENSP00000331602	0	0	0.070	0.848	0.055	0.087	0	0.401	0.455
AKT3	MAPK11	9606.ENSP00000500582	9606.ENSP00000333685	0	0	0.119	0.619	0.048	0.110	0.900	0.150	0.925
AKT3	HSP90AA1	9606.ENSP00000500582	9606.ENSP00000335153	0	0	0	0	0	0.385	0.900	0.312	0.954
AKT3	PDPK1	9606.ENSP00000500582	9606.ENSP00000344220	0	0	0.085	0.747	0	0.275	0.900	0.192	0.939
AKT3	FYN	9606.ENSP00000500582	9606.ENSP00000346671	0	0	0.156	0.570	0.148	0.045	0.500	0.117	0.642
AKT3	MTOR	9606.ENSP00000500582	9606.ENSP00000354558	0	0	0	0	0	0.073	0.900	0.609	0.960
AKT3	HSP90AB1	9606.ENSP00000500582	9606.ENSP00000360609	0	0	0	0	0	0.426	0.900	0.306	0.956
AKT3	SRC	9606.ENSP00000500582	9606.ENSP00000362680	0	0	0.168	0.568	0.058	0.045	0.500	0.203	0.647
AKT3	BCL2L1	9606.ENSP00000500582	9606.ENSP00000365230	0	0	0	0	0	0	0.900	0.341	0.931
AKT3	PIK3CD	9606.ENSP00000500582	9606.ENSP00000366563	0	0	0	0	0	0.098	0.900	0.494	0.950
AKT3	BCL2	9606.ENSP00000500582	9606.ENSP00000381185	0	0	0	0	0.056	0	0.900	0.486	0.947
AKT3	RAF1	9606.ENSP00000500582	9606.ENSP00000401888	0	0	0.141	0.590	0	0.045	0.900	0.169	0.922
AKT3	ESR1	9606.ENSP00000500582	9606.ENSP00000405330	0	0	0	0	0.055	0.071	0	0.402	0.429
AKT3	PIK3CG	9606.ENSP00000500582	9606.ENSP00000419260	0	0	0	0	0	0.098	0.900	0.732	0.973
AKT3	PIK3R1	9606.ENSP00000500582	9606.ENSP00000428056	0	0	0	0	0.071	0.093	0.900	0.768	0.977
AKT3	LYN	9606.ENSP00000500582	9606.ENSP00000428924	0	0	0.169	0.569	0.058	0.045	0.500	0.105	0.604
AKT3	IKBKB	9606.ENSP00000500582	9606.ENSP00000430684	0	0	0	0.602	0.105	0	0.900	0.153	0.917
AKT3	NR4A1	9606.ENSP00000500582	9606.ENSP00000440864	0	0	0	0	0	0.045	0.900	0.067	0.903
AKT3	LCK	9606.ENSP00000500582	9606.ENSP00000477713	0	0	0.163	0.566	0.086	0.045	0.500	0.093	0.608
AKT3	NOS1	9606.ENSP00000500582	9606.ENSP00000477999	0	0	0	0	0	0.045	0.900	0.044	0.900
AKT3	CDC42	9606.ENSP00000500582	9606.ENSP00000497733	0	0	0	0	0.106	0.110	0	0.306	0.400
AKT3	PIK3CB	9606.ENSP00000500582	9606.ENSP00000501150	0	0	0	0	0	0.098	0.900	0.636	0.964
ALB	SIRT1	9606.ENSP00000295897	9606.ENSP00000212015	0	0	0	0	0	0	0	0.611	0.611
ALB	MIF	9606.ENSP00000295897	9606.ENSP00000215754	0	0	0	0	0.049	0	0	0.409	0.414
ALB	MAPK1	9606.ENSP00000295897	9606.ENSP00000215832	0	0	0	0	0	0	0	0.563	0.563
ALB	CTSG	9606.ENSP00000295897	9606.ENSP00000216336	0	0	0	0	0.059	0.084	0	0.405	0.442
ALB	BDKRB1	9606.ENSP00000295897	9606.ENSP00000216629	0	0	0	0	0	0	0	0.522	0.522
ALB	APEX1	9606.ENSP00000295897	9606.ENSP00000216714	0	0	0	0	0.048	0	0	0.661	0.663
ALB	MMP2	9606.ENSP00000295897	9606.ENSP00000219070	0	0	0	0	0.073	0.069	0	0.616	0.640
ALB	PLAT	9606.ENSP00000295897	9606.ENSP00000220809	0	0	0	0	0.059	0.052	0	0.622	0.634
ALB	SERPINE1	9606.ENSP00000295897	9606.ENSP00000223095	0	0	0	0	0.087	0.053	0	0.605	0.629
ALB	GCK	9606.ENSP00000295897	9606.ENSP00000223366	0	0	0	0	0	0	0	0.417	0.417
ALB	MPO	9606.ENSP00000295897	9606.ENSP00000225275	0	0	0	0	0.074	0.162	0	0.867	0.887
ALB	RPS6KB1	9606.ENSP00000295897	9606.ENSP00000225577	0	0	0	0	0.056	0	0	0.586	0.592
ALB	NFKB1	9606.ENSP00000295897	9606.ENSP00000226574	0	0	0	0	0	0	0	0.621	0.621
ALB	MAPK14	9606.ENSP00000295897	9606.ENSP00000229795	0	0	0	0	0	0	0	0.472	0.472
ALB	NR3C1	9606.ENSP00000295897	9606.ENSP00000231509	0	0	0	0	0	0.095	0	0.585	0.608
ALB	CTSD	9606.ENSP00000295897	9606.ENSP00000236671	0	0	0	0	0.047	0	0	0.544	0.547
ALB	TTR	9606.ENSP00000295897	9606.ENSP00000237014	0	0	0	0	0.432	0.125	0	0.990	0.994
ALB	LIPE	9606.ENSP00000295897	9606.ENSP00000244289	0	0	0	0	0	0	0	0.444	0.444
ALB	SMO	9606.ENSP00000295897	9606.ENSP00000249373	0	0	0	0	0.062	0	0	0.404	0.417
ALB	SIRT2	9606.ENSP00000295897	9606.ENSP00000249396	0	0	0	0	0	0	0	0.525	0.525
ALB	CMA1	9606.ENSP00000295897	9606.ENSP00000250378	0	0	0	0	0.059	0.084	0	0.504	0.535
ALB	LGALS3	9606.ENSP00000295897	9606.ENSP00000254301	0	0	0	0	0.055	0	0	0.766	0.770
ALB	CCNA1	9606.ENSP00000295897	9606.ENSP00000255465	0	0	0	0	0	0	0	0.449	0.449
ALB	PDGFRA	9606.ENSP00000295897	9606.ENSP00000257290	0	0	0	0	0.043	0	0	0.495	0.496
ALB	CDK4	9606.ENSP00000295897	9606.ENSP00000257904	0	0	0	0	0.060	0	0	0.504	0.514
ALB	MDM2	9606.ENSP00000295897	9606.ENSP00000258149	0	0	0	0	0	0.292	0	0.457	0.599
ALB	MMP7	9606.ENSP00000295897	9606.ENSP00000260227	0	0	0	0	0.054	0.069	0	0.446	0.470
ALB	MMP13	9606.ENSP00000295897	9606.ENSP00000260302	0	0	0	0	0.053	0.069	0	0.512	0.532
ALB	CYP2C9	9606.ENSP00000295897	9606.ENSP00000260682	0	0	0	0	0.088	0	0	0.547	0.570
ALB	KIF11	9606.ENSP00000295897	9606.ENSP00000260731	0	0	0	0	0.073	0	0	0.495	0.511
ALB	ITGAV	9606.ENSP00000295897	9606.ENSP00000261023	0	0	0	0	0.055	0	0	0.393	0.402
ALB	PDGFRB	9606.ENSP00000295897	9606.ENSP00000261799	0	0	0	0	0	0	0	0.565	0.565
ALB	FLT4	9606.ENSP00000295897	9606.ENSP00000261937	0	0	0	0	0	0	0	0.415	0.415
ALB	KCNH2	9606.ENSP00000295897	9606.ENSP00000262186	0	0	0	0	0.063	0	0	0.420	0.433
ALB	ITGA2B	9606.ENSP00000295897	9606.ENSP00000262407	0	0	0	0	0.055	0	0	0.697	0.701
ALB	ATP4A	9606.ENSP00000295897	9606.ENSP00000262623	0	0	0	0	0	0	0	0.776	0.776
ALB	NOX4	9606.ENSP00000295897	9606.ENSP00000263317	0	0	0	0	0.042	0	0	0.551	0.551
ALB	TYR	9606.ENSP00000295897	9606.ENSP00000263321	0	0	0	0	0.245	0	0	0.460	0.575
ALB	KDR	9606.ENSP00000295897	9606.ENSP00000263923	0	0	0	0	0	0	0	0.618	0.618
ALB	BCHE	9606.ENSP00000295897	9606.ENSP00000264381	0	0	0	0	0.134	0	0	0.903	0.912
ALB	ICAM1	9606.ENSP00000295897	9606.ENSP00000264832	0	0	0	0	0	0	0	0.709	0.709
ALB	ENPEP	9606.ENSP00000295897	9606.ENSP00000265162	0	0	0	0	0.049	0	0	0.602	0.605
ALB	SLC5A1	9606.ENSP00000295897	9606.ENSP00000266088	0	0	0	0	0	0	0	0.431	0.431
ALB	CDK2	9606.ENSP00000295897	9606.ENSP00000266970	0	0	0	0	0.081	0	0	0.516	0.536
ALB	ERBB2	9606.ENSP00000295897	9606.ENSP00000269571	0	0	0	0	0	0	0	0.670	0.670
ALB	SLC6A3	9606.ENSP00000295897	9606.ENSP00000270349	0	0	0	0	0	0	0	0.400	0.400
ALB	REN	9606.ENSP00000295897	9606.ENSP00000272190	0	0	0	0	0.083	0	0	0.822	0.830
ALB	EGFR	9606.ENSP00000295897	9606.ENSP00000275493	0	0	0	0	0	0	0	0.808	0.808
ALB	FLT1	9606.ENSP00000295897	9606.ENSP00000282397	0	0	0	0	0	0	0	0.519	0.519
ALB	APP	9606.ENSP00000295897	9606.ENSP00000284981	0	0	0	0	0	0.292	0.400	0.787	0.901
ALB	CA2	9606.ENSP00000295897	9606.ENSP00000285379	0	0	0	0	0	0	0	0.622	0.622
ALB	CSF1R	9606.ENSP00000295897	9606.ENSP00000286301	0	0	0	0	0	0	0	0.435	0.435
ALB	PPARG	9606.ENSP00000295897	9606.ENSP00000287820	0	0	0	0	0	0.045	0	0.681	0.682
ALB	HMGCR	9606.ENSP00000295897	9606.ENSP00000287936	0	0	0	0	0.048	0	0	0.732	0.734
ALB	CCR2	9606.ENSP00000295897	9606.ENSP00000292301	0	0	0	0	0	0	0	0.522	0.522
ALB	CCR5	9606.ENSP00000295897	9606.ENSP00000292303	0	0	0	0	0	0	0	0.497	0.497
ALB	VCAM1	9606.ENSP00000295897	9606.ENSP00000294728	0	0	0	0	0	0	0	0.650	0.650
ALB	EDNRA	9606.ENSP00000295897	9606.ENSP00000315011	0	0	0	0	0	0	0	0.403	0.403
ALB	FGFR1	9606.ENSP00000295897	9606.ENSP00000393312	0	0	0	0	0	0	0	0.405	0.405
ALB	MAOA	9606.ENSP00000295897	9606.ENSP00000340684	0	0	0	0	0.043	0	0	0.405	0.406
ALB	JAK1	9606.ENSP00000295897	9606.ENSP00000499900	0	0	0	0	0	0	0	0.411	0.411
ALB	PLIN1	9606.ENSP00000295897	9606.ENSP00000300055	0	0	0	0	0.042	0	0	0.415	0.416
ALB	EDNRB	9606.ENSP00000295897	9606.ENSP00000366416	0	0	0	0	0.061	0	0	0.404	0.416
ALB	LCK	9606.ENSP00000295897	9606.ENSP00000477713	0	0	0	0	0.044	0	0	0.416	0.417
ALB	CNR1	9606.ENSP00000295897	9606.ENSP00000358513	0	0	0	0	0	0	0	0.418	0.418
ALB	F2R	9606.ENSP00000295897	9606.ENSP00000321326	0	0	0	0	0.042	0	0	0.419	0.419
ALB	DNMT1	9606.ENSP00000295897	9606.ENSP00000352516	0	0	0	0	0.058	0	0	0.412	0.422
ALB	CASP7	9606.ENSP00000295897	9606.ENSP00000358327	0	0	0	0	0	0	0	0.423	0.423
ALB	MDM4	9606.ENSP00000295897	9606.ENSP00000356150	0	0	0	0	0	0.292	0	0.220	0.424
ALB	PPARD	9606.ENSP00000295897	9606.ENSP00000310928	0	0	0	0	0	0.045	0	0.423	0.425
ALB	RET	9606.ENSP00000295897	9606.ENSP00000347942	0	0	0	0	0	0.106	0	0.388	0.429
ALB	PLK1	9606.ENSP00000295897	9606.ENSP00000300093	0	0	0	0	0.057	0	0	0.420	0.429
ALB	PSEN1	9606.ENSP00000295897	9606.ENSP00000326366	0	0	0	0	0	0	0	0.430	0.430
ALB	LRRK2	9606.ENSP00000295897	9606.ENSP00000298910	0	0	0	0	0	0.292	0	0.229	0.431
ALB	HDAC2	9606.ENSP00000295897	9606.ENSP00000430432	0	0	0	0	0.044	0.106	0	0.390	0.433
ALB	MAOB	9606.ENSP00000295897	9606.ENSP00000367309	0	0	0	0	0.060	0	0	0.423	0.434
ALB	GRIN2B	9606.ENSP00000295897	9606.ENSP00000477455	0	0	0	0	0	0	0	0.436	0.436
ALB	FYN	9606.ENSP00000295897	9606.ENSP00000346671	0	0	0	0	0	0	0	0.442	0.442
ALB	CES1	9606.ENSP00000295897	9606.ENSP00000353720	0	0	0	0	0.112	0	0	0.399	0.443
ALB	MCL1	9606.ENSP00000295897	9606.ENSP00000358022	0	0	0	0	0	0	0	0.446	0.446
ALB	CYP19A1	9606.ENSP00000295897	9606.ENSP00000379683	0	0	0	0	0.043	0	0	0.445	0.446
ALB	HDAC1	9606.ENSP00000295897	9606.ENSP00000362649	0	0	0	0	0	0.053	0	0.441	0.448
ALB	ERN1	9606.ENSP00000295897	9606.ENSP00000401445	0	0	0	0	0	0	0	0.452	0.452
ALB	TGFBR1	9606.ENSP00000295897	9606.ENSP00000447297	0	0	0	0	0	0	0	0.453	0.453
ALB	IDO1	9606.ENSP00000295897	9606.ENSP00000430950	0	0	0	0	0	0	0	0.453	0.453
ALB	BACE1	9606.ENSP00000295897	9606.ENSP00000318585	0	0	0	0	0	0	0	0.454	0.454
ALB	SCD	9606.ENSP00000295897	9606.ENSP00000359380	0	0	0	0	0.068	0	0	0.439	0.455
ALB	NOX1	9606.ENSP00000295897	9606.ENSP00000362057	0	0	0	0	0	0	0	0.455	0.455
ALB	DHFR	9606.ENSP00000295897	9606.ENSP00000396308	0	0	0	0	0.063	0	0	0.445	0.458
ALB	SYK	9606.ENSP00000295897	9606.ENSP00000364898	0	0	0	0	0	0	0	0.459	0.459
ALB	PTK2	9606.ENSP00000295897	9606.ENSP00000341189	0	0	0	0	0	0	0	0.460	0.460
ALB	FASN	9606.ENSP00000295897	9606.ENSP00000304592	0	0	0	0	0.042	0	0	0.464	0.465
ALB	TERT	9606.ENSP00000295897	9606.ENSP00000309572	0	0	0	0	0.053	0	0	0.462	0.469
ALB	IKBKB	9606.ENSP00000295897	9606.ENSP00000430684	0	0	0	0	0	0	0	0.471	0.471
ALB	CYP2C19	9606.ENSP00000295897	9606.ENSP00000360372	0	0	0	0	0.075	0	0	0.453	0.473
ALB	RELA	9606.ENSP00000295897	9606.ENSP00000384273	0	0	0	0	0	0	0	0.474	0.474
ALB	NTRK1	9606.ENSP00000295897	9606.ENSP00000431418	0	0	0	0	0	0	0	0.482	0.482
ALB	MMP1	9606.ENSP00000295897	9606.ENSP00000322788	0	0	0	0	0.066	0.069	0	0.453	0.483
ALB	NOS1	9606.ENSP00000295897	9606.ENSP00000477999	0	0	0	0	0	0	0	0.484	0.484
ALB	NR1I2	9606.ENSP00000295897	9606.ENSP00000336528	0	0	0	0	0.067	0.045	0	0.468	0.484
ALB	CTSL	9606.ENSP00000295897	9606.ENSP00000345344	0	0	0	0	0.044	0.077	0	0.464	0.486
ALB	TYRP1	9606.ENSP00000295897	9606.ENSP00000373570	0	0	0	0	0.155	0	0	0.426	0.494
ALB	BRAF	9606.ENSP00000295897	9606.ENSP00000419060	0	0	0	0	0	0	0	0.494	0.494
ALB	TLR9	9606.ENSP00000295897	9606.ENSP00000353874	0	0	0	0	0	0	0	0.494	0.494
ALB	IGF1R	9606.ENSP00000295897	9606.ENSP00000497069	0	0	0	0	0	0	0	0.496	0.496
ALB	CDK1	9606.ENSP00000295897	9606.ENSP00000378699	0	0	0	0	0.086	0	0	0.472	0.497
ALB	NOS2	9606.ENSP00000295897	9606.ENSP00000327251	0	0	0	0	0	0	0	0.499	0.499
ALB	CYP2D6	9606.ENSP00000295897	9606.ENSP00000496150	0	0	0	0	0.086	0	0	0.485	0.509
ALB	MAP2K1	9606.ENSP00000295897	9606.ENSP00000302486	0	0	0	0	0.044	0	0	0.511	0.512
ALB	CTSS	9606.ENSP00000295897	9606.ENSP00000357981	0	0	0	0	0	0	0	0.522	0.522
ALB	MET	9606.ENSP00000295897	9606.ENSP00000317272	0	0	0	0	0.065	0	0	0.511	0.523
ALB	MAPK8	9606.ENSP00000295897	9606.ENSP00000378974	0	0	0	0	0.080	0	0	0.506	0.526
ALB	MME	9606.ENSP00000295897	9606.ENSP00000418525	0	0	0	0	0	0	0	0.529	0.529
ALB	JAK2	9606.ENSP00000295897	9606.ENSP00000371067	0	0	0	0	0	0	0	0.530	0.530
ALB	CDC42	9606.ENSP00000295897	9606.ENSP00000497733	0	0	0	0	0	0	0	0.532	0.532
ALB	FURIN	9606.ENSP00000295897	9606.ENSP00000483552	0	0	0	0	0	0	0	0.532	0.532
ALB	AR	9606.ENSP00000295897	9606.ENSP00000363822	0	0	0	0	0	0.045	0	0.532	0.534
ALB	BDKRB2	9606.ENSP00000295897	9606.ENSP00000450482	0	0	0	0	0	0	0	0.535	0.535
ALB	PGR	9606.ENSP00000295897	9606.ENSP00000325120	0	0	0	0	0	0.045	0	0.533	0.535
ALB	MMP3	9606.ENSP00000295897	9606.ENSP00000299855	0	0	0	0	0.055	0.069	0	0.519	0.540
ALB	TRPV1	9606.ENSP00000295897	9606.ENSP00000459962	0	0	0	0	0	0	0	0.543	0.543
ALB	STAT1	9606.ENSP00000295897	9606.ENSP00000354394	0	0	0	0	0	0	0	0.545	0.545
ALB	XIAP	9606.ENSP00000295897	9606.ENSP00000360242	0	0	0	0	0	0	0	0.547	0.547
ALB	HMGB1	9606.ENSP00000295897	9606.ENSP00000345347	0	0	0	0	0	0	0	0.553	0.553
ALB	NR1H4	9606.ENSP00000295897	9606.ENSP00000447149	0	0	0	0	0.158	0.045	0	0.489	0.553
ALB	PTPN1	9606.ENSP00000295897	9606.ENSP00000360683	0	0	0	0	0	0	0	0.561	0.561
ALB	NR3C2	9606.ENSP00000295897	9606.ENSP00000350815	0	0	0	0	0	0.045	0	0.562	0.564
ALB	CES2	9606.ENSP00000295897	9606.ENSP00000499140	0	0	0	0	0.069	0	0	0.557	0.569
ALB	BCL2L1	9606.ENSP00000295897	9606.ENSP00000365230	0	0	0	0	0	0	0	0.572	0.572
ALB	HSP90AB1	9606.ENSP00000295897	9606.ENSP00000360609	0	0	0	0	0.049	0	0	0.580	0.583
ALB	HSP90AA1	9606.ENSP00000295897	9606.ENSP00000335153	0	0	0	0	0.050	0	0	0.581	0.584
ALB	SELE	9606.ENSP00000295897	9606.ENSP00000331736	0	0	0	0	0	0	0	0.591	0.591
ALB	CASP8	9606.ENSP00000295897	9606.ENSP00000351273	0	0	0	0	0	0	0	0.595	0.595
ALB	XDH	9606.ENSP00000295897	9606.ENSP00000368727	0	0	0	0	0	0	0	0.605	0.605
ALB	CTSB	9606.ENSP00000295897	9606.ENSP00000345672	0	0	0	0	0	0	0	0.606	0.606
ALB	F7	9606.ENSP00000295897	9606.ENSP00000364731	0	0	0	0	0.172	0.052	0	0.541	0.608
ALB	CASP1	9606.ENSP00000295897	9606.ENSP00000433138	0	0	0	0	0	0	0	0.611	0.611
ALB	PRKACA	9606.ENSP00000295897	9606.ENSP00000309591	0	0	0	0	0	0	0	0.612	0.612
ALB	CXCR4	9606.ENSP00000295897	9606.ENSP00000386884	0	0	0	0	0	0	0	0.615	0.615
ALB	PTGS1	9606.ENSP00000295897	9606.ENSP00000354612	0	0	0	0	0.055	0	0	0.610	0.616
ALB	ITGB1	9606.ENSP00000295897	9606.ENSP00000379350	0	0	0	0	0	0	0	0.617	0.617
ALB	CYP1A2	9606.ENSP00000295897	9606.ENSP00000342007	0	0	0	0	0.108	0	0	0.593	0.622
ALB	NOS3	9606.ENSP00000295897	9606.ENSP00000297494	0	0	0	0	0	0	0	0.624	0.624
ALB	PARP1	9606.ENSP00000295897	9606.ENSP00000355759	0	0	0	0	0.060	0	0	0.618	0.626
ALB	MTOR	9606.ENSP00000295897	9606.ENSP00000354558	0	0	0	0	0	0	0	0.628	0.628
ALB	ITGB3	9606.ENSP00000295897	9606.ENSP00000452786	0	0	0	0	0	0	0	0.629	0.629
ALB	PLA2G2A	9606.ENSP00000295897	9606.ENSP00000383364	0	0	0	0	0.062	0	0	0.622	0.630
ALB	CASP9	9606.ENSP00000295897	9606.ENSP00000330237	0	0	0	0	0.045	0	0	0.633	0.634
ALB	GUSB	9606.ENSP00000295897	9606.ENSP00000302728	0	0	0	0	0.047	0	0	0.642	0.644
ALB	F10	9606.ENSP00000295897	9606.ENSP00000364709	0	0	0	0	0.156	0.052	0	0.593	0.646
ALB	ELANE	9606.ENSP00000295897	9606.ENSP00000466090	0	0	0	0	0.059	0.176	0	0.582	0.647
ALB	SRC	9606.ENSP00000295897	9606.ENSP00000362680	0	0	0	0	0	0	0	0.655	0.655
ALB	SLC5A2	9606.ENSP00000295897	9606.ENSP00000327943	0	0	0	0	0.063	0	0	0.665	0.672
ALB	HNF4A	9606.ENSP00000295897	9606.ENSP00000312987	0	0	0	0	0.105	0	0	0.649	0.673
ALB	GSK3B	9606.ENSP00000295897	9606.ENSP00000324806	0	0	0	0	0	0.162	0	0.627	0.674
ALB	ESR2	9606.ENSP00000295897	9606.ENSP00000343925	0	0	0	0	0	0.045	0	0.686	0.687
ALB	ALK	9606.ENSP00000295897	9606.ENSP00000373700	0	0	0	0	0	0	0	0.689	0.689
ALB	PLAU	9606.ENSP00000295897	9606.ENSP00000361850	0	0	0	0	0.059	0.052	0	0.699	0.708
ALB	OGA	9606.ENSP00000295897	9606.ENSP00000354850	0	0	0	0	0	0	0	0.720	0.720
ALB	CYP3A4	9606.ENSP00000295897	9606.ENSP00000498939	0	0	0	0	0.135	0	0	0.715	0.744
ALB	MMP9	9606.ENSP00000295897	9606.ENSP00000361405	0	0	0	0	0.053	0.069	0	0.734	0.745
ALB	BCL2	9606.ENSP00000295897	9606.ENSP00000381185	0	0	0	0	0	0	0	0.748	0.748
ALB	PPARA	9606.ENSP00000295897	9606.ENSP00000385523	0	0	0	0	0	0.115	0	0.730	0.751
ALB	PTGS2	9606.ENSP00000295897	9606.ENSP00000356438	0	0	0	0	0.055	0	0	0.769	0.772
ALB	PTPRC	9606.ENSP00000295897	9606.ENSP00000411355	0	0	0	0	0	0	0	0.773	0.773
ALB	DPP4	9606.ENSP00000295897	9606.ENSP00000353731	0	0	0	0	0.062	0	0	0.772	0.778
ALB	ESR1	9606.ENSP00000295897	9606.ENSP00000405330	0	0	0	0	0.042	0.045	0	0.795	0.796
ALB	F3	9606.ENSP00000295897	9606.ENSP00000334145	0	0	0	0	0	0	0	0.799	0.799
ALB	CASP3	9606.ENSP00000295897	9606.ENSP00000311032	0	0	0	0	0	0	0	0.815	0.815
ALB	TLR4	9606.ENSP00000295897	9606.ENSP00000363089	0	0	0	0	0	0	0	0.821	0.821
ALB	ANPEP	9606.ENSP00000295897	9606.ENSP00000300060	0	0	0	0	0.049	0	0	0.865	0.866
ALB	TNF	9606.ENSP00000295897	9606.ENSP00000398698	0	0	0	0	0	0	0	0.870	0.870
ALB	PLG	9606.ENSP00000295897	9606.ENSP00000308938	0	0	0	0	0.709	0.052	0	0.878	0.963
ALB	F2	9606.ENSP00000295897	9606.ENSP00000308541	0	0	0	0	0.652	0.052	0	0.973	0.990
ALB	FCGRT	9606.ENSP00000295897	9606.ENSP00000410798	0	0	0	0	0.069	0.958	0	0.997	0.999
ALK	MAPK1	9606.ENSP00000373700	9606.ENSP00000215832	0	0	0	0	0.056	0.222	0	0.339	0.472
ALK	ATIC	9606.ENSP00000373700	9606.ENSP00000236959	0	0	0	0	0	0.059	0.500	0.867	0.932
ALK	RARA	9606.ENSP00000373700	9606.ENSP00000254066	0	0	0	0	0.046	0.071	0	0.402	0.424
ALK	MDM2	9606.ENSP00000373700	9606.ENSP00000258149	0	0	0	0	0	0.050	0	0.553	0.558
ALK	PIK3CA	9606.ENSP00000373700	9606.ENSP00000263967	0	0	0	0	0	0.069	0.900	0.801	0.979
ALK	BCL2A1	9606.ENSP00000373700	9606.ENSP00000267953	0	0	0	0	0	0	0	0.707	0.707
ALK	ERBB2	9606.ENSP00000373700	9606.ENSP00000269571	0	0	0	0.568	0	0.620	0	0.433	0.775
ALK	EGFR	9606.ENSP00000373700	9606.ENSP00000275493	0	0	0	0.566	0	0.100	0	0.473	0.505
ALK	MAP2K1	9606.ENSP00000373700	9606.ENSP00000302486	0	0	0	0.566	0	0.161	0	0.365	0.445
ALK	TERT	9606.ENSP00000373700	9606.ENSP00000309572	0	0	0	0	0.042	0.049	0	0.587	0.591
ALK	CASP3	9606.ENSP00000373700	9606.ENSP00000311032	0	0	0	0	0	0.067	0	0.434	0.450
ALK	TYMS	9606.ENSP00000373700	9606.ENSP00000315644	0	0	0	0	0	0	0	0.432	0.432
ALK	PGR	9606.ENSP00000373700	9606.ENSP00000325120	0	0	0	0	0.046	0.071	0	0.379	0.402
ALK	HSP90AA1	9606.ENSP00000373700	9606.ENSP00000335153	0	0	0	0	0	0.223	0	0.707	0.762
ALK	PTK2	9606.ENSP00000373700	9606.ENSP00000341189	0	0	0	0.590	0	0.094	0	0.481	0.509
ALK	RET	9606.ENSP00000373700	9606.ENSP00000347942	0	0	0	0.598	0	0.256	0	0.595	0.686
ALK	NTRK3	9606.ENSP00000373700	9606.ENSP00000354207	0	0	0	0.644	0.042	0.053	0	0.519	0.525
ALK	MTOR	9606.ENSP00000373700	9606.ENSP00000354558	0	0	0	0	0	0.073	0	0.662	0.673
ALK	PARP1	9606.ENSP00000373700	9606.ENSP00000355759	0	0	0	0	0	0	0	0.514	0.514
ALK	MCL1	9606.ENSP00000373700	9606.ENSP00000358022	0	0	0	0	0	0	0	0.412	0.412
ALK	HSP90AB1	9606.ENSP00000373700	9606.ENSP00000360609	0	0	0	0	0	0.224	0	0.698	0.756
ALK	SRC	9606.ENSP00000373700	9606.ENSP00000362680	0	0	0	0.689	0	0.314	0.500	0.500	0.813
ALK	EDNRB	9606.ENSP00000373700	9606.ENSP00000366416	0	0	0	0	0.121	0	0	0.466	0.511
ALK	PIK3CD	9606.ENSP00000373700	9606.ENSP00000366563	0	0	0	0	0	0.069	0.900	0.284	0.927
ALK	JAK2	9606.ENSP00000373700	9606.ENSP00000371067	0	0	0	0.562	0	0.162	0.900	0.307	0.936
ALK	TNK2	9606.ENSP00000373700	9606.ENSP00000371341	0	0	0	0.575	0	0.300	0	0.486	0.625
ALK	BRAF	9606.ENSP00000373700	9606.ENSP00000419060	0	0	0	0.574	0	0	0	0.405	0.405
ALK	PTPRC	9606.ENSP00000373700	9606.ENSP00000411355	0	0	0	0	0	0.097	0	0.475	0.506
ALK	CXCR4	9606.ENSP00000373700	9606.ENSP00000386884	0	0	0	0	0	0	0	0.512	0.512
ALK	PTPN6	9606.ENSP00000373700	9606.ENSP00000391592	0	0	0	0	0	0.097	0.400	0.193	0.524
ALK	ESR1	9606.ENSP00000373700	9606.ENSP00000405330	0	0	0	0	0.046	0.071	0	0.508	0.525
ALK	MME	9606.ENSP00000373700	9606.ENSP00000418525	0	0	0	0	0.086	0	0	0.546	0.568
ALK	BCL2	9606.ENSP00000373700	9606.ENSP00000381185	0	0	0	0	0	0	0	0.579	0.579
ALK	PTPN11	9606.ENSP00000373700	9606.ENSP00000489597	0	0	0	0	0	0.214	0	0.743	0.790
ALK	TGFBR1	9606.ENSP00000373700	9606.ENSP00000447297	0	0	0	0	0	0.092	0	0.876	0.882
ALK	PIK3CB	9606.ENSP00000373700	9606.ENSP00000501150	0	0	0	0	0	0.186	0.900	0.275	0.935
ALK	JAK1	9606.ENSP00000373700	9606.ENSP00000499900	0	0	0	0.561	0	0	0.900	0.465	0.944
ALK	JAK3	9606.ENSP00000373700	9606.ENSP00000432511	0	0	0	0.560	0	0.369	0.900	0.282	0.950
ALK	GRB2	9606.ENSP00000373700	9606.ENSP00000376345	0	0	0	0	0	0.688	0.500	0.794	0.965
ALK	PIK3R1	9606.ENSP00000373700	9606.ENSP00000428056	0	0	0	0	0	0.378	0.900	0.606	0.973
ALOX12	TUBB1	9606.ENSP00000251535	9606.ENSP00000217133	0	0	0	0	0.409	0	0	0.042	0.409
ALOX12	LTA4H	9606.ENSP00000251535	9606.ENSP00000228740	0	0	0	0	0	0.050	0	0.465	0.470
ALOX12	MAPK8	9606.ENSP00000251535	9606.ENSP00000378974	0	0	0	0	0	0	0	0.404	0.404
ALOX12	EPHX2	9606.ENSP00000251535	9606.ENSP00000430269	0	0	0	0	0	0.050	0	0.408	0.413
ALOX12	MPL	9606.ENSP00000251535	9606.ENSP00000361548	0	0	0	0	0.411	0	0	0.093	0.443
ALOX12	MAPK9	9606.ENSP00000251535	9606.ENSP00000394560	0	0	0	0	0	0	0	0.452	0.452
ALOX12	FYN	9606.ENSP00000251535	9606.ENSP00000346671	0	0	0	0	0.053	0.066	0	0.434	0.456
ALOX12	MAP2K2	9606.ENSP00000251535	9606.ENSP00000262948	0	0	0	0	0.055	0	0	0.470	0.477
ALOX12	PTK2	9606.ENSP00000251535	9606.ENSP00000341189	0	0	0	0	0.060	0	0	0.477	0.487
ALOX12	ALOX5AP	9606.ENSP00000251535	9606.ENSP00000479870	0	0	0	0	0.108	0.053	0	0.571	0.606
ALOX12	ITGA2B	9606.ENSP00000251535	9606.ENSP00000262407	0	0	0	0	0.571	0	0	0.233	0.657
ALOX12	PLA2G4B	9606.ENSP00000251535	9606.ENSP00000396045	0	0	0	0	0	0	0.650	0.103	0.672
ALOX12	PLA2G2A	9606.ENSP00000251535	9606.ENSP00000383364	0	0	0	0	0	0.292	0.650	0.348	0.824
ALOX12	ALOX15	9606.ENSP00000251535	9606.ENSP00000293761	0	0	0.055	0.970	0.053	0	0.900	0.075	0.906
ALOX12	ALOX5	9606.ENSP00000251535	9606.ENSP00000363512	0	0	0.084	0.907	0.060	0	0.900	0.119	0.914
ALOX12	CYP2C19	9606.ENSP00000251535	9606.ENSP00000360372	0	0	0	0	0.062	0.065	0.900	0.146	0.915
ALOX12	CYP2C9	9606.ENSP00000251535	9606.ENSP00000260682	0	0	0	0	0.062	0.065	0.900	0.193	0.919
ALOX12	PTGS2	9606.ENSP00000251535	9606.ENSP00000356438	0	0	0	0	0.055	0	0.900	0.488	0.947
ALOX12	PTGS1	9606.ENSP00000251535	9606.ENSP00000354612	0	0	0	0	0.201	0	0.900	0.544	0.960
ALOX15	LTA4H	9606.ENSP00000293761	9606.ENSP00000228740	0	0	0	0	0	0	0	0.592	0.592
ALOX15	CYP2C9	9606.ENSP00000293761	9606.ENSP00000260682	0	0	0	0	0	0.071	0.900	0.226	0.921
ALOX15	PPARG	9606.ENSP00000293761	9606.ENSP00000287820	0	0	0	0	0	0.077	0	0.526	0.544
ALOX15	EPHX2	9606.ENSP00000293761	9606.ENSP00000430269	0	0	0	0	0	0	0	0.419	0.419
ALOX15	PTGES	9606.ENSP00000293761	9606.ENSP00000342385	0	0	0	0	0.059	0	0	0.449	0.459
ALOX15	TNF	9606.ENSP00000293761	9606.ENSP00000398698	0	0	0	0	0.043	0.065	0	0.453	0.467
ALOX15	TLR4	9606.ENSP00000293761	9606.ENSP00000363089	0	0	0	0	0	0.091	0	0.451	0.480
ALOX15	FPR2	9606.ENSP00000293761	9606.ENSP00000468897	0	0	0	0	0	0	0	0.509	0.509
ALOX15	ALOX5AP	9606.ENSP00000293761	9606.ENSP00000479870	0	0	0	0	0.111	0	0	0.610	0.639
ALOX15	PLA2G4B	9606.ENSP00000293761	9606.ENSP00000396045	0	0	0	0	0	0.045	0.650	0.296	0.744
ALOX15	PLA2G2A	9606.ENSP00000293761	9606.ENSP00000383364	0	0	0	0	0.063	0	0.650	0.475	0.812
ALOX15	CYP3A4	9606.ENSP00000293761	9606.ENSP00000498939	0	0	0	0	0	0.071	0.900	0.131	0.912
ALOX15	ALOX5	9606.ENSP00000293761	9606.ENSP00000363512	0	0	0.086	0.902	0	0	0.900	0.137	0.914
ALOX15	CYP1A2	9606.ENSP00000293761	9606.ENSP00000342007	0	0	0	0	0	0.071	0.900	0.166	0.915
ALOX15	CYP2C19	9606.ENSP00000293761	9606.ENSP00000360372	0	0	0	0	0	0.071	0.900	0.214	0.920
ALOX15	PTGS1	9606.ENSP00000293761	9606.ENSP00000354612	0	0	0	0	0.068	0.046	0.900	0.607	0.960
ALOX15	PTGS2	9606.ENSP00000293761	9606.ENSP00000356438	0	0	0	0	0.098	0.046	0.900	0.628	0.963
ALOX5	MMP2	9606.ENSP00000363512	9606.ENSP00000219070	0	0	0	0	0.057	0.045	0	0.645	0.653
ALOX5	MPO	9606.ENSP00000363512	9606.ENSP00000225275	0	0	0	0	0.105	0	0	0.402	0.442
ALOX5	NFKB1	9606.ENSP00000363512	9606.ENSP00000226574	0	0	0	0	0.084	0	0	0.423	0.449
ALOX5	LTA4H	9606.ENSP00000363512	9606.ENSP00000228740	0	0	0	0	0.104	0.050	0.900	0.924	0.992
ALOX5	CYP2C9	9606.ENSP00000363512	9606.ENSP00000260682	0	0	0	0	0.065	0.065	0.900	0.551	0.955
ALOX5	PPARG	9606.ENSP00000363512	9606.ENSP00000287820	0	0	0	0	0.093	0	0	0.480	0.509
ALOX5	NCSTN	9606.ENSP00000363512	9606.ENSP00000294785	0	0	0	0	0.059	0.360	0	0.147	0.442
ALOX5	CCR1	9606.ENSP00000363512	9606.ENSP00000296140	0	0	0	0	0.162	0	0	0.356	0.437
ALOX5	PRKACA	9606.ENSP00000363512	9606.ENSP00000309591	0	0	0	0	0	0.292	0	0.252	0.448
ALOX5	FADS1	9606.ENSP00000363512	9606.ENSP00000322229	0	0	0	0	0	0.053	0.109	0.375	0.427
ALOX5	PTGES	9606.ENSP00000363512	9606.ENSP00000342385	0	0	0	0	0	0	0	0.666	0.666
ALOX5	PTGS1	9606.ENSP00000363512	9606.ENSP00000354612	0	0	0	0	0.130	0	0.900	0.692	0.970
ALOX5	MAPKAPK2	9606.ENSP00000363512	9606.ENSP00000356070	0	0	0	0	0.044	0.510	0.750	0.178	0.890
ALOX5	PTGS2	9606.ENSP00000363512	9606.ENSP00000356438	0	0	0	0	0.072	0	0.900	0.741	0.973
ALOX5	CYP2C19	9606.ENSP00000363512	9606.ENSP00000360372	0	0	0	0	0.062	0.065	0.900	0.530	0.953
ALOX5	MMP9	9606.ENSP00000363512	9606.ENSP00000361405	0	0	0	0	0.178	0.045	0	0.388	0.478
ALOX5	TLR4	9606.ENSP00000363512	9606.ENSP00000363089	0	0	0	0	0.165	0	0	0.370	0.451
ALOX5	FGR	9606.ENSP00000363512	9606.ENSP00000363117	0	0	0	0	0.350	0.310	0	0.114	0.568
ALOX5	PPARA	9606.ENSP00000363512	9606.ENSP00000385523	0	0	0	0	0.086	0	0	0.374	0.403
ALOX5	FPR1	9606.ENSP00000363512	9606.ENSP00000471493	0	0	0	0	0.266	0	0	0.246	0.423
ALOX5	RELA	9606.ENSP00000363512	9606.ENSP00000384273	0	0	0	0	0.098	0.328	0	0.198	0.472
ALOX5	FPR2	9606.ENSP00000363512	9606.ENSP00000468897	0	0	0	0	0.158	0	0	0.446	0.514
ALOX5	EPHX2	9606.ENSP00000363512	9606.ENSP00000430269	0	0	0	0	0	0.050	0	0.514	0.519
ALOX5	GRB2	9606.ENSP00000363512	9606.ENSP00000376345	0	0	0	0	0.050	0.510	0	0.079	0.533
ALOX5	HCK	9606.ENSP00000363512	9606.ENSP00000365012	0	0	0	0	0.347	0.310	0	0.128	0.573
ALOX5	TNF	9606.ENSP00000363512	9606.ENSP00000398698	0	0	0	0	0.146	0	0	0.579	0.625
ALOX5	PLA2G4B	9606.ENSP00000363512	9606.ENSP00000396045	0	0	0	0	0	0	0.650	0.142	0.687
ALOX5	PLA2G2A	9606.ENSP00000363512	9606.ENSP00000383364	0	0	0	0	0.042	0	0.650	0.480	0.810
ALOX5	ALOX5AP	9606.ENSP00000363512	9606.ENSP00000479870	0	0	0	0	0.359	0.621	0.500	0.991	0.998
ALOX5AP	LTA4H	9606.ENSP00000479870	9606.ENSP00000228740	0	0	0	0	0.056	0	0	0.950	0.950
ALOX5AP	F13A1	9606.ENSP00000479870	9606.ENSP00000264870	0	0	0	0	0.293	0	0	0.217	0.423
ALOX5AP	F2	9606.ENSP00000479870	9606.ENSP00000308541	0	0	0	0	0	0	0	0.441	0.441
ALOX5AP	PTGES	9606.ENSP00000479870	9606.ENSP00000342385	0	0	0	0	0	0	0	0.847	0.847
ALOX5AP	PDE4D	9606.ENSP00000479870	9606.ENSP00000345502	0	0	0	0	0	0	0	0.522	0.522
ALOX5AP	PTGS1	9606.ENSP00000479870	9606.ENSP00000354612	0	0	0	0	0.145	0	0	0.459	0.517
ALOX5AP	PTGS2	9606.ENSP00000479870	9606.ENSP00000356438	0	0	0	0	0.105	0	0	0.447	0.484
ALOX5AP	FGR	9606.ENSP00000479870	9606.ENSP00000363117	0	0	0	0	0.352	0	0	0.177	0.444
ALOX5AP	PTPRC	9606.ENSP00000479870	9606.ENSP00000411355	0	0	0	0	0.325	0	0	0.193	0.433
ALOX5AP	EPHX2	9606.ENSP00000479870	9606.ENSP00000430269	0	0	0	0	0	0	0	0.610	0.610
ALOX5AP	FPR1	9606.ENSP00000479870	9606.ENSP00000471493	0	0	0	0	0.350	0	0	0.213	0.466
ANPEP	MAPK1	9606.ENSP00000300060	9606.ENSP00000215832	0	0	0	0	0.044	0.045	0	0.465	0.469
ANPEP	APEX1	9606.ENSP00000300060	9606.ENSP00000216714	0	0	0	0	0.042	0	0	0.478	0.478
ANPEP	MMP2	9606.ENSP00000300060	9606.ENSP00000219070	0	0	0	0	0.120	0	0	0.604	0.637
ANPEP	MPO	9606.ENSP00000300060	9606.ENSP00000225275	0	0	0	0	0.067	0	0	0.733	0.740
ANPEP	LAP3	9606.ENSP00000300060	9606.ENSP00000226299	0	0	0	0	0.102	0.071	0.900	0.631	0.965
ANPEP	FLT3	9606.ENSP00000300060	9606.ENSP00000241453	0	0	0	0	0.047	0	0	0.581	0.584
ANPEP	RARA	9606.ENSP00000300060	9606.ENSP00000254066	0	0	0	0	0.072	0	0	0.544	0.558
ANPEP	LGALS3	9606.ENSP00000300060	9606.ENSP00000254301	0	0	0	0	0.097	0	0	0.584	0.608
ANPEP	PDGFRB	9606.ENSP00000300060	9606.ENSP00000261799	0	0	0	0	0.082	0	0	0.604	0.621
ANPEP	ITGA2B	9606.ENSP00000300060	9606.ENSP00000262407	0	0	0	0	0.048	0	0	0.580	0.583
ANPEP	KDR	9606.ENSP00000300060	9606.ENSP00000263923	0	0	0	0	0.047	0	0	0.435	0.439
ANPEP	ICAM1	9606.ENSP00000300060	9606.ENSP00000264832	0	0	0	0	0.086	0	0	0.537	0.559
ANPEP	ENPEP	9606.ENSP00000300060	9606.ENSP00000265162	0	0	0.118	0.844	0.100	0.095	0	0.457	0.557
ANPEP	REN	9606.ENSP00000300060	9606.ENSP00000272190	0	0	0	0	0	0.045	0	0.665	0.666
ANPEP	EGFR	9606.ENSP00000300060	9606.ENSP00000275493	0	0	0	0	0.118	0	0	0.354	0.405
ANPEP	FLT1	9606.ENSP00000300060	9606.ENSP00000282397	0	0	0	0	0.047	0	0	0.585	0.588
ANPEP	CSF1R	9606.ENSP00000300060	9606.ENSP00000286301	0	0	0	0	0.105	0	0	0.499	0.532
ANPEP	VCAM1	9606.ENSP00000300060	9606.ENSP00000294728	0	0	0	0	0.063	0	0	0.525	0.536
ANPEP	CXCR1	9606.ENSP00000300060	9606.ENSP00000295683	0	0	0	0	0.080	0	0	0.626	0.641
ANPEP	PRCP	9606.ENSP00000300060	9606.ENSP00000377055	0	0	0	0	0.051	0	0	0.393	0.400
ANPEP	CTSS	9606.ENSP00000300060	9606.ENSP00000357981	0	0	0	0	0.099	0	0	0.363	0.402
ANPEP	ITGAL	9606.ENSP00000300060	9606.ENSP00000349252	0	0	0	0	0.062	0	0	0.419	0.431
ANPEP	CXCR4	9606.ENSP00000300060	9606.ENSP00000386884	0	0	0	0	0	0	0	0.455	0.455
ANPEP	CTSB	9606.ENSP00000300060	9606.ENSP00000345672	0	0	0	0	0.132	0	0	0.397	0.455
ANPEP	CTSL	9606.ENSP00000300060	9606.ENSP00000345344	0	0	0	0	0.087	0	0	0.431	0.459
ANPEP	ITGA4	9606.ENSP00000300060	9606.ENSP00000380227	0	0	0	0	0.086	0	0	0.446	0.471
ANPEP	BDKRB2	9606.ENSP00000300060	9606.ENSP00000450482	0	0	0	0	0.064	0	0	0.483	0.495
ANPEP	PREP	9606.ENSP00000300060	9606.ENSP00000499089	0.058	0	0	0	0.042	0	0	0.546	0.554
ANPEP	F3	9606.ENSP00000300060	9606.ENSP00000334145	0	0	0	0	0.055	0	0	0.586	0.592
ANPEP	ITGB3	9606.ENSP00000300060	9606.ENSP00000452786	0	0	0	0	0.109	0	0	0.571	0.601
ANPEP	TNF	9606.ENSP00000300060	9606.ENSP00000398698	0	0	0	0	0.042	0	0	0.638	0.638
ANPEP	MMP9	9606.ENSP00000300060	9606.ENSP00000361405	0	0	0	0	0.095	0	0	0.621	0.642
ANPEP	FURIN	9606.ENSP00000300060	9606.ENSP00000483552	0	0	0	0	0.097	0	0	0.622	0.644
ANPEP	CXCR2	9606.ENSP00000300060	9606.ENSP00000319635	0	0	0	0	0.075	0	0	0.631	0.644
ANPEP	PTPRC	9606.ENSP00000300060	9606.ENSP00000411355	0	0	0	0	0.103	0	0	0.774	0.788
ANPEP	ITGB1	9606.ENSP00000300060	9606.ENSP00000379350	0	0	0	0	0.047	0	0	0.802	0.804
ANPEP	MME	9606.ENSP00000300060	9606.ENSP00000418525	0.043	0	0	0	0.089	0	0	0.893	0.898
ANPEP	DPP4	9606.ENSP00000300060	9606.ENSP00000353731	0	0	0	0	0.153	0.053	0	0.921	0.931
APEX1	SIRT1	9606.ENSP00000216714	9606.ENSP00000212015	0.061	0	0	0	0.044	0.311	0	0.710	0.797
APEX1	MAPK1	9606.ENSP00000216714	9606.ENSP00000215832	0	0	0	0	0.049	0.077	0	0.490	0.513
APEX1	HDAC3	9606.ENSP00000216714	9606.ENSP00000302967	0	0	0	0	0.140	0.295	0	0.090	0.400
APEX1	CDC7	9606.ENSP00000216714	9606.ENSP00000393139	0	0	0	0	0.108	0	0	0.359	0.404
APEX1	CDK4	9606.ENSP00000216714	9606.ENSP00000257904	0	0	0	0	0.274	0	0	0.224	0.412
APEX1	MCL1	9606.ENSP00000216714	9606.ENSP00000358022	0	0	0	0	0	0.292	0	0.204	0.412
APEX1	HSP90AA1	9606.ENSP00000216714	9606.ENSP00000335153	0.053	0	0	0	0.084	0	0	0.396	0.430
APEX1	HMGB1	9606.ENSP00000216714	9606.ENSP00000345347	0	0	0	0	0.083	0.301	0	0.238	0.469
APEX1	TOP2A	9606.ENSP00000216714	9606.ENSP00000411532	0	0	0	0	0.171	0	0	0.394	0.476
APEX1	HDAC2	9606.ENSP00000216714	9606.ENSP00000430432	0	0	0	0	0.139	0.301	0	0.208	0.482
APEX1	IMPDH2	9606.ENSP00000216714	9606.ENSP00000321584	0.078	0	0	0	0.448	0	0	0.094	0.498
APEX1	HSP90AB1	9606.ENSP00000216714	9606.ENSP00000360609	0.053	0	0	0	0.184	0	0	0.402	0.498
APEX1	CHEK2	9606.ENSP00000216714	9606.ENSP00000372023	0	0	0	0	0.056	0.071	0	0.476	0.501
APEX1	MDM2	9606.ENSP00000216714	9606.ENSP00000258149	0.044	0	0	0	0	0.292	0	0.376	0.540
APEX1	HDAC1	9606.ENSP00000216714	9606.ENSP00000362649	0	0	0	0	0.135	0.301	0	0.327	0.558
APEX1	TOP1	9606.ENSP00000216714	9606.ENSP00000354522	0	0	0	0	0.065	0.073	0	0.561	0.586
APEX1	PRKDC	9606.ENSP00000216714	9606.ENSP00000313420	0	0	0	0	0.074	0.115	0	0.571	0.617
APEX1	BCL2	9606.ENSP00000216714	9606.ENSP00000381185	0	0	0	0	0.042	0	0	0.650	0.650
APEX1	ESR1	9606.ENSP00000216714	9606.ENSP00000405330	0	0	0	0	0	0.046	0	0.678	0.679
APEX1	ROCK1	9606.ENSP00000216714	9606.ENSP00000382697	0	0	0	0	0.055	0	0	0.684	0.689
APEX1	TDP1	9606.ENSP00000216714	9606.ENSP00000337353	0	0	0	0	0.120	0.289	0	0.860	0.904
APEX1	EP300	9606.ENSP00000216714	9606.ENSP00000263253	0	0	0	0	0.053	0.762	0	0.775	0.944
APEX1	PARP1	9606.ENSP00000216714	9606.ENSP00000355759	0	0	0	0	0.266	0.115	0.500	0.912	0.967
APEX1	POLB	9606.ENSP00000216714	9606.ENSP00000265421	0	0	0	0	0.049	0.510	0.900	0.970	0.998
APH1A	GSK3A	9606.ENSP00000358105	9606.ENSP00000222330	0	0	0	0	0.062	0	0	0.421	0.433
APH1A	APH1B	9606.ENSP00000358105	9606.ENSP00000261879	0	0	0.063	0.954	0	0	0.900	0.755	0.975
APH1A	APP	9606.ENSP00000358105	9606.ENSP00000284981	0	0	0	0	0.044	0.807	0.400	0.890	0.986
APH1A	NCSTN	9606.ENSP00000358105	9606.ENSP00000294785	0	0	0	0	0.137	0.999	0.900	0.999	0.999
APH1A	BACE1	9606.ENSP00000358105	9606.ENSP00000318585	0	0	0	0	0	0	0	0.793	0.793
APH1A	PSEN1	9606.ENSP00000358105	9606.ENSP00000326366	0	0	0	0	0.122	0.999	0.900	0.999	0.999
APH1A	EPHB3	9606.ENSP00000358105	9606.ENSP00000332118	0	0	0	0	0.047	0	0.400	0.051	0.409
APH1A	BACE2	9606.ENSP00000358105	9606.ENSP00000332979	0	0	0	0	0	0	0	0.599	0.599
APH1A	CTSB	9606.ENSP00000358105	9606.ENSP00000345672	0	0	0	0	0.067	0	0	0.491	0.504
APH1A	EPHB4	9606.ENSP00000358105	9606.ENSP00000350896	0	0	0	0	0.049	0	0.400	0.081	0.429
APH1A	PSEN2	9606.ENSP00000358105	9606.ENSP00000355747	0	0	0	0	0.112	0.999	0.800	0.998	0.999
APH1A	EPHB2	9606.ENSP00000358105	9606.ENSP00000383053	0	0	0	0	0	0	0.400	0.165	0.477
APH1A	CDK5	9606.ENSP00000358105	9606.ENSP00000419782	0	0	0	0	0.047	0	0	0.534	0.537
APH1A	MME	9606.ENSP00000358105	9606.ENSP00000418525	0	0	0	0	0	0	0	0.634	0.634
APH1A	TNF	9606.ENSP00000358105	9606.ENSP00000398698	0	0	0	0	0	0	0	0.820	0.820
APH1A	PSENEN	9606.ENSP00000358105	9606.ENSP00000468411	0	0	0	0	0.116	0.998	0.900	0.999	0.999
APH1B	EPHB2	9606.ENSP00000261879	9606.ENSP00000383053	0	0	0	0	0	0	0.400	0	0.400
APH1B	EPHB4	9606.ENSP00000261879	9606.ENSP00000350896	0	0	0	0	0	0	0.400	0	0.400
APH1B	EPHB3	9606.ENSP00000261879	9606.ENSP00000332118	0	0	0	0	0	0	0.400	0.051	0.406
APH1B	BACE2	9606.ENSP00000261879	9606.ENSP00000332979	0	0	0	0	0	0	0	0.519	0.519
APH1B	BACE1	9606.ENSP00000261879	9606.ENSP00000318585	0	0	0	0	0.049	0	0	0.590	0.593
APH1B	APP	9606.ENSP00000261879	9606.ENSP00000284981	0	0	0	0	0.042	0.077	0.400	0.778	0.866
APH1B	NCSTN	9606.ENSP00000261879	9606.ENSP00000294785	0	0	0	0	0.116	0.995	0.800	0.999	0.999
APH1B	PSENEN	9606.ENSP00000261879	9606.ENSP00000468411	0	0	0	0	0.098	0.995	0.800	0.999	0.999
APH1B	PSEN2	9606.ENSP00000261879	9606.ENSP00000355747	0	0	0	0	0.112	0.995	0.800	0.996	0.999
APH1B	PSEN1	9606.ENSP00000261879	9606.ENSP00000326366	0	0	0	0	0.121	0.995	0.800	0.997	0.999
APOBEC3A	CDA	9606.ENSP00000384359	9606.ENSP00000364212	0	0	0	0	0.083	0	0	0.916	0.920
APOBEC3G	BCL2A1	9606.ENSP00000385057	9606.ENSP00000267953	0	0	0	0	0.090	0.042	0	0.426	0.456
APOBEC3G	CCR5	9606.ENSP00000385057	9606.ENSP00000292303	0	0	0	0	0.086	0	0	0.726	0.739
APOBEC3G	HSP90AA1	9606.ENSP00000385057	9606.ENSP00000335153	0	0	0	0	0.062	0	0	0.540	0.550
APOBEC3G	STAT1	9606.ENSP00000385057	9606.ENSP00000354394	0	0	0	0	0.128	0	0	0.559	0.599
APOBEC3G	HSP90AB1	9606.ENSP00000385057	9606.ENSP00000360609	0	0	0	0	0.062	0	0	0.540	0.550
APOBEC3G	CDA	9606.ENSP00000385057	9606.ENSP00000364212	0	0	0	0	0.059	0	0	0.944	0.945
APOBEC3G	HDAC6	9606.ENSP00000385057	9606.ENSP00000365804	0	0	0	0	0.062	0.292	0	0.887	0.918
APOBEC3G	JAK2	9606.ENSP00000385057	9606.ENSP00000371067	0	0	0	0	0.075	0.044	0	0.414	0.436
APOBEC3G	CXCR4	9606.ENSP00000385057	9606.ENSP00000386884	0	0	0	0	0.061	0	0	0.489	0.500
APP	SIRT1	9606.ENSP00000284981	9606.ENSP00000212015	0	0	0	0	0	0	0	0.572	0.572
APP	MIF	9606.ENSP00000284981	9606.ENSP00000215754	0	0	0	0	0.049	0	0	0.495	0.499
APP	MAPK1	9606.ENSP00000284981	9606.ENSP00000215832	0	0	0	0	0.082	0.073	0.500	0.643	0.827
APP	MMP2	9606.ENSP00000284981	9606.ENSP00000219070	0	0	0	0	0.127	0.318	0	0.370	0.592
APP	PLAT	9606.ENSP00000284981	9606.ENSP00000220809	0	0	0	0	0.159	0.396	0	0.410	0.674
APP	GSK3A	9606.ENSP00000284981	9606.ENSP00000222330	0	0	0	0	0.058	0.602	0	0.821	0.927
APP	RPS6KB1	9606.ENSP00000284981	9606.ENSP00000225577	0	0	0	0	0.082	0.116	0	0.371	0.446
APP	NFKB1	9606.ENSP00000284981	9606.ENSP00000226574	0	0	0	0	0.042	0.071	0.400	0.785	0.870
APP	NR3C1	9606.ENSP00000284981	9606.ENSP00000231509	0	0	0	0	0.068	0	0	0.574	0.586
APP	CTSD	9606.ENSP00000284981	9606.ENSP00000236671	0	0	0	0	0.063	0.338	0	0.607	0.735
APP	TTR	9606.ENSP00000284981	9606.ENSP00000237014	0	0	0	0	0	0.712	0.400	0.907	0.982
APP	MDM2	9606.ENSP00000284981	9606.ENSP00000258149	0	0	0	0	0.049	0.165	0	0.483	0.553
APP	ITGA2B	9606.ENSP00000284981	9606.ENSP00000262407	0	0	0	0	0.070	0.292	0	0.457	0.611
APP	EP300	9606.ENSP00000284981	9606.ENSP00000263253	0	0	0	0	0.067	0	0	0.958	0.959
APP	KAT2B	9606.ENSP00000284981	9606.ENSP00000263754	0	0	0	0	0	0	0	0.463	0.463
APP	KDR	9606.ENSP00000284981	9606.ENSP00000263923	0	0	0	0	0.112	0.301	0	0.235	0.484
APP	BCHE	9606.ENSP00000284981	9606.ENSP00000264381	0	0	0	0	0.062	0	0	0.721	0.727
APP	ICAM1	9606.ENSP00000284981	9606.ENSP00000264832	0	0	0	0	0	0	0	0.595	0.595
APP	F13A1	9606.ENSP00000284981	9606.ENSP00000264870	0	0	0	0	0.049	0	0	0.427	0.431
APP	CASP6	9606.ENSP00000284981	9606.ENSP00000265164	0	0	0	0	0.055	0.596	0	0.766	0.903
APP	SLC6A3	9606.ENSP00000284981	9606.ENSP00000270349	0	0	0	0	0	0	0	0.479	0.479
APP	EGFR	9606.ENSP00000284981	9606.ENSP00000275493	0	0	0	0	0.106	0.621	0	0.701	0.889
APP	SIGMAR1	9606.ENSP00000284981	9606.ENSP00000277010	0	0	0	0	0.042	0.292	0	0.368	0.533
APP	P2RY12	9606.ENSP00000284981	9606.ENSP00000307259	0	0	0	0	0	0	0	0.405	0.405
APP	PTPRC	9606.ENSP00000284981	9606.ENSP00000411355	0	0	0	0	0.042	0.053	0	0.398	0.406
APP	IGF1R	9606.ENSP00000284981	9606.ENSP00000497069	0	0	0	0	0.134	0	0	0.343	0.406
APP	MDM4	9606.ENSP00000284981	9606.ENSP00000356150	0	0	0	0	0	0.045	0	0.405	0.407
APP	CASP7	9606.ENSP00000284981	9606.ENSP00000358327	0	0	0	0	0.055	0	0	0.403	0.412
APP	CSF1R	9606.ENSP00000284981	9606.ENSP00000286301	0	0	0	0	0.053	0.047	0	0.401	0.413
APP	CDC42	9606.ENSP00000284981	9606.ENSP00000497733	0	0	0	0	0.058	0.076	0	0.381	0.415
APP	ITGB3	9606.ENSP00000284981	9606.ENSP00000452786	0	0	0	0	0.087	0.292	0	0.184	0.426
APP	CASP9	9606.ENSP00000284981	9606.ENSP00000330237	0	0	0	0	0.053	0	0	0.423	0.430
APP	CDK1	9606.ENSP00000284981	9606.ENSP00000378699	0	0	0	0	0	0.074	0	0.411	0.431
APP	CASP8	9606.ENSP00000284981	9606.ENSP00000351273	0	0	0	0	0.053	0.074	0	0.404	0.431
APP	HMGCR	9606.ENSP00000284981	9606.ENSP00000287936	0	0	0	0	0.060	0	0	0.420	0.431
APP	ESR1	9606.ENSP00000284981	9606.ENSP00000405330	0	0	0	0	0	0	0	0.435	0.435
APP	CCR5	9606.ENSP00000284981	9606.ENSP00000292303	0	0	0	0	0	0	0	0.445	0.445
APP	HTR2A	9606.ENSP00000284981	9606.ENSP00000437737	0	0	0	0	0	0	0	0.448	0.448
APP	CTSS	9606.ENSP00000284981	9606.ENSP00000357981	0	0	0	0	0.043	0	0	0.447	0.448
APP	HTR1A	9606.ENSP00000284981	9606.ENSP00000316244	0	0	0	0	0	0	0	0.450	0.450
APP	PRKCE	9606.ENSP00000284981	9606.ENSP00000306124	0	0	0	0	0.088	0.077	0	0.407	0.457
APP	HSP90AB1	9606.ENSP00000284981	9606.ENSP00000360609	0	0	0	0	0.100	0.050	0	0.425	0.465
APP	PRKACA	9606.ENSP00000284981	9606.ENSP00000309591	0	0	0	0	0.062	0.073	0	0.450	0.480
APP	FURIN	9606.ENSP00000284981	9606.ENSP00000483552	0	0	0	0	0.047	0.073	0	0.462	0.483
APP	STAT1	9606.ENSP00000284981	9606.ENSP00000354394	0	0	0	0	0.057	0	0	0.474	0.483
APP	GRIA2	9606.ENSP00000284981	9606.ENSP00000296526	0	0	0	0	0.072	0	0	0.470	0.487
APP	MAOA	9606.ENSP00000284981	9606.ENSP00000340684	0	0	0	0	0.068	0	0	0.477	0.491
APP	MTOR	9606.ENSP00000284981	9606.ENSP00000354558	0	0	0	0	0.049	0	0	0.487	0.491
APP	TUBA1A	9606.ENSP00000284981	9606.ENSP00000439020	0	0	0	0	0.067	0.077	0	0.460	0.494
APP	PRKCD	9606.ENSP00000284981	9606.ENSP00000331602	0	0	0	0	0.067	0.077	0	0.462	0.496
APP	FKBP1A	9606.ENSP00000284981	9606.ENSP00000383003	0	0	0	0	0.084	0.042	0	0.474	0.498
APP	NOS1	9606.ENSP00000284981	9606.ENSP00000477999	0	0	0	0	0	0	0	0.501	0.501
APP	CASP1	9606.ENSP00000284981	9606.ENSP00000433138	0	0	0	0	0.055	0.074	0	0.476	0.502
APP	F3	9606.ENSP00000284981	9606.ENSP00000334145	0	0	0	0	0.062	0	0	0.496	0.507
APP	DRD3	9606.ENSP00000284981	9606.ENSP00000373169	0	0	0	0	0	0	0	0.518	0.518
APP	CXCR4	9606.ENSP00000284981	9606.ENSP00000386884	0	0	0	0	0.044	0	0	0.523	0.524
APP	DHFR	9606.ENSP00000284981	9606.ENSP00000396308	0	0	0	0	0	0	0	0.524	0.524
APP	ROCK1	9606.ENSP00000284981	9606.ENSP00000382697	0	0	0	0	0.042	0	0	0.527	0.527
APP	PPARG	9606.ENSP00000284981	9606.ENSP00000287820	0	0	0	0	0	0	0	0.548	0.548
APP	RELA	9606.ENSP00000284981	9606.ENSP00000384273	0	0	0	0	0.055	0.045	0.400	0.270	0.552
APP	VCAM1	9606.ENSP00000284981	9606.ENSP00000294728	0	0	0	0	0.044	0.145	0	0.508	0.563
APP	HMGB1	9606.ENSP00000284981	9606.ENSP00000345347	0	0	0	0	0.042	0.073	0.400	0.310	0.583
APP	FPR1	9606.ENSP00000284981	9606.ENSP00000471493	0	0	0	0	0	0	0.500	0.201	0.583
APP	MAOB	9606.ENSP00000284981	9606.ENSP00000367309	0	0	0	0	0.072	0	0	0.576	0.589
APP	BCL2	9606.ENSP00000284981	9606.ENSP00000381185	0	0	0	0	0	0.071	0	0.581	0.594
APP	HSP90AA1	9606.ENSP00000284981	9606.ENSP00000335153	0	0	0	0	0.092	0.317	0	0.451	0.630
APP	PTGS2	9606.ENSP00000284981	9606.ENSP00000356438	0	0	0	0	0.047	0.292	0	0.512	0.642
APP	MMP9	9606.ENSP00000284981	9606.ENSP00000361405	0	0	0	0	0.052	0.292	0	0.512	0.644
APP	CAPN1	9606.ENSP00000284981	9606.ENSP00000431984	0	0	0	0	0.074	0.070	0.500	0.305	0.660
APP	TLR4	9606.ENSP00000284981	9606.ENSP00000363089	0	0	0	0	0.042	0	0	0.670	0.670
APP	NOS3	9606.ENSP00000284981	9606.ENSP00000297494	0	0	0	0	0	0.292	0	0.563	0.677
APP	LRRK2	9606.ENSP00000284981	9606.ENSP00000298910	0	0	0	0	0	0.292	0	0.573	0.684
APP	PLG	9606.ENSP00000284981	9606.ENSP00000308938	0	0	0	0	0	0.183	0	0.630	0.685
APP	PLAU	9606.ENSP00000284981	9606.ENSP00000361850	0	0	0	0	0.116	0.210	0	0.600	0.696
APP	BTK	9606.ENSP00000284981	9606.ENSP00000483570	0	0	0	0	0.047	0	0.500	0.417	0.697
APP	ECE1	9606.ENSP00000284981	9606.ENSP00000364028	0	0	0	0	0.067	0.064	0	0.691	0.707
APP	CHRNA7	9606.ENSP00000284981	9606.ENSP00000407546	0	0	0	0	0	0.531	0	0.420	0.716
APP	MAPK8	9606.ENSP00000284981	9606.ENSP00000378974	0	0	0	0	0.049	0.292	0	0.615	0.718
APP	EPHB2	9606.ENSP00000284981	9606.ENSP00000383053	0	0	0	0	0.062	0.311	0	0.620	0.733
APP	ITGB1	9606.ENSP00000284981	9606.ENSP00000379350	0	0	0	0	0.143	0.070	0	0.724	0.761
APP	GRIN1	9606.ENSP00000284981	9606.ENSP00000360608	0	0	0	0	0.097	0.535	0	0.508	0.776
APP	FYN	9606.ENSP00000284981	9606.ENSP00000346671	0	0	0	0	0	0.074	0	0.772	0.780
APP	TNF	9606.ENSP00000284981	9606.ENSP00000398698	0	0	0	0	0	0.126	0	0.780	0.799
APP	BACE2	9606.ENSP00000284981	9606.ENSP00000332979	0	0	0	0	0.062	0.119	0	0.829	0.847
APP	NTRK1	9606.ENSP00000284981	9606.ENSP00000431418	0	0	0	0	0	0.295	0	0.804	0.856
APP	MME	9606.ENSP00000284981	9606.ENSP00000418525	0	0	0	0	0.042	0.093	0	0.848	0.857
APP	SRC	9606.ENSP00000284981	9606.ENSP00000362680	0	0	0	0	0.067	0.292	0.500	0.638	0.864
APP	CDK5	9606.ENSP00000284981	9606.ENSP00000419782	0	0	0	0	0.042	0.096	0	0.860	0.868
APP	GRIN2B	9606.ENSP00000284981	9606.ENSP00000477455	0	0	0	0	0	0.510	0	0.749	0.872
APP	GSK3B	9606.ENSP00000284981	9606.ENSP00000324806	0	0	0	0	0.108	0.606	0	0.730	0.897
APP	CTSB	9606.ENSP00000284981	9606.ENSP00000345672	0	0	0	0	0.091	0	0	0.897	0.902
APP	CASP3	9606.ENSP00000284981	9606.ENSP00000311032	0	0	0	0	0.060	0.603	0	0.774	0.908
APP	GRB2	9606.ENSP00000284981	9606.ENSP00000376345	0	0	0	0	0.047	0.292	0	0.926	0.945
APP	PSEN2	9606.ENSP00000284981	9606.ENSP00000355747	0	0	0	0	0.049	0.339	0	0.954	0.969
APP	PSENEN	9606.ENSP00000284981	9606.ENSP00000468411	0	0	0	0	0	0.806	0.400	0.896	0.986
APP	FPR2	9606.ENSP00000284981	9606.ENSP00000468897	0	0	0	0	0	0.903	0.500	0.759	0.987
APP	NCSTN	9606.ENSP00000284981	9606.ENSP00000294785	0	0	0	0	0.060	0.949	0.400	0.940	0.998
APP	BACE1	9606.ENSP00000284981	9606.ENSP00000318585	0	0	0	0	0.073	0.860	0.750	0.999	0.999
APP	PSEN1	9606.ENSP00000284981	9606.ENSP00000326366	0	0	0	0	0.049	0.981	0	0.991	0.999
AR	SIRT1	9606.ENSP00000363822	9606.ENSP00000212015	0	0	0	0	0	0.300	0	0.628	0.728
AR	MAPK1	9606.ENSP00000363822	9606.ENSP00000215832	0	0	0	0	0	0.292	0	0.360	0.527
AR	AURKA	9606.ENSP00000363822	9606.ENSP00000216911	0	0	0	0	0.057	0	0	0.474	0.482
AR	STS	9606.ENSP00000363822	9606.ENSP00000217961	0	0	0	0	0.067	0	0	0.399	0.415
AR	MMP2	9606.ENSP00000363822	9606.ENSP00000219070	0	0	0	0	0.059	0	0	0.400	0.412
AR	GSK3A	9606.ENSP00000363822	9606.ENSP00000222330	0	0	0	0	0	0.314	0	0.250	0.463
AR	RPS6KB1	9606.ENSP00000363822	9606.ENSP00000225577	0	0	0	0	0.055	0.053	0	0.430	0.445
AR	HSD17B1	9606.ENSP00000363822	9606.ENSP00000225929	0	0	0	0	0	0	0	0.454	0.454
AR	GNRHR	9606.ENSP00000363822	9606.ENSP00000226413	0	0	0	0	0	0	0	0.448	0.448
AR	NFKB1	9606.ENSP00000363822	9606.ENSP00000226574	0	0	0	0	0	0	0	0.475	0.475
AR	NR3C1	9606.ENSP00000363822	9606.ENSP00000231509	0	0	0	0.809	0.042	0	0.500	0.607	0.795
AR	CCNA1	9606.ENSP00000363822	9606.ENSP00000255465	0	0	0	0	0.049	0	0	0.402	0.407
AR	CDK7	9606.ENSP00000363822	9606.ENSP00000256443	0	0	0	0	0	0.510	0	0.302	0.643
AR	CDK4	9606.ENSP00000363822	9606.ENSP00000257904	0	0	0	0	0	0.045	0	0.549	0.551
AR	MDM2	9606.ENSP00000363822	9606.ENSP00000258149	0	0	0	0	0	0.920	0	0.979	0.998
AR	EP300	9606.ENSP00000363822	9606.ENSP00000263253	0	0	0	0	0.043	0.843	0	0.710	0.952
AR	KAT2B	9606.ENSP00000363822	9606.ENSP00000263754	0	0	0	0	0.042	0.524	0	0.359	0.682
AR	PIK3CA	9606.ENSP00000363822	9606.ENSP00000263967	0	0	0	0	0	0	0	0.571	0.571
AR	HDAC4	9606.ENSP00000363822	9606.ENSP00000264606	0	0	0	0	0.046	0.512	0	0.311	0.651
AR	CDK2	9606.ENSP00000363822	9606.ENSP00000266970	0	0	0	0	0	0.045	0	0.493	0.495
AR	ERBB2	9606.ENSP00000363822	9606.ENSP00000269571	0	0	0	0	0.058	0.092	0	0.772	0.788
AR	REN	9606.ENSP00000363822	9606.ENSP00000272190	0	0	0	0	0	0	0	0.581	0.581
AR	SRD5A1	9606.ENSP00000363822	9606.ENSP00000274192	0	0	0	0	0.053	0	0	0.627	0.631
AR	EGFR	9606.ENSP00000363822	9606.ENSP00000275493	0	0	0	0	0	0.536	0	0.720	0.864
AR	PPARG	9606.ENSP00000363822	9606.ENSP00000287820	0	0	0	0.571	0	0	0	0.517	0.517
AR	HDAC3	9606.ENSP00000363822	9606.ENSP00000302967	0	0	0	0	0	0.366	0.500	0.216	0.730
AR	FASN	9606.ENSP00000363822	9606.ENSP00000304592	0	0	0	0	0.042	0	0	0.432	0.433
AR	P2RY1	9606.ENSP00000363822	9606.ENSP00000304767	0	0	0	0	0.042	0	0	0.543	0.543
AR	TERT	9606.ENSP00000363822	9606.ENSP00000309572	0	0	0	0	0	0	0	0.420	0.420
AR	PRKACA	9606.ENSP00000363822	9606.ENSP00000309591	0	0	0	0	0.048	0	0.900	0.415	0.939
AR	CASP3	9606.ENSP00000363822	9606.ENSP00000311032	0	0	0	0	0.046	0	0	0.595	0.597
AR	CAMKK2	9606.ENSP00000363822	9606.ENSP00000312741	0	0	0	0	0	0.295	0	0.324	0.503
AR	HNF4A	9606.ENSP00000363822	9606.ENSP00000312987	0	0	0	0.614	0	0.266	0	0.516	0.630
AR	PRKDC	9606.ENSP00000363822	9606.ENSP00000313420	0	0	0	0	0	0.510	0	0.358	0.672
AR	MET	9606.ENSP00000363822	9606.ENSP00000317272	0	0	0	0	0.046	0.071	0	0.488	0.507
AR	GSK3B	9606.ENSP00000363822	9606.ENSP00000324806	0	0	0	0	0	0.314	0	0.778	0.841
AR	PGR	9606.ENSP00000363822	9606.ENSP00000325120	0	0	0	0.806	0.124	0	0.500	0.509	0.766
AR	HSP90AA1	9606.ENSP00000363822	9606.ENSP00000335153	0	0	0	0	0.054	0.901	0.900	0.990	0.999
AR	TRIM24	9606.ENSP00000363822	9606.ENSP00000340507	0	0	0	0	0	0.591	0	0.385	0.737
AR	ESR2	9606.ENSP00000363822	9606.ENSP00000343925	0	0	0	0.668	0.102	0	0	0.560	0.588
AR	NR3C2	9606.ENSP00000363822	9606.ENSP00000350815	0	0	0	0.771	0.042	0	0.500	0.444	0.710
AR	CASP8	9606.ENSP00000363822	9606.ENSP00000351273	0	0	0	0	0.046	0.304	0	0.357	0.536
AR	DNMT1	9606.ENSP00000363822	9606.ENSP00000352516	0	0	0	0	0	0	0	0.448	0.448
AR	TLR9	9606.ENSP00000363822	9606.ENSP00000353874	0	0	0	0	0	0.066	0	0.402	0.418
AR	STAT1	9606.ENSP00000363822	9606.ENSP00000354394	0	0	0	0	0	0.045	0	0.569	0.571
AR	MTOR	9606.ENSP00000363822	9606.ENSP00000354558	0	0	0	0	0	0	0	0.548	0.548
AR	PARP1	9606.ENSP00000363822	9606.ENSP00000355759	0	0	0	0	0	0	0	0.621	0.621
AR	PTGS2	9606.ENSP00000363822	9606.ENSP00000356438	0	0	0	0	0.047	0	0	0.420	0.423
AR	CYP17A1	9606.ENSP00000363822	9606.ENSP00000358903	0	0	0	0	0	0.056	0	0.794	0.797
AR	HSP90AB1	9606.ENSP00000363822	9606.ENSP00000360609	0	0	0	0	0.054	0.570	0.900	0.990	0.999
AR	MMP9	9606.ENSP00000363822	9606.ENSP00000361405	0	0	0	0	0	0	0	0.495	0.495
AR	KDM4A	9606.ENSP00000363822	9606.ENSP00000361473	0	0	0	0	0	0.328	0	0.636	0.745
AR	CDK9	9606.ENSP00000363822	9606.ENSP00000362361	0	0	0	0	0	0.292	0	0.370	0.534
AR	HDAC1	9606.ENSP00000363822	9606.ENSP00000362649	0	0	0	0	0	0.789	0	0.835	0.964
AR	SRC	9606.ENSP00000363822	9606.ENSP00000362680	0	0	0	0	0	0.748	0	0.944	0.985
AR	GSTP1	9606.ENSP00000363822	9606.ENSP00000381607	0	0	0	0	0	0.045	0	0.418	0.420
AR	CYP3A4	9606.ENSP00000363822	9606.ENSP00000498939	0	0	0	0	0.043	0.071	0	0.403	0.423
AR	HDAC6	9606.ENSP00000363822	9606.ENSP00000365804	0	0	0	0	0.072	0.045	0	0.408	0.430
AR	BCL2L1	9606.ENSP00000363822	9606.ENSP00000365230	0	0	0	0	0	0.045	0	0.475	0.477
AR	TNF	9606.ENSP00000363822	9606.ENSP00000398698	0	0	0	0	0.055	0	0	0.476	0.483
AR	CDK1	9606.ENSP00000363822	9606.ENSP00000378699	0	0	0	0	0	0.045	0	0.482	0.484
AR	RAF1	9606.ENSP00000363822	9606.ENSP00000401888	0	0	0	0	0	0.309	0	0.299	0.495
AR	HDAC2	9606.ENSP00000363822	9606.ENSP00000430432	0	0	0	0	0	0.361	0	0.387	0.592
AR	HSD17B3	9606.ENSP00000363822	9606.ENSP00000364412	0	0	0	0	0.056	0	0	0.587	0.594
AR	CXCR4	9606.ENSP00000363822	9606.ENSP00000386884	0	0	0	0	0	0	0	0.597	0.597
AR	BCL2	9606.ENSP00000363822	9606.ENSP00000381185	0	0	0	0	0	0.045	0	0.622	0.623
AR	RELA	9606.ENSP00000363822	9606.ENSP00000384273	0	0	0	0	0	0.232	0	0.597	0.677
AR	PIK3R1	9606.ENSP00000363822	9606.ENSP00000428056	0	0	0	0	0.083	0.173	0	0.610	0.678
AR	BRAF	9606.ENSP00000363822	9606.ENSP00000419060	0	0	0	0	0	0.071	0	0.673	0.683
AR	PRKCB	9606.ENSP00000363822	9606.ENSP00000496129	0	0	0	0	0	0.292	0	0.636	0.731
AR	KDM3A	9606.ENSP00000363822	9606.ENSP00000386660	0	0	0	0	0	0.292	0	0.638	0.732
AR	CYP19A1	9606.ENSP00000363822	9606.ENSP00000379683	0	0	0	0	0	0.056	0	0.784	0.787
AR	IGF1R	9606.ENSP00000363822	9606.ENSP00000497069	0	0	0	0	0.085	0.071	0	0.792	0.808
AR	SRD5A2	9606.ENSP00000363822	9606.ENSP00000477587	0	0	0	0	0.074	0	0	0.815	0.821
AR	TNK2	9606.ENSP00000363822	9606.ENSP00000371341	0	0	0	0	0	0.510	0	0.655	0.823
AR	ESR1	9606.ENSP00000363822	9606.ENSP00000405330	0	0	0	0.651	0.172	0	0	0.978	0.981
ATIC	CDA	9606.ENSP00000236959	9606.ENSP00000364212	0	0	0	0	0	0	0	0.403	0.403
ATIC	CTBP2	9606.ENSP00000236959	9606.ENSP00000311825	0.089	0	0	0	0.250	0	0	0.241	0.436
ATIC	HSP90AB1	9606.ENSP00000236959	9606.ENSP00000360609	0.053	0.094	0	0	0.227	0	0	0.302	0.475
ATIC	PNP	9606.ENSP00000236959	9606.ENSP00000354532	0	0	0	0	0.094	0	0	0.467	0.496
ATIC	PIK3R1	9606.ENSP00000236959	9606.ENSP00000428056	0	0	0	0	0	0	0.500	0	0.499
ATIC	GRB2	9606.ENSP00000236959	9606.ENSP00000376345	0	0	0	0	0.042	0	0.500	0.459	0.718
ATIC	FAAH	9606.ENSP00000236959	9606.ENSP00000243167	0.105	0	0	0	0.104	0	0.673	0.093	0.730
ATIC	TYMS	9606.ENSP00000236959	9606.ENSP00000315644	0	0	0	0	0.181	0.222	0	0.794	0.857
ATIC	DHFR	9606.ENSP00000236959	9606.ENSP00000396308	0.103	0	0	0	0.087	0	0.900	0.863	0.987
ATIC	IMPDH2	9606.ENSP00000236959	9606.ENSP00000321584	0.102	0	0	0	0.577	0	0.942	0.637	0.991
ATP4A	CYP2C9	9606.ENSP00000262623	9606.ENSP00000260682	0	0	0	0	0.049	0.042	0.099	0.604	0.631
ATP4A	CYP19A1	9606.ENSP00000262623	9606.ENSP00000379683	0	0	0	0	0.107	0.042	0.099	0.326	0.411
ATP4A	PTGS1	9606.ENSP00000262623	9606.ENSP00000354612	0	0	0	0	0	0	0	0.419	0.418
ATP4A	NR1I2	9606.ENSP00000262623	9606.ENSP00000336528	0	0	0	0	0	0	0	0.424	0.424
ATP4A	PSEN1	9606.ENSP00000262623	9606.ENSP00000326366	0	0	0	0	0.056	0	0	0.419	0.428
ATP4A	F3	9606.ENSP00000262623	9606.ENSP00000334145	0	0	0	0	0	0	0	0.447	0.447
ATP4A	CTSS	9606.ENSP00000262623	9606.ENSP00000357981	0	0	0	0	0.074	0	0	0.433	0.453
ATP4A	MTOR	9606.ENSP00000262623	9606.ENSP00000354558	0	0	0	0	0	0.072	0	0.435	0.453
ATP4A	CTSK	9606.ENSP00000262623	9606.ENSP00000271651	0	0	0	0	0.074	0	0	0.443	0.462
ATP4A	ESR1	9606.ENSP00000262623	9606.ENSP00000405330	0	0	0	0	0	0	0	0.466	0.465
ATP4A	SLC9A1	9606.ENSP00000262623	9606.ENSP00000263980	0	0	0	0	0.059	0.099	0	0.458	0.500
ATP4A	HMGCR	9606.ENSP00000262623	9606.ENSP00000287936	0	0	0	0	0	0.053	0	0.507	0.514
ATP4A	REN	9606.ENSP00000262623	9606.ENSP00000272190	0	0	0	0	0.042	0	0	0.535	0.536
ATP4A	CYP1A2	9606.ENSP00000262623	9606.ENSP00000342007	0	0	0	0	0	0.042	0.099	0.514	0.544
ATP4A	TNF	9606.ENSP00000262623	9606.ENSP00000398698	0	0	0	0	0	0.071	0	0.540	0.554
ATP4A	F2	9606.ENSP00000262623	9606.ENSP00000308541	0	0	0	0	0.066	0	0	0.582	0.593
ATP4A	PTGS2	9606.ENSP00000262623	9606.ENSP00000356438	0	0	0	0	0	0	0	0.594	0.594
ATP4A	P2RY12	9606.ENSP00000262623	9606.ENSP00000307259	0	0	0	0	0	0	0	0.663	0.663
ATP4A	CYP2D6	9606.ENSP00000262623	9606.ENSP00000496150	0	0	0	0	0.042	0.042	0.099	0.694	0.714
ATP4A	CYP3A4	9606.ENSP00000262623	9606.ENSP00000498939	0	0	0	0	0.042	0.042	0.099	0.720	0.738
ATP4A	CA2	9606.ENSP00000262623	9606.ENSP00000285379	0	0	0	0	0	0	0	0.797	0.797
ATP4A	CYP2C19	9606.ENSP00000262623	9606.ENSP00000360372	0	0	0	0	0.044	0.042	0.099	0.945	0.948
AURKA	IKBKB	9606.ENSP00000216911	9606.ENSP00000430684	0	0	0.102	0.619	0	0.311	0	0.124	0.411
AURKA	CSNK2A1	9606.ENSP00000216911	9606.ENSP00000217244	0	0	0	0.617	0.094	0.164	0	0.307	0.429
AURKA	HSP90AB1	9606.ENSP00000216911	9606.ENSP00000360609	0	0	0	0	0.067	0.164	0	0.326	0.429
AURKA	DNMT1	9606.ENSP00000216911	9606.ENSP00000352516	0	0	0	0	0.218	0	0	0.305	0.433
AURKA	RET	9606.ENSP00000216911	9606.ENSP00000347942	0	0	0	0.600	0	0	0	0.435	0.435
AURKA	NTRK3	9606.ENSP00000216911	9606.ENSP00000354207	0	0	0	0.604	0	0.067	0	0.423	0.439
AURKA	CASP3	9606.ENSP00000216911	9606.ENSP00000311032	0	0	0	0	0.097	0	0	0.404	0.440
AURKA	PDGFRB	9606.ENSP00000216911	9606.ENSP00000261799	0	0	0	0.568	0	0	0	0.455	0.455
AURKA	FLT3	9606.ENSP00000216911	9606.ENSP00000241453	0	0	0	0.569	0	0	0	0.468	0.468
AURKA	MAP2K1	9606.ENSP00000216911	9606.ENSP00000302486	0	0	0.111	0.662	0.047	0.095	0	0.392	0.471
AURKA	MAPK9	9606.ENSP00000216911	9606.ENSP00000394560	0	0	0.114	0.620	0.048	0	0	0.427	0.474
AURKA	PKMYT1	9606.ENSP00000216911	9606.ENSP00000262300	0	0	0.138	0.588	0.269	0.071	0	0.206	0.474
AURKA	MAPK8	9606.ENSP00000216911	9606.ENSP00000378974	0	0	0.108	0.607	0	0	0	0.436	0.475
AURKA	HDAC2	9606.ENSP00000216911	9606.ENSP00000430432	0	0	0	0	0.081	0.292	0	0.261	0.477
AURKA	EGFR	9606.ENSP00000216911	9606.ENSP00000275493	0	0	0	0.595	0	0.329	0	0.259	0.481
AURKA	RAF1	9606.ENSP00000216911	9606.ENSP00000401888	0	0	0	0.614	0.042	0.067	0	0.476	0.490
AURKA	PIK3CA	9606.ENSP00000216911	9606.ENSP00000263967	0	0	0	0	0	0	0	0.505	0.505
AURKA	TNF	9606.ENSP00000216911	9606.ENSP00000398698	0	0	0	0	0	0	0	0.509	0.509
AURKA	CDK7	9606.ENSP00000216911	9606.ENSP00000256443	0	0	0.126	0.664	0.072	0	0	0.444	0.510
AURKA	CDC42	9606.ENSP00000216911	9606.ENSP00000497733	0	0	0	0	0.055	0.047	0	0.516	0.526
AURKA	TYR	9606.ENSP00000216911	9606.ENSP00000263321	0	0	0	0	0.148	0.094	0	0.440	0.530
AURKA	BCL2L1	9606.ENSP00000216911	9606.ENSP00000365230	0	0	0	0	0	0.292	0	0.379	0.542
AURKA	HSP90AA1	9606.ENSP00000216911	9606.ENSP00000335153	0	0	0	0	0.062	0.381	0	0.331	0.578
AURKA	WEE1	9606.ENSP00000216911	9606.ENSP00000402084	0	0	0	0.572	0.130	0.071	0	0.527	0.584
AURKA	PARP1	9606.ENSP00000216911	9606.ENSP00000355759	0	0	0	0	0.189	0.091	0	0.491	0.592
AURKA	CDC7	9606.ENSP00000216911	9606.ENSP00000393139	0	0	0	0	0.246	0.075	0	0.467	0.596
AURKA	MCL1	9606.ENSP00000216911	9606.ENSP00000358022	0	0	0	0	0	0	0	0.598	0.598
AURKA	XIAP	9606.ENSP00000216911	9606.ENSP00000360242	0	0	0	0	0.142	0.410	0	0.300	0.614
AURKA	BCL2	9606.ENSP00000216911	9606.ENSP00000381185	0	0	0	0	0	0	0	0.625	0.625
AURKA	CCNA1	9606.ENSP00000216911	9606.ENSP00000255465	0	0	0	0	0.295	0	0	0.492	0.627
AURKA	PGR	9606.ENSP00000216911	9606.ENSP00000325120	0	0	0	0	0.057	0	0	0.622	0.628
AURKA	MDM2	9606.ENSP00000216911	9606.ENSP00000258149	0	0	0	0	0.055	0.292	0	0.510	0.643
AURKA	EP300	9606.ENSP00000216911	9606.ENSP00000263253	0	0	0	0	0.103	0	0.500	0.286	0.652
AURKA	CDC25B	9606.ENSP00000216911	9606.ENSP00000245960	0	0	0	0	0.145	0	0	0.650	0.688
AURKA	CDK4	9606.ENSP00000216911	9606.ENSP00000257904	0	0	0.167	0.645	0.357	0.095	0	0.461	0.704
AURKA	TYMS	9606.ENSP00000216911	9606.ENSP00000315644	0	0	0	0	0.551	0	0	0.421	0.729
AURKA	ESR1	9606.ENSP00000216911	9606.ENSP00000405330	0	0	0	0	0.057	0.302	0	0.678	0.769
AURKA	GSK3B	9606.ENSP00000216911	9606.ENSP00000324806	0	0	0	0.622	0.042	0.523	0	0.535	0.769
AURKA	NFKB1	9606.ENSP00000216911	9606.ENSP00000226574	0	0	0	0	0.063	0.549	0	0.552	0.794
AURKA	CCNE2	9606.ENSP00000216911	9606.ENSP00000429089	0	0	0	0	0.191	0.616	0	0.446	0.812
AURKA	NEK2	9606.ENSP00000216911	9606.ENSP00000355966	0	0	0.123	0.684	0.641	0	0	0.501	0.829
AURKA	CDC25C	9606.ENSP00000216911	9606.ENSP00000321656	0	0	0	0	0.645	0	0	0.544	0.831
AURKA	CDK2	9606.ENSP00000216911	9606.ENSP00000266970	0	0	0.130	0.753	0.372	0.637	0	0.495	0.886
AURKA	AURKB	9606.ENSP00000216911	9606.ENSP00000313950	0	0	0.061	0.958	0.573	0.421	0.540	0.387	0.922
AURKA	HDAC6	9606.ENSP00000216911	9606.ENSP00000365804	0	0	0	0	0	0.510	0	0.891	0.944
AURKA	CDK1	9606.ENSP00000216911	9606.ENSP00000378699	0	0	0.125	0.747	0.777	0.525	0	0.537	0.951
AURKA	TOP2A	9606.ENSP00000216911	9606.ENSP00000411532	0	0	0	0	0.826	0.071	0	0.791	0.963
AURKA	KIF11	9606.ENSP00000216911	9606.ENSP00000260731	0	0	0	0	0.812	0.272	0	0.816	0.972
AURKA	PLK1	9606.ENSP00000216911	9606.ENSP00000300093	0	0	0	0.741	0.902	0.690	0.500	0.840	0.997
AURKB	FLT3	9606.ENSP00000313950	9606.ENSP00000241453	0	0	0	0	0	0	0	0.606	0.606
AURKB	CDC25B	9606.ENSP00000313950	9606.ENSP00000245960	0	0	0	0	0.155	0	0	0.602	0.650
AURKB	CCNA1	9606.ENSP00000313950	9606.ENSP00000255465	0	0	0	0	0.299	0	0	0.600	0.708
AURKB	PDGFRA	9606.ENSP00000313950	9606.ENSP00000257290	0	0	0	0	0	0	0	0.527	0.527
AURKB	CDK4	9606.ENSP00000313950	9606.ENSP00000257904	0	0	0.182	0.635	0.359	0.095	0	0.271	0.608
AURKB	MDM2	9606.ENSP00000313950	9606.ENSP00000258149	0	0	0	0	0.055	0.292	0	0.450	0.599
AURKB	KIF11	9606.ENSP00000313950	9606.ENSP00000260731	0	0	0	0	0.768	0.272	0	0.804	0.964
AURKB	PKMYT1	9606.ENSP00000313950	9606.ENSP00000262300	0	0	0.129	0.595	0.369	0.071	0	0.216	0.547
AURKB	EP300	9606.ENSP00000313950	9606.ENSP00000263253	0	0	0	0	0.103	0.201	0	0.279	0.439
AURKB	PIK3CA	9606.ENSP00000313950	9606.ENSP00000263967	0	0	0	0	0	0	0	0.475	0.475
AURKB	CDK2	9606.ENSP00000313950	9606.ENSP00000266970	0	0	0.148	0.717	0.449	0.095	0	0.256	0.642
AURKB	ERBB2	9606.ENSP00000313950	9606.ENSP00000269571	0	0	0	0	0	0	0	0.432	0.432
AURKB	PLK1	9606.ENSP00000313950	9606.ENSP00000300093	0	0	0	0.744	0.789	0.212	0.500	0.351	0.939
AURKB	HDAC3	9606.ENSP00000313950	9606.ENSP00000302967	0	0	0	0	0.069	0.292	0	0.185	0.416
AURKB	CASP3	9606.ENSP00000313950	9606.ENSP00000311032	0	0	0	0	0.094	0	0	0.446	0.477
AURKB	PRKDC	9606.ENSP00000313950	9606.ENSP00000313420	0	0	0	0	0.092	0.365	0	0.285	0.552
AURKB	IMPDH2	9606.ENSP00000313950	9606.ENSP00000321584	0	0	0	0	0.119	0.292	0	0.119	0.403
AURKB	BCL2	9606.ENSP00000313950	9606.ENSP00000381185	0	0	0	0	0	0	0	0.405	0.405
AURKB	SRC	9606.ENSP00000313950	9606.ENSP00000362680	0	0	0	0.594	0	0.067	0	0.468	0.482
AURKB	CCNE2	9606.ENSP00000313950	9606.ENSP00000429089	0	0	0	0	0.190	0	0	0.417	0.508
AURKB	HDAC6	9606.ENSP00000313950	9606.ENSP00000365804	0	0	0	0	0.042	0	0	0.518	0.518
AURKB	TOP1	9606.ENSP00000313950	9606.ENSP00000354522	0	0	0	0	0.049	0	0	0.521	0.525
AURKB	PARP1	9606.ENSP00000313950	9606.ENSP00000355759	0	0	0	0	0.154	0.141	0	0.474	0.585
AURKB	CDC7	9606.ENSP00000313950	9606.ENSP00000393139	0	0	0	0	0.226	0.075	0	0.485	0.599
AURKB	HDAC1	9606.ENSP00000313950	9606.ENSP00000362649	0	0	0	0	0.086	0	0	0.583	0.603
AURKB	DNMT1	9606.ENSP00000313950	9606.ENSP00000352516	0	0	0	0	0.206	0	0	0.540	0.619
AURKB	XIAP	9606.ENSP00000313950	9606.ENSP00000360242	0	0	0	0	0.153	0.410	0	0.387	0.667
AURKB	TYMS	9606.ENSP00000313950	9606.ENSP00000315644	0	0	0	0	0.623	0	0	0.333	0.738
AURKB	WEE1	9606.ENSP00000313950	9606.ENSP00000402084	0	0	0	0	0.149	0.071	0	0.718	0.758
AURKB	NEK2	9606.ENSP00000313950	9606.ENSP00000355966	0	0	0.120	0.688	0.585	0	0	0.455	0.783
AURKB	CDC25C	9606.ENSP00000313950	9606.ENSP00000321656	0	0	0	0	0.664	0	0	0.551	0.843
AURKB	HSP90AA1	9606.ENSP00000313950	9606.ENSP00000335153	0	0	0	0	0.066	0.688	0	0.622	0.880
AURKB	HSP90AB1	9606.ENSP00000313950	9606.ENSP00000360609	0	0	0	0	0.064	0.700	0	0.620	0.884
AURKB	OGA	9606.ENSP00000313950	9606.ENSP00000354850	0	0	0	0	0.091	0	0	0.926	0.930
AURKB	TOP2A	9606.ENSP00000313950	9606.ENSP00000411532	0	0	0	0	0.831	0.314	0	0.761	0.970
AURKB	CDK1	9606.ENSP00000313950	9606.ENSP00000378699	0	0	0.138	0.719	0.950	0.331	0.400	0.856	0.997
AXL	MMP2	9606.ENSP00000301178	9606.ENSP00000219070	0	0	0	0	0.170	0	0	0.325	0.416
AXL	SERPINE1	9606.ENSP00000301178	9606.ENSP00000223095	0	0	0	0	0.211	0	0	0.524	0.609
AXL	NFKB1	9606.ENSP00000301178	9606.ENSP00000226574	0	0	0	0	0.043	0.095	0	0.386	0.422
AXL	LGALS3	9606.ENSP00000301178	9606.ENSP00000254301	0	0	0	0	0.042	0	0	0.508	0.508
AXL	PDGFRB	9606.ENSP00000301178	9606.ENSP00000261799	0	0	0	0.591	0.088	0.076	0	0.544	0.582
AXL	TYR	9606.ENSP00000301178	9606.ENSP00000263321	0	0	0	0	0.068	0.098	0	0.524	0.564
AXL	KDR	9606.ENSP00000301178	9606.ENSP00000263923	0	0	0	0.602	0.050	0.091	0.500	0.267	0.641
AXL	PIK3CA	9606.ENSP00000301178	9606.ENSP00000263967	0	0	0	0	0	0.069	0.500	0.493	0.743
AXL	ERBB2	9606.ENSP00000301178	9606.ENSP00000269571	0	0	0	0.597	0	0.091	0	0.750	0.763
AXL	EGFR	9606.ENSP00000301178	9606.ENSP00000275493	0	0	0	0.603	0.122	0.568	0	0.495	0.792
AXL	CCR2	9606.ENSP00000301178	9606.ENSP00000292301	0	0	0	0	0	0	0	0.604	0.604
AXL	VCAM1	9606.ENSP00000301178	9606.ENSP00000294728	0	0	0	0	0.166	0.102	0	0.372	0.489
AXL	CCR1	9606.ENSP00000301178	9606.ENSP00000296140	0	0	0	0	0.049	0	0	0.445	0.449
AXL	MMP9	9606.ENSP00000301178	9606.ENSP00000361405	0	0	0	0	0	0	0	0.401	0.401
AXL	PLAU	9606.ENSP00000301178	9606.ENSP00000361850	0	0	0	0	0.222	0.096	0	0.249	0.425
AXL	PTPN11	9606.ENSP00000301178	9606.ENSP00000489597	0	0	0	0	0.055	0.158	0	0.350	0.438
AXL	MTOR	9606.ENSP00000301178	9606.ENSP00000354558	0	0	0	0	0	0.073	0	0.420	0.439
AXL	PTPRC	9606.ENSP00000301178	9606.ENSP00000411355	0	0	0	0	0	0.097	0	0.408	0.443
AXL	FGFR1	9606.ENSP00000301178	9606.ENSP00000393312	0	0	0	0.638	0.083	0.091	0	0.390	0.447
AXL	CASP3	9606.ENSP00000301178	9606.ENSP00000311032	0	0	0	0	0	0.067	0	0.436	0.451
AXL	BCL2	9606.ENSP00000301178	9606.ENSP00000381185	0	0	0	0	0	0	0	0.463	0.463
AXL	FYN	9606.ENSP00000301178	9606.ENSP00000346671	0	0	0	0.684	0.044	0.051	0	0.460	0.467
AXL	CTBP2	9606.ENSP00000301178	9606.ENSP00000311825	0	0	0	0	0.057	0.058	0	0.450	0.469
AXL	TNF	9606.ENSP00000301178	9606.ENSP00000398698	0	0	0	0	0.055	0.057	0	0.500	0.515
AXL	TNK2	9606.ENSP00000301178	9606.ENSP00000371341	0	0	0	0.607	0.042	0.300	0	0.361	0.534
AXL	SYK	9606.ENSP00000301178	9606.ENSP00000364898	0	0	0	0.655	0	0	0	0.555	0.555
AXL	PIK3CB	9606.ENSP00000301178	9606.ENSP00000501150	0	0	0	0	0	0.069	0.500	0.220	0.605
AXL	LYN	9606.ENSP00000301178	9606.ENSP00000428924	0	0	0	0.699	0.044	0.051	0	0.604	0.609
AXL	P2RY12	9606.ENSP00000301178	9606.ENSP00000307259	0	0	0	0	0	0	0	0.613	0.613
AXL	MET	9606.ENSP00000301178	9606.ENSP00000317272	0	0	0	0.652	0.091	0.097	0	0.576	0.621
AXL	STAT1	9606.ENSP00000301178	9606.ENSP00000354394	0	0	0	0	0.056	0.096	0	0.647	0.672
AXL	HSP90AB1	9606.ENSP00000301178	9606.ENSP00000360609	0	0	0	0	0.055	0.258	0	0.597	0.693
AXL	LCK	9606.ENSP00000301178	9606.ENSP00000477713	0	0	0	0.700	0	0.243	0	0.660	0.731
AXL	HSP90AA1	9606.ENSP00000301178	9606.ENSP00000335153	0	0	0	0	0.050	0.478	0	0.603	0.786
AXL	PIK3R1	9606.ENSP00000301178	9606.ENSP00000428056	0	0	0	0	0	0.581	0.500	0.518	0.890
AXL	JAK1	9606.ENSP00000301178	9606.ENSP00000499900	0	0	0	0.575	0	0.051	0.900	0.172	0.914
AXL	JAK2	9606.ENSP00000301178	9606.ENSP00000371067	0	0	0	0.583	0	0.051	0.900	0.178	0.915
AXL	GRB2	9606.ENSP00000301178	9606.ENSP00000376345	0	0	0	0	0.055	0.585	0	0.838	0.931
AXL	SRC	9606.ENSP00000301178	9606.ENSP00000362680	0	0	0	0.691	0.049	0.485	0.900	0.694	0.983
BACE1	SIRT1	9606.ENSP00000318585	9606.ENSP00000212015	0	0	0	0	0	0.091	0	0.528	0.553
BACE1	MMP2	9606.ENSP00000318585	9606.ENSP00000219070	0	0	0	0	0.075	0.400	0	0.256	0.551
BACE1	GSK3A	9606.ENSP00000318585	9606.ENSP00000222330	0	0	0	0	0	0.064	0	0.402	0.416
BACE1	NFKB1	9606.ENSP00000318585	9606.ENSP00000226574	0	0	0	0	0.055	0.229	0	0.365	0.497
BACE1	MAPK14	9606.ENSP00000318585	9606.ENSP00000229795	0	0	0	0	0.053	0.067	0	0.533	0.551
BACE1	BCHE	9606.ENSP00000318585	9606.ENSP00000264381	0	0	0	0	0.042	0	0	0.741	0.741
BACE1	CASP6	9606.ENSP00000318585	9606.ENSP00000265164	0	0	0	0	0.078	0.052	0	0.536	0.559
BACE1	CA2	9606.ENSP00000318585	9606.ENSP00000285379	0	0	0	0	0	0	0	0.438	0.438
BACE1	PPARG	9606.ENSP00000318585	9606.ENSP00000287820	0	0	0	0	0.054	0	0	0.486	0.493
BACE1	HMGCR	9606.ENSP00000318585	9606.ENSP00000287936	0	0	0	0	0	0.064	0	0.620	0.629
BACE1	NCSTN	9606.ENSP00000318585	9606.ENSP00000294785	0	0	0	0	0	0.292	0	0.835	0.878
BACE1	PPARD	9606.ENSP00000318585	9606.ENSP00000310928	0	0	0	0	0	0	0	0.415	0.415
BACE1	CASP3	9606.ENSP00000318585	9606.ENSP00000311032	0	0	0	0	0.046	0.052	0	0.664	0.670
BACE1	CDK5R1	9606.ENSP00000318585	9606.ENSP00000318486	0	0	0	0	0	0	0	0.646	0.646
BACE1	GRIN2B	9606.ENSP00000318585	9606.ENSP00000477455	0	0	0	0	0	0	0	0.418	0.418
BACE1	MMP1	9606.ENSP00000318585	9606.ENSP00000322788	0	0	0	0	0.042	0	0	0.435	0.436
BACE1	FYN	9606.ENSP00000318585	9606.ENSP00000346671	0	0	0	0	0.070	0.060	0	0.408	0.438
BACE1	PTGS2	9606.ENSP00000318585	9606.ENSP00000356438	0	0	0	0	0.079	0	0	0.423	0.446
BACE1	PTPRC	9606.ENSP00000318585	9606.ENSP00000411355	0	0	0	0	0.056	0.046	0	0.441	0.452
BACE1	MAOA	9606.ENSP00000318585	9606.ENSP00000340684	0	0	0	0	0	0	0	0.454	0.454
BACE1	DRD2	9606.ENSP00000318585	9606.ENSP00000354859	0	0	0	0	0.070	0	0	0.448	0.464
BACE1	BCL2L1	9606.ENSP00000318585	9606.ENSP00000365230	0	0	0	0	0	0	0	0.470	0.470
BACE1	ECE1	9606.ENSP00000318585	9606.ENSP00000364028	0	0	0	0	0	0.046	0	0.471	0.474
BACE1	MAPK11	9606.ENSP00000318585	9606.ENSP00000333685	0	0	0	0	0.070	0.067	0	0.471	0.501
BACE1	TNF	9606.ENSP00000318585	9606.ENSP00000398698	0	0	0	0	0.064	0	0	0.520	0.532
BACE1	MAOB	9606.ENSP00000318585	9606.ENSP00000367309	0	0	0	0	0.059	0	0	0.532	0.541
BACE1	CTSS	9606.ENSP00000318585	9606.ENSP00000357981	0	0	0	0	0.086	0.104	0	0.544	0.594
BACE1	NTRK1	9606.ENSP00000318585	9606.ENSP00000431418	0	0	0	0	0.085	0.065	0	0.569	0.599
BACE1	BCL2	9606.ENSP00000318585	9606.ENSP00000381185	0	0	0	0	0	0	0	0.670	0.670
BACE1	GSK3B	9606.ENSP00000318585	9606.ENSP00000324806	0	0	0	0	0.049	0.064	0	0.666	0.677
BACE1	CTSB	9606.ENSP00000318585	9606.ENSP00000345672	0	0	0	0	0.088	0.104	0	0.742	0.771
BACE1	MME	9606.ENSP00000318585	9606.ENSP00000418525	0	0	0	0	0	0.046	0	0.789	0.790
BACE1	PSEN2	9606.ENSP00000318585	9606.ENSP00000355747	0	0	0	0	0.057	0	0	0.850	0.853
BACE1	FURIN	9606.ENSP00000318585	9606.ENSP00000483552	0	0	0	0	0.074	0.131	0.750	0.431	0.870
BACE1	PSENEN	9606.ENSP00000318585	9606.ENSP00000468411	0	0	0	0	0	0	0	0.875	0.875
BACE1	CDK5	9606.ENSP00000318585	9606.ENSP00000419782	0	0	0	0	0.049	0	0	0.875	0.876
BACE1	BACE2	9606.ENSP00000318585	9606.ENSP00000332979	0	0	0.062	0.926	0.045	0	0.900	0.107	0.909
BACE1	PSEN1	9606.ENSP00000318585	9606.ENSP00000326366	0	0	0	0	0.050	0.292	0	0.962	0.972
BACE2	NCSTN	9606.ENSP00000332979	9606.ENSP00000294785	0	0	0	0	0	0	0	0.634	0.634
BACE2	CDK5R1	9606.ENSP00000332979	9606.ENSP00000318486	0	0	0	0	0	0	0	0.468	0.468
BACE2	PSEN1	9606.ENSP00000332979	9606.ENSP00000326366	0	0	0	0	0.050	0	0	0.769	0.771
BACE2	FURIN	9606.ENSP00000332979	9606.ENSP00000483552	0	0	0	0	0.074	0.131	0	0.325	0.409
BACE2	CTSS	9606.ENSP00000332979	9606.ENSP00000357981	0	0	0	0	0.087	0.104	0	0.336	0.410
BACE2	CTSB	9606.ENSP00000332979	9606.ENSP00000345672	0	0	0	0	0.088	0.104	0	0.386	0.455
BACE2	CDK5	9606.ENSP00000332979	9606.ENSP00000419782	0	0	0	0	0	0	0	0.501	0.501
BACE2	PSENEN	9606.ENSP00000332979	9606.ENSP00000468411	0	0	0	0	0	0	0	0.588	0.588
BACE2	PSEN2	9606.ENSP00000332979	9606.ENSP00000355747	0	0	0	0	0.052	0	0	0.603	0.608
BACE2	FYN	9606.ENSP00000332979	9606.ENSP00000346671	0	0	0	0	0.070	0.901	0	0.192	0.919
BCHE	MAPK1	9606.ENSP00000264381	9606.ENSP00000215832	0	0	0	0	0	0.045	0	0.459	0.461
BCHE	MPO	9606.ENSP00000264381	9606.ENSP00000225275	0	0	0	0	0.049	0.045	0	0.540	0.545
BCHE	CTSD	9606.ENSP00000264381	9606.ENSP00000236671	0	0	0	0	0	0	0	0.435	0.435
BCHE	TTR	9606.ENSP00000264381	9606.ENSP00000237014	0	0	0	0	0.111	0	0	0.577	0.608
BCHE	TYR	9606.ENSP00000264381	9606.ENSP00000263321	0	0	0	0	0.208	0.057	0	0.580	0.659
BCHE	PTGS2	9606.ENSP00000264381	9606.ENSP00000356438	0	0	0	0	0.049	0.045	0	0.404	0.411
BCHE	CASP3	9606.ENSP00000264381	9606.ENSP00000311032	0	0	0	0	0	0	0	0.413	0.413
BCHE	CHRM1	9606.ENSP00000264381	9606.ENSP00000306490	0	0	0	0	0.098	0	0	0.394	0.430
BCHE	PARP1	9606.ENSP00000264381	9606.ENSP00000355759	0	0	0	0	0.049	0	0	0.425	0.430
BCHE	HTR1A	9606.ENSP00000264381	9606.ENSP00000316244	0	0	0	0	0	0	0	0.435	0.435
BCHE	GSK3B	9606.ENSP00000264381	9606.ENSP00000324806	0	0	0	0	0	0.051	0	0.438	0.443
BCHE	HSD11B1	9606.ENSP00000264381	9606.ENSP00000355995	0	0	0	0	0.063	0.057	0	0.426	0.449
BCHE	TNF	9606.ENSP00000264381	9606.ENSP00000398698	0	0	0	0	0	0	0	0.450	0.450
BCHE	F10	9606.ENSP00000264381	9606.ENSP00000364709	0	0	0	0	0.063	0.052	0	0.444	0.463
BCHE	CYP3A4	9606.ENSP00000264381	9606.ENSP00000498939	0	0.021	0	0	0.056	0	0	0.455	0.464
BCHE	SLC6A3	9606.ENSP00000264381	9606.ENSP00000270349	0	0	0	0	0	0	0	0.475	0.475
BCHE	COMT	9606.ENSP00000264381	9606.ENSP00000354511	0	0	0	0	0.055	0	0	0.489	0.497
BCHE	PSEN2	9606.ENSP00000264381	9606.ENSP00000355747	0	0	0	0	0	0	0	0.519	0.519
BCHE	PSEN1	9606.ENSP00000264381	9606.ENSP00000326366	0	0	0	0	0	0	0	0.612	0.612
BCHE	XDH	9606.ENSP00000264381	9606.ENSP00000368727	0	0	0	0	0	0	0	0.616	0.616
BCHE	CYP2D6	9606.ENSP00000264381	9606.ENSP00000496150	0	0	0	0	0.053	0	0	0.620	0.625
BCHE	F2	9606.ENSP00000264381	9606.ENSP00000308541	0	0	0	0	0.134	0.052	0	0.670	0.706
BCHE	MAOA	9606.ENSP00000264381	9606.ENSP00000340684	0	0	0	0	0.105	0	0	0.744	0.762
BCHE	MAOB	9606.ENSP00000264381	9606.ENSP00000367309	0	0	0	0	0.123	0	0	0.791	0.809
BCL2	SIRT1	9606.ENSP00000381185	9606.ENSP00000212015	0	0	0	0	0.058	0	0	0.739	0.744
BCL2	MAPK1	9606.ENSP00000381185	9606.ENSP00000215832	0	0	0	0	0.086	0.292	0.900	0.586	0.969
BCL2	MMP2	9606.ENSP00000381185	9606.ENSP00000219070	0	0	0	0	0	0	0	0.716	0.716
BCL2	GSK3A	9606.ENSP00000381185	9606.ENSP00000222330	0	0	0	0	0.049	0	0	0.435	0.440
BCL2	SERPINE1	9606.ENSP00000381185	9606.ENSP00000223095	0	0	0	0	0	0	0	0.448	0.448
BCL2	GCK	9606.ENSP00000381185	9606.ENSP00000223366	0	0	0	0	0.057	0	0	0.639	0.645
BCL2	MPO	9606.ENSP00000381185	9606.ENSP00000225275	0	0	0	0	0	0	0	0.583	0.583
BCL2	RPS6KB1	9606.ENSP00000381185	9606.ENSP00000225577	0	0	0	0	0	0	0	0.679	0.679
BCL2	NFKB1	9606.ENSP00000381185	9606.ENSP00000226574	0	0	0	0	0.114	0.045	0	0.803	0.818
BCL2	MAPK14	9606.ENSP00000381185	9606.ENSP00000229795	0	0	0	0	0.062	0	0	0.694	0.701
BCL2	NR3C1	9606.ENSP00000381185	9606.ENSP00000231509	0	0	0	0	0.101	0.303	0	0.658	0.767
BCL2	CTSD	9606.ENSP00000381185	9606.ENSP00000236671	0	0	0	0	0	0	0.900	0.514	0.949
BCL2	FLT3	9606.ENSP00000381185	9606.ENSP00000241453	0	0	0	0	0.067	0	0	0.597	0.607
BCL2	SMO	9606.ENSP00000381185	9606.ENSP00000249373	0	0	0	0	0	0	0	0.483	0.483
BCL2	RARA	9606.ENSP00000381185	9606.ENSP00000254066	0	0	0	0	0.067	0.045	0	0.478	0.494
BCL2	LGALS3	9606.ENSP00000381185	9606.ENSP00000254301	0	0	0	0	0.052	0	0	0.915	0.915
BCL2	CCNA1	9606.ENSP00000381185	9606.ENSP00000255465	0	0	0	0	0	0	0	0.689	0.689
BCL2	PDGFRA	9606.ENSP00000381185	9606.ENSP00000257290	0	0	0	0	0	0	0	0.437	0.437
BCL2	CDK4	9606.ENSP00000381185	9606.ENSP00000257904	0	0	0	0	0.047	0.209	0	0.775	0.815
BCL2	MDM2	9606.ENSP00000381185	9606.ENSP00000258149	0	0	0	0	0.056	0	0	0.953	0.953
BCL2	MMP7	9606.ENSP00000381185	9606.ENSP00000260227	0	0	0	0	0.070	0	0	0.464	0.481
BCL2	MMP13	9606.ENSP00000381185	9606.ENSP00000260302	0	0	0	0	0	0	0	0.494	0.494
BCL2	PDGFRB	9606.ENSP00000381185	9606.ENSP00000261799	0	0	0	0	0.045	0	0	0.687	0.688
BCL2	PKMYT1	9606.ENSP00000381185	9606.ENSP00000262300	0	0	0	0	0	0.155	0	0.400	0.472
BCL2	MAP2K2	9606.ENSP00000381185	9606.ENSP00000262948	0	0	0	0	0.074	0	0	0.540	0.556
BCL2	EP300	9606.ENSP00000381185	9606.ENSP00000263253	0	0	0	0	0.049	0	0.500	0.747	0.869
BCL2	NOX4	9606.ENSP00000381185	9606.ENSP00000263317	0	0	0	0	0.067	0	0	0.563	0.574
BCL2	KDR	9606.ENSP00000381185	9606.ENSP00000263923	0	0	0	0	0.044	0	0	0.608	0.609
BCL2	PIK3CA	9606.ENSP00000381185	9606.ENSP00000263967	0	0	0	0	0.095	0	0	0.587	0.610
BCL2	HDAC4	9606.ENSP00000381185	9606.ENSP00000264606	0	0	0	0	0.059	0	0	0.419	0.430
BCL2	ICAM1	9606.ENSP00000381185	9606.ENSP00000264832	0	0	0	0	0	0	0	0.618	0.618
BCL2	ZAP70	9606.ENSP00000381185	9606.ENSP00000264972	0	0	0	0	0.111	0	0	0.462	0.502
BCL2	CASP6	9606.ENSP00000381185	9606.ENSP00000265164	0	0	0	0	0.086	0.125	0	0.652	0.697
BCL2	CDK2	9606.ENSP00000381185	9606.ENSP00000266970	0	0	0	0	0.047	0.301	0	0.741	0.812
BCL2	BCL2A1	9606.ENSP00000381185	9606.ENSP00000267953	0	0	0	0.695	0.067	0	0	0.668	0.677
BCL2	ERBB2	9606.ENSP00000381185	9606.ENSP00000269571	0	0	0	0	0.048	0	0	0.848	0.849
BCL2	CTSK	9606.ENSP00000381185	9606.ENSP00000271651	0	0	0	0	0.079	0	0.900	0.285	0.928
BCL2	REN	9606.ENSP00000381185	9606.ENSP00000272190	0	0	0	0	0	0	0	0.440	0.440
BCL2	EGFR	9606.ENSP00000381185	9606.ENSP00000275493	0	0	0	0	0.048	0	0	0.838	0.839
BCL2	SIGMAR1	9606.ENSP00000381185	9606.ENSP00000277010	0	0	0	0	0	0	0	0.603	0.603
BCL2	FLT1	9606.ENSP00000381185	9606.ENSP00000282397	0	0	0	0	0.044	0	0	0.495	0.496
BCL2	PPARG	9606.ENSP00000381185	9606.ENSP00000287820	0	0	0	0	0	0.045	0	0.647	0.649
BCL2	HMGCR	9606.ENSP00000381185	9606.ENSP00000287936	0	0	0	0	0	0	0	0.419	0.419
BCL2	CCR5	9606.ENSP00000381185	9606.ENSP00000292303	0	0	0	0	0.090	0	0	0.379	0.411
BCL2	VCAM1	9606.ENSP00000381185	9606.ENSP00000294728	0	0	0	0	0.042	0.141	0	0.541	0.589
BCL2	NOS3	9606.ENSP00000381185	9606.ENSP00000297494	0	0	0	0	0	0	0	0.579	0.579
BCL2	LRRK2	9606.ENSP00000381185	9606.ENSP00000298910	0	0	0	0	0.074	0.292	0	0.294	0.497
BCL2	MMP3	9606.ENSP00000381185	9606.ENSP00000299855	0	0	0	0	0	0	0	0.478	0.478
BCL2	PLK1	9606.ENSP00000381185	9606.ENSP00000300093	0	0	0	0	0	0	0	0.507	0.507
BCL2	MAP2K1	9606.ENSP00000381185	9606.ENSP00000302486	0	0	0	0	0.083	0	0	0.738	0.749
BCL2	INSR	9606.ENSP00000381185	9606.ENSP00000303830	0	0	0	0	0	0	0	0.533	0.533
BCL2	PLG	9606.ENSP00000381185	9606.ENSP00000308938	0	0	0	0	0	0	0	0.552	0.552
BCL2	TERT	9606.ENSP00000381185	9606.ENSP00000309572	0	0	0	0	0	0	0	0.586	0.586
BCL2	PRKACA	9606.ENSP00000381185	9606.ENSP00000309591	0	0	0	0	0	0	0	0.706	0.706
BCL2	CASP3	9606.ENSP00000381185	9606.ENSP00000311032	0	0	0	0	0.098	0.354	0	0.980	0.987
BCL2	CAMKK2	9606.ENSP00000381185	9606.ENSP00000312741	0	0	0	0	0	0	0	0.580	0.580
BCL2	HNF4A	9606.ENSP00000381185	9606.ENSP00000312987	0	0	0	0	0.055	0	0	0.472	0.479
BCL2	PRKDC	9606.ENSP00000381185	9606.ENSP00000313420	0	0	0	0	0	0	0	0.415	0.414
BCL2	TYMS	9606.ENSP00000381185	9606.ENSP00000315644	0	0	0	0	0	0	0	0.447	0.447
BCL2	MET	9606.ENSP00000381185	9606.ENSP00000317272	0	0	0	0	0	0	0	0.600	0.600
BCL2	CDC25C	9606.ENSP00000381185	9606.ENSP00000321656	0	0	0	0	0	0	0	0.596	0.596
BCL2	MMP1	9606.ENSP00000381185	9606.ENSP00000322788	0	0	0	0	0	0	0	0.447	0.447
BCL2	GSK3B	9606.ENSP00000381185	9606.ENSP00000324806	0	0	0	0	0.049	0	0	0.729	0.731
BCL2	PGR	9606.ENSP00000381185	9606.ENSP00000325120	0	0	0	0	0.047	0.045	0	0.632	0.636
BCL2	PSEN1	9606.ENSP00000381185	9606.ENSP00000326366	0	0	0	0	0	0.510	0	0.617	0.804
BCL2	NOS2	9606.ENSP00000381185	9606.ENSP00000327251	0	0	0	0	0	0	0	0.466	0.466
BCL2	CASP9	9606.ENSP00000381185	9606.ENSP00000330237	0	0	0	0	0.091	0.125	0	0.938	0.946
BCL2	PRKCD	9606.ENSP00000381185	9606.ENSP00000331602	0	0	0	0	0.059	0	0	0.394	0.406
BCL2	SELE	9606.ENSP00000381185	9606.ENSP00000331736	0	0	0	0	0.042	0	0	0.540	0.540
BCL2	MAPK11	9606.ENSP00000381185	9606.ENSP00000333685	0	0	0	0	0.075	0	0	0.639	0.652
BCL2	HSP90AA1	9606.ENSP00000381185	9606.ENSP00000335153	0	0	0	0	0.060	0.510	0	0.859	0.929
BCL2	MAOA	9606.ENSP00000381185	9606.ENSP00000340684	0	0	0	0	0	0	0	0.562	0.562
BCL2	PTK2	9606.ENSP00000381185	9606.ENSP00000341189	0	0	0	0	0.055	0.095	0	0.554	0.585
BCL2	ESR2	9606.ENSP00000381185	9606.ENSP00000343925	0	0	0	0	0.056	0.045	0	0.591	0.599
BCL2	CTSL	9606.ENSP00000381185	9606.ENSP00000345344	0	0	0	0	0.073	0	0.900	0.320	0.931
BCL2	HMGB1	9606.ENSP00000381185	9606.ENSP00000345347	0	0	0	0	0.086	0.095	0	0.558	0.602
BCL2	CTSB	9606.ENSP00000381185	9606.ENSP00000345672	0	0	0	0	0.055	0	0.900	0.490	0.947
BCL2	FYN	9606.ENSP00000381185	9606.ENSP00000346671	0	0	0	0	0.072	0	0	0.409	0.428
BCL2	RET	9606.ENSP00000381185	9606.ENSP00000347942	0	0	0	0	0.048	0	0	0.436	0.440
BCL2	CASP8	9606.ENSP00000381185	9606.ENSP00000351273	0	0	0	0	0.086	0.648	0	0.954	0.984
BCL2	DNMT1	9606.ENSP00000381185	9606.ENSP00000352516	0	0	0	0	0.044	0	0	0.570	0.571
BCL2	TLR9	9606.ENSP00000381185	9606.ENSP00000353874	0	0	0	0	0.068	0	0	0.444	0.460
BCL2	STAT1	9606.ENSP00000381185	9606.ENSP00000354394	0	0	0	0	0	0.056	0	0.605	0.611
BCL2	MTOR	9606.ENSP00000381185	9606.ENSP00000354558	0	0	0	0	0	0	0	0.765	0.765
BCL2	PTGS1	9606.ENSP00000381185	9606.ENSP00000354612	0	0	0	0	0	0	0	0.517	0.517
BCL2	EGLN1	9606.ENSP00000381185	9606.ENSP00000355601	0	0	0	0	0	0	0	0.487	0.487
BCL2	PSEN2	9606.ENSP00000381185	9606.ENSP00000355747	0	0	0	0	0	0.292	0	0.321	0.499
BCL2	PARP1	9606.ENSP00000381185	9606.ENSP00000355759	0	0	0	0	0.112	0.292	0	0.879	0.917
BCL2	MDM4	9606.ENSP00000381185	9606.ENSP00000356150	0	0	0	0	0.056	0.510	0	0.460	0.728
BCL2	PTGS2	9606.ENSP00000381185	9606.ENSP00000356438	0	0	0	0	0	0	0	0.745	0.745
BCL2	CTSS	9606.ENSP00000381185	9606.ENSP00000357981	0	0	0	0	0.091	0	0.900	0.459	0.946
BCL2	MCL1	9606.ENSP00000381185	9606.ENSP00000358022	0	0	0	0.625	0	0.536	0	0.514	0.764
BCL2	CASP7	9606.ENSP00000381185	9606.ENSP00000358327	0	0	0	0	0.087	0.125	0	0.836	0.857
BCL2	CNR1	9606.ENSP00000381185	9606.ENSP00000358513	0	0	0	0	0.045	0	0	0.492	0.494
BCL2	XIAP	9606.ENSP00000381185	9606.ENSP00000360242	0	0	0	0	0.048	0.299	0	0.933	0.951
BCL2	HSP90AB1	9606.ENSP00000381185	9606.ENSP00000360609	0	0	0	0	0.060	0	0	0.770	0.775
BCL2	MMP9	9606.ENSP00000381185	9606.ENSP00000361405	0	0	0	0	0.087	0	0	0.794	0.804
BCL2	MPL	9606.ENSP00000381185	9606.ENSP00000361548	0	0	0	0	0	0	0	0.436	0.436
BCL2	PLAU	9606.ENSP00000381185	9606.ENSP00000361850	0	0	0	0	0	0	0	0.460	0.460
BCL2	NOX1	9606.ENSP00000381185	9606.ENSP00000362057	0	0	0	0	0.103	0	0	0.403	0.442
BCL2	CDK9	9606.ENSP00000381185	9606.ENSP00000362361	0	0	0	0	0.049	0.226	0	0.455	0.564
BCL2	HDAC1	9606.ENSP00000381185	9606.ENSP00000362649	0	0	0	0	0.074	0	0	0.542	0.558
BCL2	SRC	9606.ENSP00000381185	9606.ENSP00000362680	0	0	0	0	0.067	0	0	0.856	0.860
BCL2	TLR4	9606.ENSP00000381185	9606.ENSP00000363089	0	0	0	0	0.055	0	0	0.720	0.724
BCL2	SYK	9606.ENSP00000381185	9606.ENSP00000364898	0	0	0	0	0.106	0	0	0.646	0.670
BCL2	BCL2L1	9606.ENSP00000381185	9606.ENSP00000365230	0	0	0	0.894	0	0.863	0.900	0.984	0.999
BCL2	HDAC6	9606.ENSP00000381185	9606.ENSP00000365804	0	0	0	0	0.052	0	0	0.473	0.479
BCL2	PIK3CD	9606.ENSP00000381185	9606.ENSP00000366563	0	0	0	0	0.048	0	0	0.461	0.465
BCL2	MAOB	9606.ENSP00000381185	9606.ENSP00000367309	0	0	0	0	0.044	0	0	0.453	0.455
BCL2	XDH	9606.ENSP00000381185	9606.ENSP00000368727	0	0	0	0	0.053	0	0	0.487	0.494
BCL2	RPS6KA3	9606.ENSP00000381185	9606.ENSP00000368884	0	0	0	0	0.069	0	0	0.401	0.418
BCL2	JAK2	9606.ENSP00000381185	9606.ENSP00000371067	0	0	0	0	0.085	0	0	0.707	0.720
BCL2	CHEK2	9606.ENSP00000381185	9606.ENSP00000372023	0	0	0	0	0	0	0	0.572	0.572
BCL2	GRB2	9606.ENSP00000381185	9606.ENSP00000376345	0	0	0	0	0.055	0	0	0.638	0.643
BCL2	CDK1	9606.ENSP00000381185	9606.ENSP00000378699	0	0	0	0	0.047	0.626	0	0.795	0.920
BCL2	MAPK8	9606.ENSP00000381185	9606.ENSP00000378974	0	0	0	0	0.094	0.287	0.900	0.713	0.979
BCL2	ITGB1	9606.ENSP00000381185	9606.ENSP00000379350	0	0	0	0	0.083	0	0	0.644	0.659
BCL2	CYP19A1	9606.ENSP00000381185	9606.ENSP00000379683	0	0	0	0	0.055	0	0	0.517	0.524
BCL2	TGFBR1	9606.ENSP00000381185	9606.ENSP00000447297	0	0	0	0	0.087	0	0	0.384	0.414
BCL2	TYK2	9606.ENSP00000381185	9606.ENSP00000431885	0	0	0	0	0.091	0	0	0.383	0.416
BCL2	IDO1	9606.ENSP00000381185	9606.ENSP00000430950	0	0	0	0	0.070	0	0	0.400	0.418
BCL2	CAPN1	9606.ENSP00000381185	9606.ENSP00000431984	0	0	0	0	0	0	0	0.426	0.426
BCL2	GSTP1	9606.ENSP00000381185	9606.ENSP00000381607	0	0	0	0	0	0	0	0.433	0.433
BCL2	LYN	9606.ENSP00000381185	9606.ENSP00000428924	0	0	0	0	0.067	0	0	0.430	0.446
BCL2	WEE1	9606.ENSP00000381185	9606.ENSP00000402084	0	0	0	0	0.042	0	0	0.448	0.449
BCL2	FGFR1	9606.ENSP00000381185	9606.ENSP00000393312	0	0	0	0	0	0	0	0.450	0.450
BCL2	CDK5	9606.ENSP00000381185	9606.ENSP00000419782	0	0	0	0	0	0	0	0.452	0.452
BCL2	HDAC2	9606.ENSP00000381185	9606.ENSP00000430432	0	0	0	0	0.074	0	0	0.437	0.456
BCL2	PTPN11	9606.ENSP00000381185	9606.ENSP00000489597	0	0	0	0	0.064	0	0	0.445	0.458
BCL2	ROCK1	9606.ENSP00000381185	9606.ENSP00000382697	0	0	0	0	0.051	0	0	0.459	0.465
BCL2	PIK3CG	9606.ENSP00000381185	9606.ENSP00000419260	0	0	0	0	0.080	0	0	0.449	0.472
BCL2	CCNE2	9606.ENSP00000381185	9606.ENSP00000429089	0	0	0	0	0	0	0	0.498	0.498
BCL2	CDC42	9606.ENSP00000381185	9606.ENSP00000497733	0	0	0	0	0.083	0	0	0.480	0.503
BCL2	JAK3	9606.ENSP00000381185	9606.ENSP00000432511	0	0	0	0	0.060	0	0	0.492	0.503
BCL2	NTRK1	9606.ENSP00000381185	9606.ENSP00000431418	0	0	0	0	0	0	0	0.517	0.517
BCL2	RPS6KA1	9606.ENSP00000381185	9606.ENSP00000435412	0	0	0	0	0.085	0	0	0.506	0.528
BCL2	PRKCB	9606.ENSP00000381185	9606.ENSP00000496129	0	0	0	0	0.108	0	0	0.576	0.605
BCL2	JAK1	9606.ENSP00000381185	9606.ENSP00000499900	0	0	0	0	0.105	0	0	0.583	0.611
BCL2	NOS1	9606.ENSP00000381185	9606.ENSP00000477999	0	0	0	0	0	0	0	0.616	0.616
BCL2	PPARA	9606.ENSP00000381185	9606.ENSP00000385523	0	0	0	0	0	0.294	0	0.523	0.649
BCL2	PTPRC	9606.ENSP00000381185	9606.ENSP00000411355	0	0	0	0	0.099	0	0	0.641	0.662
BCL2	BTK	9606.ENSP00000381185	9606.ENSP00000483570	0	0	0	0	0.086	0	0	0.648	0.665
BCL2	PIK3R1	9606.ENSP00000381185	9606.ENSP00000428056	0	0	0	0	0.138	0	0	0.639	0.675
BCL2	LCK	9606.ENSP00000381185	9606.ENSP00000477713	0	0	0	0	0.067	0	0	0.682	0.691
BCL2	IKBKB	9606.ENSP00000381185	9606.ENSP00000430684	0	0	0	0	0.105	0.292	0	0.604	0.727
BCL2	CXCR4	9606.ENSP00000381185	9606.ENSP00000386884	0	0	0	0	0.083	0	0	0.748	0.759
BCL2	BRAF	9606.ENSP00000381185	9606.ENSP00000419060	0	0	0	0	0.051	0	0	0.759	0.761
BCL2	IGF1R	9606.ENSP00000381185	9606.ENSP00000497069	0	0	0	0	0.042	0	0	0.780	0.781
BCL2	ERN1	9606.ENSP00000381185	9606.ENSP00000401445	0	0	0	0	0.055	0	0	0.777	0.781
BCL2	MME	9606.ENSP00000381185	9606.ENSP00000418525	0	0	0	0	0.053	0	0	0.791	0.793
BCL2	CASP1	9606.ENSP00000381185	9606.ENSP00000433138	0	0	0	0	0.067	0.125	0	0.794	0.817
BCL2	TNF	9606.ENSP00000381185	9606.ENSP00000398698	0	0	0	0	0.080	0.076	0	0.876	0.885
BCL2	RAF1	9606.ENSP00000381185	9606.ENSP00000401888	0	0	0	0	0.051	0.625	0	0.723	0.892
BCL2	ESR1	9606.ENSP00000381185	9606.ENSP00000405330	0	0	0	0	0.083	0.045	0.500	0.794	0.897
BCL2	RELA	9606.ENSP00000381185	9606.ENSP00000384273	0	0	0	0	0	0.292	0	0.862	0.898
BCL2	MAPK9	9606.ENSP00000381185	9606.ENSP00000394560	0	0	0	0	0.093	0.042	0.900	0.569	0.957
BCL2	NR4A1	9606.ENSP00000381185	9606.ENSP00000440864	0	0	0	0	0.063	0.698	0.900	0.985	0.999
BCL2A1	NFKB1	9606.ENSP00000267953	9606.ENSP00000226574	0	0	0	0	0.086	0.045	0	0.686	0.701
BCL2A1	NR3C1	9606.ENSP00000267953	9606.ENSP00000231509	0	0	0	0	0.059	0.045	0	0.694	0.700
BCL2A1	MDM2	9606.ENSP00000267953	9606.ENSP00000258149	0	0	0	0	0.059	0	0	0.554	0.562
BCL2A1	KAT2B	9606.ENSP00000267953	9606.ENSP00000263754	0	0	0	0	0.072	0	0	0.463	0.480
BCL2A1	ICAM1	9606.ENSP00000267953	9606.ENSP00000264832	0	0	0	0	0.243	0	0	0.322	0.464
BCL2A1	CASP6	9606.ENSP00000267953	9606.ENSP00000265164	0	0	0	0	0	0.125	0	0.370	0.425
BCL2A1	TLR4	9606.ENSP00000267953	9606.ENSP00000363089	0	0	0	0	0.199	0	0	0.290	0.408
BCL2A1	HSD11B1	9606.ENSP00000267953	9606.ENSP00000355995	0	0	0	0	0.062	0	0	0.400	0.413
BCL2A1	BTK	9606.ENSP00000267953	9606.ENSP00000483570	0	0	0	0	0.191	0	0	0.308	0.416
BCL2A1	CYP19A1	9606.ENSP00000267953	9606.ENSP00000379683	0	0	0	0	0.055	0	0	0.412	0.421
BCL2A1	RPS6KA1	9606.ENSP00000267953	9606.ENSP00000435412	0	0	0	0	0.087	0	0	0.403	0.431
BCL2A1	PTPRC	9606.ENSP00000267953	9606.ENSP00000411355	0	0	0	0	0.300	0	0	0.220	0.431
BCL2A1	FASN	9606.ENSP00000267953	9606.ENSP00000304592	0	0	0	0	0	0	0	0.434	0.434
BCL2A1	TUBA1A	9606.ENSP00000267953	9606.ENSP00000439020	0	0	0	0	0.054	0	0	0.441	0.448
BCL2A1	GRB2	9606.ENSP00000267953	9606.ENSP00000376345	0	0	0	0	0.069	0	0	0.439	0.455
BCL2A1	CASP7	9606.ENSP00000267953	9606.ENSP00000358327	0	0	0	0	0.049	0.125	0	0.399	0.456
BCL2A1	HDAC2	9606.ENSP00000267953	9606.ENSP00000430432	0	0	0	0	0.045	0	0	0.454	0.456
BCL2A1	GSK3B	9606.ENSP00000267953	9606.ENSP00000324806	0	0	0	0	0	0.292	0	0.268	0.459
BCL2A1	PTGS2	9606.ENSP00000267953	9606.ENSP00000356438	0	0	0	0	0.224	0	0	0.358	0.481
BCL2A1	HSD11B2	9606.ENSP00000267953	9606.ENSP00000316786	0	0	0	0	0	0	0	0.516	0.516
BCL2A1	CASP1	9606.ENSP00000267953	9606.ENSP00000433138	0	0	0	0	0.251	0.125	0	0.340	0.530
BCL2A1	XIAP	9606.ENSP00000267953	9606.ENSP00000360242	0	0	0	0	0.048	0.051	0	0.537	0.545
BCL2A1	CASP9	9606.ENSP00000267953	9606.ENSP00000330237	0	0	0	0	0	0.125	0	0.506	0.549
BCL2A1	BCL2L1	9606.ENSP00000267953	9606.ENSP00000365230	0	0	0	0.646	0	0	0	0.555	0.555
BCL2A1	EGFR	9606.ENSP00000267953	9606.ENSP00000275493	0	0	0	0	0.048	0	0	0.574	0.577
BCL2A1	CASP3	9606.ENSP00000267953	9606.ENSP00000311032	0	0	0	0	0.049	0.125	0	0.535	0.579
BCL2A1	CASP8	9606.ENSP00000267953	9606.ENSP00000351273	0	0	0	0	0.112	0.125	0	0.506	0.583
BCL2A1	TNF	9606.ENSP00000267953	9606.ENSP00000398698	0	0	0	0	0.211	0.076	0	0.507	0.609
BCL2A1	MCL1	9606.ENSP00000267953	9606.ENSP00000358022	0	0	0	0.649	0.060	0	0	0.607	0.614
BCL2A1	NR3C2	9606.ENSP00000267953	9606.ENSP00000350815	0	0	0	0	0	0.045	0	0.650	0.651
BCL2A1	NR4A1	9606.ENSP00000267953	9606.ENSP00000440864	0	0	0	0	0.063	0.292	0	0.681	0.770
BCL2A1	HSP90AB1	9606.ENSP00000267953	9606.ENSP00000360609	0	0	0	0	0.060	0	0	0.910	0.912
BCL2A1	HSP90AA1	9606.ENSP00000267953	9606.ENSP00000335153	0	0	0	0	0.060	0	0	0.931	0.933
BCL2L1	SIRT1	9606.ENSP00000365230	9606.ENSP00000212015	0	0	0	0	0.051	0	0	0.544	0.548
BCL2L1	MAPK1	9606.ENSP00000365230	9606.ENSP00000215832	0	0	0	0	0.107	0	0	0.648	0.672
BCL2L1	MMP2	9606.ENSP00000365230	9606.ENSP00000219070	0	0	0	0	0	0	0	0.570	0.570
BCL2L1	GSK3A	9606.ENSP00000365230	9606.ENSP00000222330	0	0	0	0	0.067	0.292	0	0.383	0.557
BCL2L1	RPS6KB1	9606.ENSP00000365230	9606.ENSP00000225577	0	0	0	0	0.042	0	0	0.593	0.594
BCL2L1	NFKB1	9606.ENSP00000365230	9606.ENSP00000226574	0	0	0	0	0.050	0.045	0	0.665	0.670
BCL2L1	MAPK14	9606.ENSP00000365230	9606.ENSP00000229795	0	0	0	0	0.106	0.292	0	0.655	0.762
BCL2L1	NR3C1	9606.ENSP00000365230	9606.ENSP00000231509	0	0	0	0	0.044	0.045	0	0.595	0.597
BCL2L1	CTSD	9606.ENSP00000365230	9606.ENSP00000236671	0	0	0	0	0.074	0	0.900	0.344	0.934
BCL2L1	FLT3	9606.ENSP00000365230	9606.ENSP00000241453	0	0	0	0	0.058	0	0	0.495	0.504
BCL2L1	CCNA1	9606.ENSP00000365230	9606.ENSP00000255465	0	0	0	0	0	0	0	0.583	0.583
BCL2L1	CDK4	9606.ENSP00000365230	9606.ENSP00000257904	0	0	0	0	0.047	0	0	0.653	0.656
BCL2L1	MDM2	9606.ENSP00000365230	9606.ENSP00000258149	0	0	0	0	0.056	0.095	0	0.779	0.794
BCL2L1	PDGFRB	9606.ENSP00000365230	9606.ENSP00000261799	0	0	0	0	0.086	0	0	0.399	0.427
BCL2L1	EP300	9606.ENSP00000365230	9606.ENSP00000263253	0	0	0	0	0.049	0	0	0.407	0.411
BCL2L1	KDR	9606.ENSP00000365230	9606.ENSP00000263923	0	0	0	0	0.058	0	0	0.464	0.473
BCL2L1	PIK3CA	9606.ENSP00000365230	9606.ENSP00000263967	0	0	0	0	0	0	0	0.461	0.461
BCL2L1	ICAM1	9606.ENSP00000365230	9606.ENSP00000264832	0	0	0	0	0.047	0	0	0.479	0.482
BCL2L1	CASP6	9606.ENSP00000365230	9606.ENSP00000265164	0	0	0	0	0.058	0.209	0	0.631	0.701
BCL2L1	CDK2	9606.ENSP00000365230	9606.ENSP00000266970	0	0	0	0	0.047	0.115	0	0.633	0.664
BCL2L1	ERBB2	9606.ENSP00000365230	9606.ENSP00000269571	0	0	0	0	0.048	0	0	0.765	0.767
BCL2L1	CTSK	9606.ENSP00000365230	9606.ENSP00000271651	0	0	0	0	0	0	0.900	0.207	0.917
BCL2L1	EGFR	9606.ENSP00000365230	9606.ENSP00000275493	0	0	0	0	0.048	0	0	0.846	0.847
BCL2L1	PPARG	9606.ENSP00000365230	9606.ENSP00000287820	0	0	0	0	0	0.045	0	0.502	0.505
BCL2L1	VCAM1	9606.ENSP00000365230	9606.ENSP00000294728	0	0	0	0	0	0.141	0	0.538	0.586
BCL2L1	PLK1	9606.ENSP00000365230	9606.ENSP00000300093	0	0	0	0	0.042	0.292	0	0.400	0.557
BCL2L1	MAP2K1	9606.ENSP00000365230	9606.ENSP00000302486	0	0	0	0	0.052	0	0	0.551	0.557
BCL2L1	FASN	9606.ENSP00000365230	9606.ENSP00000304592	0	0	0	0	0.062	0	0	0.491	0.502
BCL2L1	TERT	9606.ENSP00000365230	9606.ENSP00000309572	0	0	0	0	0	0	0	0.425	0.425
BCL2L1	PRKACA	9606.ENSP00000365230	9606.ENSP00000309591	0	0	0	0	0.062	0	0	0.395	0.408
BCL2L1	CASP3	9606.ENSP00000365230	9606.ENSP00000311032	0	0	0	0	0.044	0.209	0	0.940	0.950
BCL2L1	MET	9606.ENSP00000365230	9606.ENSP00000317272	0	0	0	0	0.059	0	0	0.485	0.495
BCL2L1	CDC25C	9606.ENSP00000365230	9606.ENSP00000321656	0	0	0	0	0	0	0	0.477	0.477
BCL2L1	GSK3B	9606.ENSP00000365230	9606.ENSP00000324806	0	0	0	0	0.060	0.292	0	0.763	0.828
BCL2L1	PGR	9606.ENSP00000365230	9606.ENSP00000325120	0	0	0	0	0	0.095	0	0.369	0.404
BCL2L1	PSEN1	9606.ENSP00000365230	9606.ENSP00000326366	0	0	0	0	0.049	0.230	0	0.528	0.624
BCL2L1	CASP9	9606.ENSP00000365230	9606.ENSP00000330237	0	0	0	0	0.082	0.822	0	0.959	0.992
BCL2L1	HSP90AA1	9606.ENSP00000365230	9606.ENSP00000335153	0	0	0	0	0.060	0	0	0.721	0.727
BCL2L1	PTK2	9606.ENSP00000365230	9606.ENSP00000341189	0	0	0	0	0.055	0.068	0	0.434	0.459
BCL2L1	PDPK1	9606.ENSP00000365230	9606.ENSP00000344220	0	0	0	0	0.074	0.292	0	0.270	0.479
BCL2L1	CTSL	9606.ENSP00000365230	9606.ENSP00000345344	0	0	0	0	0	0	0.900	0.230	0.919
BCL2L1	CTSB	9606.ENSP00000365230	9606.ENSP00000345672	0	0	0	0	0.075	0	0.900	0.388	0.938
BCL2L1	CASP8	9606.ENSP00000365230	9606.ENSP00000351273	0	0	0	0	0.042	0.510	0	0.869	0.933
BCL2L1	STAT1	9606.ENSP00000365230	9606.ENSP00000354394	0	0	0	0	0.057	0.087	0	0.584	0.610
BCL2L1	MTOR	9606.ENSP00000365230	9606.ENSP00000354558	0	0	0	0	0.060	0.510	0	0.628	0.813
BCL2L1	PARP1	9606.ENSP00000365230	9606.ENSP00000355759	0	0	0	0	0.042	0	0	0.796	0.796
BCL2L1	MAPKAPK2	9606.ENSP00000365230	9606.ENSP00000356070	0	0	0	0	0.067	0.292	0	0.255	0.465
BCL2L1	MDM4	9606.ENSP00000365230	9606.ENSP00000356150	0	0	0	0	0.056	0.091	0	0.413	0.452
BCL2L1	PTGS2	9606.ENSP00000365230	9606.ENSP00000356438	0	0	0	0	0.087	0	0	0.608	0.627
BCL2L1	CTSS	9606.ENSP00000365230	9606.ENSP00000357981	0	0	0	0	0.042	0	0.900	0.388	0.936
BCL2L1	MCL1	9606.ENSP00000365230	9606.ENSP00000358022	0	0	0	0.620	0.049	0.362	0.900	0.845	0.989
BCL2L1	CASP7	9606.ENSP00000365230	9606.ENSP00000358327	0	0	0	0	0.049	0.209	0	0.822	0.854
BCL2L1	XIAP	9606.ENSP00000365230	9606.ENSP00000360242	0	0	0	0	0.082	0.051	0	0.936	0.939
BCL2L1	HSP90AB1	9606.ENSP00000365230	9606.ENSP00000360609	0	0	0	0	0.085	0	0	0.584	0.603
BCL2L1	MMP9	9606.ENSP00000365230	9606.ENSP00000361405	0	0	0	0	0.042	0	0	0.648	0.649
BCL2L1	PLAU	9606.ENSP00000365230	9606.ENSP00000361850	0	0	0	0	0.042	0	0	0.628	0.628
BCL2L1	CDK9	9606.ENSP00000365230	9606.ENSP00000362361	0	0	0	0	0.060	0	0	0.407	0.419
BCL2L1	HDAC1	9606.ENSP00000365230	9606.ENSP00000362649	0	0	0	0	0.070	0	0	0.435	0.452
BCL2L1	SRC	9606.ENSP00000365230	9606.ENSP00000362680	0	0	0	0	0.072	0	0	0.662	0.673
BCL2L1	TLR4	9606.ENSP00000365230	9606.ENSP00000363089	0	0	0	0	0	0	0	0.455	0.455
BCL2L1	SYK	9606.ENSP00000365230	9606.ENSP00000364898	0	0	0	0	0.042	0	0	0.434	0.434
BCL2L1	GRB2	9606.ENSP00000365230	9606.ENSP00000376345	0	0	0	0	0.062	0	0	0.399	0.412
BCL2L1	PIK3CD	9606.ENSP00000365230	9606.ENSP00000366563	0	0	0	0	0.047	0	0	0.411	0.415
BCL2L1	HDAC6	9606.ENSP00000365230	9606.ENSP00000365804	0	0	0	0	0.065	0	0	0.402	0.417
BCL2L1	NTRK1	9606.ENSP00000365230	9606.ENSP00000431418	0	0	0	0	0.059	0	0	0.407	0.418
BCL2L1	JAK3	9606.ENSP00000365230	9606.ENSP00000432511	0	0	0	0	0.048	0	0	0.432	0.436
BCL2L1	LCK	9606.ENSP00000365230	9606.ENSP00000477713	0	0	0	0	0.042	0	0	0.443	0.444
BCL2L1	TYK2	9606.ENSP00000365230	9606.ENSP00000431885	0	0	0	0	0.060	0.115	0	0.390	0.448
BCL2L1	RPS6KA1	9606.ENSP00000365230	9606.ENSP00000435412	0	0	0	0	0.061	0	0	0.446	0.458
BCL2L1	CHEK2	9606.ENSP00000365230	9606.ENSP00000372023	0	0	0	0	0	0	0	0.474	0.474
BCL2L1	PTPRC	9606.ENSP00000365230	9606.ENSP00000411355	0	0	0	0	0.066	0	0	0.477	0.491
BCL2L1	BTK	9606.ENSP00000365230	9606.ENSP00000483570	0	0	0	0	0.044	0	0	0.491	0.492
BCL2L1	ERN1	9606.ENSP00000365230	9606.ENSP00000401445	0	0	0	0	0.055	0	0	0.515	0.522
BCL2L1	FKBP1A	9606.ENSP00000365230	9606.ENSP00000383003	0	0	0	0	0.067	0	0	0.511	0.524
BCL2L1	IGF1R	9606.ENSP00000365230	9606.ENSP00000497069	0	0	0	0	0	0	0	0.541	0.541
BCL2L1	BRAF	9606.ENSP00000365230	9606.ENSP00000419060	0	0	0	0	0.051	0	0	0.552	0.557
BCL2L1	JAK1	9606.ENSP00000365230	9606.ENSP00000499900	0	0	0	0	0.064	0	0	0.550	0.561
BCL2L1	ESR1	9606.ENSP00000365230	9606.ENSP00000405330	0	0	0	0	0	0.045	0	0.577	0.578
BCL2L1	IKBKB	9606.ENSP00000365230	9606.ENSP00000430684	0	0	0	0	0.049	0	0	0.588	0.591
BCL2L1	CXCR4	9606.ENSP00000365230	9606.ENSP00000386884	0	0	0	0	0	0	0	0.660	0.660
BCL2L1	CDK1	9606.ENSP00000365230	9606.ENSP00000378699	0	0	0	0	0.047	0.292	0	0.595	0.703
BCL2L1	PTPN11	9606.ENSP00000365230	9606.ENSP00000489597	0	0	0	0	0.085	0	0.500	0.448	0.725
BCL2L1	CASP1	9606.ENSP00000365230	9606.ENSP00000433138	0	0	0	0	0	0.354	0	0.596	0.728
BCL2L1	JAK2	9606.ENSP00000365230	9606.ENSP00000371067	0	0	0	0	0.049	0	0	0.761	0.763
BCL2L1	RELA	9606.ENSP00000365230	9606.ENSP00000384273	0	0	0	0	0.080	0.292	0	0.680	0.773
BCL2L1	TNF	9606.ENSP00000365230	9606.ENSP00000398698	0	0	0	0	0.052	0.093	0	0.870	0.878
BCL2L1	RAF1	9606.ENSP00000365230	9606.ENSP00000401888	0	0	0	0	0.058	0.677	0	0.674	0.892
BCL2L1	MAPK9	9606.ENSP00000365230	9606.ENSP00000394560	0	0	0	0	0.083	0.292	0.900	0.406	0.956
BCL2L1	MAPK8	9606.ENSP00000365230	9606.ENSP00000378974	0	0	0	0	0.057	0.678	0.900	0.593	0.986
BDKRB1	DRD4	9606.ENSP00000216629	9606.ENSP00000176183	0	0	0	0	0	0	0	0.426	0.426
BDKRB1	PRCP	9606.ENSP00000216629	9606.ENSP00000377055	0	0	0	0	0	0	0	0.400	0.400
BDKRB1	CXCR2	9606.ENSP00000216629	9606.ENSP00000319635	0	0	0	0.721	0.049	0	0	0.396	0.401
BDKRB1	KISS1R	9606.ENSP00000216629	9606.ENSP00000234371	0	0	0	0.641	0	0	0.400	0.053	0.407
BDKRB1	HTR2A	9606.ENSP00000216629	9606.ENSP00000437737	0	0	0	0.579	0.055	0	0	0.409	0.417
BDKRB1	FPR2	9606.ENSP00000216629	9606.ENSP00000468897	0	0	0	0.678	0.053	0	0.400	0.079	0.430
BDKRB1	F2R	9606.ENSP00000216629	9606.ENSP00000321326	0	0	0	0.646	0	0	0.400	0.120	0.449
BDKRB1	EDNRA	9606.ENSP00000216629	9606.ENSP00000315011	0	0	0	0.579	0.042	0	0.400	0.151	0.469
BDKRB1	REN	9606.ENSP00000216629	9606.ENSP00000272190	0	0	0	0	0.043	0	0	0.506	0.507
BDKRB1	BTK	9606.ENSP00000216629	9606.ENSP00000483570	0	0	0	0	0	0	0.500	0.065	0.512
BDKRB1	EDNRB	9606.ENSP00000216629	9606.ENSP00000366416	0	0	0	0.602	0	0	0.400	0.232	0.519
BDKRB1	SRC	9606.ENSP00000216629	9606.ENSP00000362680	0	0	0	0	0	0	0.500	0.108	0.534
BDKRB1	TRPV1	9606.ENSP00000216629	9606.ENSP00000459962	0	0	0	0	0.067	0.045	0	0.570	0.583
BDKRB1	CHRM3	9606.ENSP00000216629	9606.ENSP00000255380	0	0	0	0	0	0	0	0.692	0.692
BDKRB1	TRPA1	9606.ENSP00000216629	9606.ENSP00000262209	0	0	0	0	0.141	0.073	0	0.705	0.744
BDKRB1	F2	9606.ENSP00000216629	9606.ENSP00000308541	0	0	0	0	0.044	0.052	0.900	0.115	0.909
BDKRB1	BDKRB2	9606.ENSP00000216629	9606.ENSP00000450482	0	0	0	0.853	0.430	0	0.900	0.500	0.969
BDKRB2	KISS1R	9606.ENSP00000450482	9606.ENSP00000234371	0	0	0	0.641	0	0	0.400	0	0.400
BDKRB2	CHRM3	9606.ENSP00000450482	9606.ENSP00000255380	0	0	0	0	0	0	0	0.604	0.604
BDKRB2	TRPA1	9606.ENSP00000450482	9606.ENSP00000262209	0	0	0	0	0.080	0.073	0	0.705	0.726
BDKRB2	REN	9606.ENSP00000450482	9606.ENSP00000272190	0	0	0	0	0	0	0	0.507	0.507
BDKRB2	NOS3	9606.ENSP00000450482	9606.ENSP00000297494	0	0	0	0	0	0	0	0.451	0.451
BDKRB2	F2	9606.ENSP00000450482	9606.ENSP00000308541	0	0	0	0	0	0.052	0.900	0.136	0.910
BDKRB2	EDNRA	9606.ENSP00000450482	9606.ENSP00000315011	0	0	0	0.573	0.107	0	0.400	0.223	0.547
BDKRB2	F2R	9606.ENSP00000450482	9606.ENSP00000321326	0	0	0	0.623	0	0	0.400	0.246	0.528
BDKRB2	SRC	9606.ENSP00000450482	9606.ENSP00000362680	0	0	0	0	0	0	0.500	0.213	0.589
BDKRB2	EDNRB	9606.ENSP00000450482	9606.ENSP00000366416	0	0	0	0.606	0	0	0.400	0.260	0.537
BDKRB2	PRCP	9606.ENSP00000450482	9606.ENSP00000377055	0	0	0	0	0	0	0	0.400	0.400
BDKRB2	HTR2A	9606.ENSP00000450482	9606.ENSP00000437737	0	0	0	0.582	0.042	0	0	0.413	0.413
BDKRB2	PTPN11	9606.ENSP00000450482	9606.ENSP00000489597	0	0	0	0	0	0	0	0.415	0.414
BDKRB2	FPR2	9606.ENSP00000450482	9606.ENSP00000468897	0	0	0	0.674	0	0	0.400	0.079	0.423
BDKRB2	NOS1	9606.ENSP00000450482	9606.ENSP00000477999	0	0	0	0	0	0.292	0	0.239	0.438
BDKRB2	BTK	9606.ENSP00000450482	9606.ENSP00000483570	0	0	0	0	0	0	0.500	0.063	0.511
BDKRB2	TRPV1	9606.ENSP00000450482	9606.ENSP00000459962	0	0	0	0	0	0.045	0	0.636	0.637
BRAF	MAPK1	9606.ENSP00000419060	9606.ENSP00000215832	0	0	0	0.586	0.094	0.647	0.700	0.539	0.949
BRAF	MMP2	9606.ENSP00000419060	9606.ENSP00000219070	0	0	0	0	0.055	0	0	0.404	0.412
BRAF	MPO	9606.ENSP00000419060	9606.ENSP00000225275	0	0	0	0	0.060	0	0	0.388	0.400
BRAF	RPS6KB1	9606.ENSP00000419060	9606.ENSP00000225577	0	0	0	0.571	0.084	0.091	0	0.524	0.569
BRAF	NFKB1	9606.ENSP00000419060	9606.ENSP00000226574	0	0	0	0	0.051	0.095	0	0.662	0.684
BRAF	MAPK14	9606.ENSP00000419060	9606.ENSP00000229795	0	0	0	0.605	0.074	0.110	0	0.391	0.455
BRAF	NR3C1	9606.ENSP00000419060	9606.ENSP00000231509	0	0	0	0	0.082	0.071	0	0.477	0.515
BRAF	RARA	9606.ENSP00000419060	9606.ENSP00000254066	0	0	0	0	0.079	0.071	0	0.557	0.588
BRAF	LGALS3	9606.ENSP00000419060	9606.ENSP00000254301	0	0	0	0	0.087	0	0	0.405	0.433
BRAF	CDK4	9606.ENSP00000419060	9606.ENSP00000257904	0	0	0	0.610	0	0.098	0	0.385	0.422
BRAF	MDM2	9606.ENSP00000419060	9606.ENSP00000258149	0	0	0	0	0.063	0.050	0	0.619	0.631
BRAF	MMP7	9606.ENSP00000419060	9606.ENSP00000260227	0	0	0	0	0.069	0	0	0.418	0.435
BRAF	ITGA2B	9606.ENSP00000419060	9606.ENSP00000262407	0	0	0	0	0.075	0.065	0.500	0.103	0.560
BRAF	MAP2K2	9606.ENSP00000419060	9606.ENSP00000262948	0	0	0	0.575	0.102	0.904	0.900	0.835	0.998
BRAF	PRKCQ	9606.ENSP00000419060	9606.ENSP00000263125	0	0	0	0.566	0	0.087	0.650	0.083	0.681
BRAF	EP300	9606.ENSP00000419060	9606.ENSP00000263253	0	0	0	0	0.066	0.047	0	0.622	0.634
BRAF	TYR	9606.ENSP00000419060	9606.ENSP00000263321	0	0	0	0	0	0.098	0	0.591	0.615
BRAF	PRKCG	9606.ENSP00000419060	9606.ENSP00000263431	0	0	0	0.562	0	0.050	0.900	0.454	0.943
BRAF	PIK3CA	9606.ENSP00000419060	9606.ENSP00000263967	0	0	0	0	0.128	0.190	0	0.931	0.947
BRAF	SLC9A1	9606.ENSP00000419060	9606.ENSP00000263980	0	0	0	0	0.094	0.071	0	0.453	0.500
BRAF	ERBB2	9606.ENSP00000419060	9606.ENSP00000269571	0	0	0	0.569	0	0.102	0	0.447	0.482
BRAF	EGFR	9606.ENSP00000419060	9606.ENSP00000275493	0	0	0	0.571	0	0.255	0	0.486	0.601
BRAF	PPARG	9606.ENSP00000419060	9606.ENSP00000287820	0	0	0	0	0	0.071	0	0.660	0.671
BRAF	MAP2K1	9606.ENSP00000419060	9606.ENSP00000302486	0	0	0	0.580	0.119	0.996	0.900	0.983	0.999
BRAF	PRKCE	9606.ENSP00000419060	9606.ENSP00000306124	0	0	0	0.561	0.047	0.533	0.650	0.493	0.910
BRAF	TERT	9606.ENSP00000419060	9606.ENSP00000309572	0	0	0	0	0.059	0.190	0	0.776	0.815
BRAF	PRKACA	9606.ENSP00000419060	9606.ENSP00000309591	0	0	0	0.596	0.054	0.088	0.900	0.204	0.922
BRAF	CASP3	9606.ENSP00000419060	9606.ENSP00000311032	0	0	0	0	0	0.067	0	0.600	0.611
BRAF	TYMS	9606.ENSP00000419060	9606.ENSP00000315644	0	0	0	0	0	0	0	0.445	0.445
BRAF	ROCK2	9606.ENSP00000419060	9606.ENSP00000317985	0	0	0	0.552	0.113	0.106	0	0.418	0.498
BRAF	GSK3B	9606.ENSP00000419060	9606.ENSP00000324806	0	0	0	0.577	0.049	0	0.900	0.283	0.925
BRAF	PGR	9606.ENSP00000419060	9606.ENSP00000325120	0	0	0	0	0	0.071	0	0.432	0.450
BRAF	CASP9	9606.ENSP00000419060	9606.ENSP00000330237	0	0	0	0	0.042	0.067	0	0.400	0.417
BRAF	PRKCD	9606.ENSP00000419060	9606.ENSP00000331602	0	0	0	0.569	0	0.087	0.650	0.099	0.686
BRAF	MAPK11	9606.ENSP00000419060	9606.ENSP00000333685	0	0	0.108	0.598	0.068	0.110	0	0.393	0.491
BRAF	HSP90AA1	9606.ENSP00000419060	9606.ENSP00000335153	0	0	0	0	0	0.784	0	0.933	0.984
BRAF	TRIM24	9606.ENSP00000419060	9606.ENSP00000340507	0	0	0	0	0.074	0.053	0.500	0.676	0.839
BRAF	RET	9606.ENSP00000419060	9606.ENSP00000347942	0	0	0	0.582	0.052	0.091	0	0.421	0.457
BRAF	CASP8	9606.ENSP00000419060	9606.ENSP00000351273	0	0	0	0	0	0.067	0	0.425	0.440
BRAF	CACNA1G	9606.ENSP00000419060	9606.ENSP00000352011	0	0	0	0	0	0	0	0.507	0.507
BRAF	DNMT1	9606.ENSP00000419060	9606.ENSP00000352516	0	0	0	0	0.103	0.066	0	0.411	0.463
BRAF	STAT1	9606.ENSP00000419060	9606.ENSP00000354394	0	0	0	0	0.055	0.096	0	0.387	0.431
BRAF	MTOR	9606.ENSP00000419060	9606.ENSP00000354558	0	0	0	0	0.062	0.073	0	0.634	0.654
BRAF	PARP1	9606.ENSP00000419060	9606.ENSP00000355759	0	0	0	0	0.048	0.148	0	0.625	0.670
BRAF	MDM4	9606.ENSP00000419060	9606.ENSP00000356150	0	0	0	0	0.098	0.050	0	0.455	0.492
BRAF	PTGS2	9606.ENSP00000419060	9606.ENSP00000356438	0	0	0	0	0.087	0	0	0.400	0.428
BRAF	MCL1	9606.ENSP00000419060	9606.ENSP00000358022	0	0	0	0	0.087	0	0	0.595	0.615
BRAF	XIAP	9606.ENSP00000419060	9606.ENSP00000360242	0	0	0	0	0.100	0.092	0	0.357	0.429
BRAF	HSP90AB1	9606.ENSP00000419060	9606.ENSP00000360609	0	0	0	0	0	0.979	0	0.931	0.998
BRAF	MMP9	9606.ENSP00000419060	9606.ENSP00000361405	0	0	0	0	0.086	0	0	0.458	0.483
BRAF	NOX1	9606.ENSP00000419060	9606.ENSP00000362057	0	0	0	0	0	0.063	0	0.523	0.534
BRAF	SRC	9606.ENSP00000419060	9606.ENSP00000362680	0	0	0.121	0.652	0.057	0.318	0.400	0.606	0.842
BRAF	PIK3CD	9606.ENSP00000419060	9606.ENSP00000366563	0	0	0	0	0.052	0.069	0	0.409	0.433
BRAF	RPS6KA3	9606.ENSP00000419060	9606.ENSP00000368884	0	0	0	0.561	0.113	0.070	0	0.543	0.591
BRAF	JAK2	9606.ENSP00000419060	9606.ENSP00000371067	0	0	0	0.573	0.058	0.101	0.400	0.280	0.585
BRAF	TYRP1	9606.ENSP00000419060	9606.ENSP00000373570	0	0	0	0	0	0.098	0	0.373	0.410
BRAF	GRB2	9606.ENSP00000419060	9606.ENSP00000376345	0	0	0	0	0	0.100	0	0.592	0.617
BRAF	CXCR4	9606.ENSP00000419060	9606.ENSP00000386884	0	0	0	0	0.074	0	0	0.392	0.412
BRAF	FGFR1	9606.ENSP00000419060	9606.ENSP00000393312	0	0	0	0.574	0.052	0.091	0	0.362	0.402
BRAF	TNF	9606.ENSP00000419060	9606.ENSP00000398698	0	0	0	0	0	0.057	0	0.478	0.486
BRAF	RAF1	9606.ENSP00000419060	9606.ENSP00000401888	0	0	0.066	0.945	0	0.927	0.900	0.983	0.999
BRAF	ESR1	9606.ENSP00000419060	9606.ENSP00000405330	0	0	0	0	0	0.071	0	0.738	0.746
BRAF	PTPRC	9606.ENSP00000419060	9606.ENSP00000411355	0	0	0	0	0	0.097	0	0.376	0.413
BRAF	IDO1	9606.ENSP00000419060	9606.ENSP00000430950	0	0	0	0	0	0	0	0.447	0.447
BRAF	CDC42	9606.ENSP00000419060	9606.ENSP00000497733	0	0	0	0	0.079	0.110	0	0.443	0.504
BRAF	PIK3CB	9606.ENSP00000419060	9606.ENSP00000501150	0	0	0	0	0.078	0.069	0	0.525	0.557
BRAF	PIK3CG	9606.ENSP00000419060	9606.ENSP00000419260	0	0	0	0	0.046	0.069	0	0.553	0.569
BRAF	ITGB3	9606.ENSP00000419060	9606.ENSP00000452786	0	0	0	0	0	0.052	0.500	0.186	0.580
BRAF	PIK3R1	9606.ENSP00000419060	9606.ENSP00000428056	0	0	0	0	0.049	0.093	0	0.574	0.600
BRAF	NTRK1	9606.ENSP00000419060	9606.ENSP00000431418	0	0	0	0.567	0.050	0.095	0.500	0.334	0.675
BRAF	MC1R	9606.ENSP00000419060	9606.ENSP00000451605	0	0	0	0	0	0.079	0	0.736	0.746
BRAF	PTPN11	9606.ENSP00000419060	9606.ENSP00000489597	0	0	0	0	0.049	0.098	0	0.852	0.862
BRAF	PRKCB	9606.ENSP00000419060	9606.ENSP00000496129	0	0	0	0.578	0	0.050	0.900	0.126	0.909
BTK	RPS6KB1	9606.ENSP00000483570	9606.ENSP00000225577	0	0	0	0.570	0.044	0.328	0	0.181	0.429
BTK	GNRHR	9606.ENSP00000483570	9606.ENSP00000226413	0	0	0	0	0	0	0.500	0	0.499
BTK	NFKB1	9606.ENSP00000483570	9606.ENSP00000226574	0	0	0	0	0.129	0.095	0	0.719	0.759
BTK	KISS1R	9606.ENSP00000483570	9606.ENSP00000234371	0	0	0	0	0	0	0.500	0	0.499
BTK	CHRM3	9606.ENSP00000483570	9606.ENSP00000255380	0	0	0	0	0	0	0.500	0	0.499
BTK	MDM2	9606.ENSP00000483570	9606.ENSP00000258149	0	0	0	0	0.057	0.298	0	0.340	0.525
BTK	PRKCQ	9606.ENSP00000483570	9606.ENSP00000263125	0	0	0	0.564	0.109	0.325	0	0.428	0.626
BTK	PIK3CA	9606.ENSP00000483570	9606.ENSP00000263967	0	0	0	0	0.057	0.069	0.900	0.461	0.946
BTK	ZAP70	9606.ENSP00000483570	9606.ENSP00000264972	0	0	0	0.682	0.160	0	0	0.693	0.731
BTK	EGFR	9606.ENSP00000483570	9606.ENSP00000275493	0	0	0	0.636	0.042	0.091	0	0.418	0.449
BTK	HTR2C	9606.ENSP00000483570	9606.ENSP00000276198	0	0	0	0	0.070	0	0.500	0.052	0.520
BTK	CCR2	9606.ENSP00000483570	9606.ENSP00000292301	0	0	0	0	0.227	0	0	0.435	0.544
BTK	CCR1	9606.ENSP00000483570	9606.ENSP00000296140	0	0	0	0	0.306	0	0	0.202	0.423
BTK	P2RY1	9606.ENSP00000483570	9606.ENSP00000304767	0	0	0	0	0.057	0	0.500	0.069	0.522
BTK	CHRM1	9606.ENSP00000483570	9606.ENSP00000306490	0	0	0	0	0	0	0.500	0	0.499
BTK	F2	9606.ENSP00000483570	9606.ENSP00000308541	0	0	0	0	0	0.096	0.500	0.147	0.580
BTK	CASP3	9606.ENSP00000483570	9606.ENSP00000311032	0	0	0	0	0.105	0.067	0	0.382	0.439
BTK	EDNRA	9606.ENSP00000483570	9606.ENSP00000315011	0	0	0	0	0	0	0.500	0.086	0.523
BTK	F2R	9606.ENSP00000483570	9606.ENSP00000321326	0	0	0	0	0	0.084	0.500	0.208	0.605
BTK	HSP90AA1	9606.ENSP00000483570	9606.ENSP00000335153	0	0	0	0	0.047	0.594	0	0.326	0.716
BTK	FYN	9606.ENSP00000483570	9606.ENSP00000346671	0	0	0.101	0.842	0.090	0.292	0.500	0.640	0.876
BTK	PTPN22	9606.ENSP00000483570	9606.ENSP00000352833	0	0	0	0	0.186	0.097	0	0.304	0.444
BTK	TLR9	9606.ENSP00000483570	9606.ENSP00000353874	0	0	0	0	0.120	0.277	0	0.872	0.911
BTK	STAT1	9606.ENSP00000483570	9606.ENSP00000354394	0	0	0	0	0.085	0.096	0	0.414	0.473
BTK	MTOR	9606.ENSP00000483570	9606.ENSP00000354558	0	0	0	0	0.047	0.073	0	0.522	0.541
BTK	CTSS	9606.ENSP00000483570	9606.ENSP00000357981	0	0	0	0	0.248	0	0	0.354	0.494
BTK	MCL1	9606.ENSP00000483570	9606.ENSP00000358022	0	0	0	0	0.087	0	0	0.517	0.541
BTK	HSP90AB1	9606.ENSP00000483570	9606.ENSP00000360609	0	0	0	0	0.047	0.538	0	0.326	0.677
BTK	MPL	9606.ENSP00000483570	9606.ENSP00000361548	0	0	0	0	0.062	0.045	0	0.528	0.540
BTK	TLR4	9606.ENSP00000483570	9606.ENSP00000363089	0	0	0	0	0.165	0.277	0	0.743	0.831
BTK	FGR	9606.ENSP00000483570	9606.ENSP00000363117	0	0	0.108	0.838	0.326	0	0	0.112	0.420
BTK	SYK	9606.ENSP00000483570	9606.ENSP00000364898	0	0	0	0.652	0.297	0.292	0.900	0.987	0.999
BTK	HCK	9606.ENSP00000483570	9606.ENSP00000365012	0	0	0.104	0.852	0.321	0.359	0	0.454	0.759
BTK	EDNRB	9606.ENSP00000483570	9606.ENSP00000366416	0	0	0	0	0.049	0	0.500	0.123	0.547
BTK	PIK3CD	9606.ENSP00000483570	9606.ENSP00000366563	0	0	0	0	0.112	0.069	0.900	0.770	0.978
BTK	CHRM5	9606.ENSP00000483570	9606.ENSP00000372750	0	0	0	0	0	0	0.500	0	0.499
BTK	GRB2	9606.ENSP00000483570	9606.ENSP00000376345	0	0	0	0.673	0.113	0.400	0.400	0.958	0.984
BTK	ITGA4	9606.ENSP00000483570	9606.ENSP00000380227	0	0	0	0	0.168	0.058	0	0.323	0.423
BTK	CXCR4	9606.ENSP00000483570	9606.ENSP00000386884	0	0	0	0	0.182	0	0	0.542	0.609
BTK	PTPN6	9606.ENSP00000483570	9606.ENSP00000391592	0	0	0	0	0.280	0.097	0.900	0.368	0.953
BTK	ITK	9606.ENSP00000483570	9606.ENSP00000398655	0	0	0.066	0.945	0.073	0.089	0.400	0.090	0.491
BTK	TNF	9606.ENSP00000483570	9606.ENSP00000398698	0	0	0	0	0.188	0.057	0	0.511	0.593
BTK	PTPRC	9606.ENSP00000483570	9606.ENSP00000411355	0	0	0	0	0.401	0.097	0	0.464	0.685
BTK	PIK3CG	9606.ENSP00000483570	9606.ENSP00000419260	0	0	0	0	0.262	0.069	0	0.551	0.665
BTK	PIK3R1	9606.ENSP00000483570	9606.ENSP00000428056	0	0	0	0.551	0.044	0.093	0.900	0.466	0.947
BTK	LYN	9606.ENSP00000483570	9606.ENSP00000428924	0	0	0.098	0.857	0.175	0.292	0.900	0.961	0.997
BTK	IKBKB	9606.ENSP00000483570	9606.ENSP00000430684	0	0	0	0.556	0.099	0	0.900	0.187	0.920
BTK	CASP1	9606.ENSP00000483570	9606.ENSP00000433138	0	0	0	0	0.192	0.067	0	0.637	0.703
BTK	HTR2A	9606.ENSP00000483570	9606.ENSP00000437737	0	0	0	0	0	0	0.500	0.069	0.514
BTK	FPR2	9606.ENSP00000483570	9606.ENSP00000468897	0	0	0	0	0.130	0	0.500	0.085	0.567
BTK	FPR1	9606.ENSP00000483570	9606.ENSP00000471493	0	0	0	0	0.118	0	0	0.409	0.456
BTK	LCK	9606.ENSP00000483570	9606.ENSP00000477713	0	0	0.093	0.863	0.126	0	0.500	0.449	0.752
BTK	IRAK4	9606.ENSP00000483570	9606.ENSP00000479889	0	0	0	0.592	0.109	0.051	0	0.885	0.894
BTK	JAK1	9606.ENSP00000483570	9606.ENSP00000499900	0	0	0	0.607	0.093	0.292	0	0.223	0.457
BTK	PTPN11	9606.ENSP00000483570	9606.ENSP00000489597	0	0	0	0	0.138	0.097	0	0.427	0.516
BTK	CDC42	9606.ENSP00000483570	9606.ENSP00000497733	0	0	0	0	0.118	0.110	0.400	0.354	0.655
BTK	PRKCB	9606.ENSP00000483570	9606.ENSP00000496129	0	0	0	0.569	0.216	0.298	0	0.624	0.775
BTK	PIK3CB	9606.ENSP00000483570	9606.ENSP00000501150	0	0	0	0	0.057	0.069	0.900	0.433	0.943
CA2	SLC9A1	9606.ENSP00000285379	9606.ENSP00000263980	0	0	0	0	0	0.299	0	0.938	0.954
CA2	CTSK	9606.ENSP00000285379	9606.ENSP00000271651	0	0	0	0	0	0	0	0.791	0.791
CA2	PTPN1	9606.ENSP00000285379	9606.ENSP00000360683	0	0	0	0	0	0.063	0	0.389	0.403
CA2	F10	9606.ENSP00000285379	9606.ENSP00000364709	0	0	0	0	0	0.045	0	0.442	0.444
CA2	MMP9	9606.ENSP00000285379	9606.ENSP00000361405	0	0	0	0	0.056	0	0	0.445	0.454
CA2	ITGB3	9606.ENSP00000285379	9606.ENSP00000452786	0	0	0	0	0.056	0	0	0.451	0.459
CA2	CYP19A1	9606.ENSP00000285379	9606.ENSP00000379683	0	0	0	0	0.088	0	0	0.464	0.490
CA2	SRC	9606.ENSP00000285379	9606.ENSP00000362680	0	0	0	0	0.056	0.059	0	0.539	0.555
CACNA1G	KCNH2	9606.ENSP00000352011	9606.ENSP00000262186	0	0	0	0	0.060	0.067	0	0.453	0.479
CACNA1G	SCN5A	9606.ENSP00000352011	9606.ENSP00000328968	0	0	0	0.653	0.082	0.189	0.540	0.269	0.716
CACNA1G	CACNA1H	9606.ENSP00000352011	9606.ENSP00000334198	0	0	0.069	0.942	0.050	0	0.900	0.446	0.944
CACNA1G	PDE4B	9606.ENSP00000352011	9606.ENSP00000342637	0	0	0	0	0	0	0.540	0.051	0.544
CACNA1G	ESR2	9606.ENSP00000352011	9606.ENSP00000343925	0	0	0	0	0.049	0	0.900	0.248	0.922
CACNA1G	PDE4D	9606.ENSP00000352011	9606.ENSP00000345502	0	0	0	0	0	0	0.540	0.065	0.551
CACNA1G	FKBP1A	9606.ENSP00000352011	9606.ENSP00000383003	0	0	0	0	0	0	0.540	0	0.540
CACNA1G	NOS1	9606.ENSP00000352011	9606.ENSP00000477999	0	0	0	0	0.122	0	0.900	0.126	0.916
CACNA1H	KCNH2	9606.ENSP00000334198	9606.ENSP00000262186	0	0	0	0	0.115	0.067	0	0.425	0.484
CACNA1H	TRPA1	9606.ENSP00000334198	9606.ENSP00000262209	0	0	0	0	0	0	0	0.480	0.480
CACNA1H	CYP11B1	9606.ENSP00000334198	9606.ENSP00000292427	0	0	0	0	0.047	0	0	0.477	0.480
CACNA1H	CYP11B2	9606.ENSP00000334198	9606.ENSP00000325822	0	0	0	0	0	0	0	0.581	0.581
CACNA1H	SCN5A	9606.ENSP00000334198	9606.ENSP00000328968	0	0	0	0.648	0.074	0.189	0.540	0.237	0.701
CACNA1H	PDE4D	9606.ENSP00000334198	9606.ENSP00000345502	0	0	0	0	0.044	0	0.540	0.068	0.554
CACNA1H	PDE4B	9606.ENSP00000334198	9606.ENSP00000342637	0	0	0	0	0	0	0.540	0.084	0.560
CACNA1H	TRPV1	9606.ENSP00000334198	9606.ENSP00000459962	0	0	0	0	0	0	0	0.584	0.584
CACNA1H	FKBP1A	9606.ENSP00000334198	9606.ENSP00000383003	0	0	0	0	0	0	0.720	0.069	0.728
CACNA1H	ESR2	9606.ENSP00000334198	9606.ENSP00000343925	0	0	0	0	0	0	0.900	0.177	0.914
CACNA1H	NOS1	9606.ENSP00000334198	9606.ENSP00000477999	0	0	0	0	0.109	0	0.900	0.180	0.920
CAMKK2	SIRT1	9606.ENSP00000312741	9606.ENSP00000212015	0	0	0	0	0.049	0.071	0	0.642	0.656
CAMKK2	MAPK14	9606.ENSP00000312741	9606.ENSP00000229795	0	0	0.102	0.627	0.221	0.638	0	0.103	0.742
CAMKK2	P2RX4	9606.ENSP00000312741	9606.ENSP00000353032	0	0.010	0	0	0.059	0.243	0	0.248	0.417
CAMKK2	IGF1R	9606.ENSP00000312741	9606.ENSP00000497069	0	0	0	0.560	0.060	0.076	0	0.430	0.462
CAMKK2	PARP1	9606.ENSP00000312741	9606.ENSP00000355759	0	0	0	0	0.063	0	0	0.485	0.497
CAMKK2	TNF	9606.ENSP00000312741	9606.ENSP00000398698	0	0	0	0	0.044	0	0	0.509	0.510
CAMKK2	MTOR	9606.ENSP00000312741	9606.ENSP00000354558	0	0	0	0	0.138	0	0	0.745	0.771
CAMKK2	PRKAA1	9606.ENSP00000312741	9606.ENSP00000346148	0	0	0	0.630	0.060	0.458	0.900	0.247	0.956
CAPN1	CTSD	9606.ENSP00000431984	9606.ENSP00000236671	0	0	0	0	0.141	0.045	0	0.437	0.498
CAPN1	CASP6	9606.ENSP00000431984	9606.ENSP00000265164	0	0	0	0	0.110	0.061	0	0.353	0.412
CAPN1	CHRM1	9606.ENSP00000431984	9606.ENSP00000306490	0	0	0	0	0.049	0	0	0.768	0.769
CAPN1	CASP3	9606.ENSP00000431984	9606.ENSP00000311032	0	0	0	0	0.042	0.061	0.500	0.590	0.790
CAPN1	CDK5R1	9606.ENSP00000431984	9606.ENSP00000318486	0	0	0	0	0.057	0	0.900	0.503	0.949
CAPN1	F2R	9606.ENSP00000431984	9606.ENSP00000321326	0	0	0	0	0	0.396	0	0.109	0.439
CAPN1	GSK3B	9606.ENSP00000431984	9606.ENSP00000324806	0	0	0	0	0.047	0.176	0	0.352	0.447
CAPN1	CASP9	9606.ENSP00000431984	9606.ENSP00000330237	0	0	0	0	0.049	0.071	0	0.399	0.422
CAPN1	CTSL	9606.ENSP00000431984	9606.ENSP00000345344	0	0	0	0	0.055	0	0	0.456	0.464
CAPN1	CTSB	9606.ENSP00000431984	9606.ENSP00000345672	0	0	0	0	0.085	0	0	0.443	0.469
CAPN1	CTSS	9606.ENSP00000431984	9606.ENSP00000357981	0	0	0	0	0.055	0	0	0.667	0.672
CAPN1	CASP7	9606.ENSP00000431984	9606.ENSP00000358327	0	0	0	0	0.049	0.179	0	0.310	0.415
CAPN1	PTPN1	9606.ENSP00000431984	9606.ENSP00000360683	0	0	0	0	0.050	0.510	0	0.247	0.619
CAPN1	RELA	9606.ENSP00000431984	9606.ENSP00000384273	0	0	0	0	0.117	0.098	0	0.684	0.727
CAPN1	CDK5	9606.ENSP00000431984	9606.ENSP00000419782	0	0	0	0	0.075	0	0.500	0.510	0.754
CAPN1	GRIN2B	9606.ENSP00000431984	9606.ENSP00000477455	0	0	0	0	0	0.396	0	0.541	0.710
CASP1	SIRT1	9606.ENSP00000433138	9606.ENSP00000212015	0	0	0	0	0	0	0	0.544	0.544
CASP1	CTSG	9606.ENSP00000433138	9606.ENSP00000216336	0	0	0	0	0.090	0	0.750	0.506	0.877
CASP1	RIPK2	9606.ENSP00000433138	9606.ENSP00000220751	0	0	0	0	0.113	0.311	0	0.773	0.849
CASP1	PLAT	9606.ENSP00000433138	9606.ENSP00000220809	0	0	0	0	0.072	0	0.540	0.228	0.641
CASP1	SERPINE1	9606.ENSP00000433138	9606.ENSP00000223095	0	0	0	0	0.055	0	0.540	0.307	0.672
CASP1	MPO	9606.ENSP00000433138	9606.ENSP00000225275	0	0	0	0	0.078	0	0	0.564	0.581
CASP1	NFKB1	9606.ENSP00000433138	9606.ENSP00000226574	0	0	0	0	0.141	0.076	0	0.799	0.826
CASP1	MAPK14	9606.ENSP00000433138	9606.ENSP00000229795	0	0	0	0	0.099	0.045	0	0.532	0.562
CASP1	CTSD	9606.ENSP00000433138	9606.ENSP00000236671	0	0	0	0	0.095	0.052	0	0.383	0.424
CASP1	LGALS3	9606.ENSP00000433138	9606.ENSP00000254301	0	0	0	0	0.126	0.052	0	0.370	0.433
CASP1	KIF11	9606.ENSP00000433138	9606.ENSP00000260731	0	0	0	0	0.047	0.420	0	0.069	0.440
CASP1	EP300	9606.ENSP00000433138	9606.ENSP00000263253	0	0	0	0	0.060	0	0	0.491	0.501
CASP1	NOX4	9606.ENSP00000433138	9606.ENSP00000263317	0	0	0	0	0.067	0	0	0.449	0.464
CASP1	ICAM1	9606.ENSP00000433138	9606.ENSP00000264832	0	0	0	0	0.159	0	0	0.601	0.650
CASP1	CASP6	9606.ENSP00000433138	9606.ENSP00000265164	0	0	0	0.614	0.069	0	0.540	0.833	0.922
CASP1	CTSK	9606.ENSP00000433138	9606.ENSP00000271651	0	0	0	0	0.147	0.052	0	0.481	0.543
CASP1	EGFR	9606.ENSP00000433138	9606.ENSP00000275493	0	0	0	0	0.061	0.292	0	0.369	0.544
CASP1	CSF1R	9606.ENSP00000433138	9606.ENSP00000286301	0	0	0	0	0.216	0	0	0.308	0.435
CASP1	PPARG	9606.ENSP00000433138	9606.ENSP00000287820	0	0	0	0	0.103	0	0	0.484	0.518
CASP1	CCR2	9606.ENSP00000433138	9606.ENSP00000292301	0	0	0	0	0.158	0	0	0.448	0.515
CASP1	CCR5	9606.ENSP00000433138	9606.ENSP00000292303	0	0	0	0	0.208	0	0	0.399	0.503
CASP1	VCAM1	9606.ENSP00000433138	9606.ENSP00000294728	0	0	0	0	0.088	0	0	0.481	0.506
CASP1	CCR1	9606.ENSP00000433138	9606.ENSP00000296140	0	0	0	0	0.229	0	0	0.253	0.400
CASP1	CASP3	9606.ENSP00000433138	9606.ENSP00000311032	0	0	0	0.654	0.106	0	0.540	0.349	0.709
CASP1	CXCR2	9606.ENSP00000433138	9606.ENSP00000319635	0	0	0	0	0.144	0	0	0.381	0.448
CASP1	GSK3B	9606.ENSP00000433138	9606.ENSP00000324806	0	0	0	0	0.042	0.067	0	0.386	0.403
CASP1	NOS2	9606.ENSP00000433138	9606.ENSP00000327251	0	0	0	0	0	0	0	0.428	0.428
CASP1	TBK1	9606.ENSP00000433138	9606.ENSP00000329967	0	0	0	0	0.118	0.067	0	0.554	0.602
CASP1	CASP9	9606.ENSP00000433138	9606.ENSP00000330237	0	0	0	0.613	0.064	0	0.540	0.386	0.712
CASP1	P2RX7	9606.ENSP00000433138	9606.ENSP00000330696	0	0	0	0	0.082	0	0	0.784	0.793
CASP1	SELE	9606.ENSP00000433138	9606.ENSP00000331736	0	0	0	0	0.081	0.045	0	0.413	0.440
CASP1	HSP90AA1	9606.ENSP00000433138	9606.ENSP00000335153	0	0	0	0	0.042	0.057	0	0.399	0.409
CASP1	DPP8	9606.ENSP00000433138	9606.ENSP00000339208	0	0	0	0	0	0	0	0.410	0.410
CASP1	ESR2	9606.ENSP00000433138	9606.ENSP00000343925	0	0	0	0	0.046	0	0	0.547	0.549
CASP1	CTSL	9606.ENSP00000433138	9606.ENSP00000345344	0	0	0	0	0.113	0.052	0	0.362	0.416
CASP1	HMGB1	9606.ENSP00000433138	9606.ENSP00000345347	0	0	0	0	0.042	0	0	0.686	0.687
CASP1	CTSB	9606.ENSP00000433138	9606.ENSP00000345672	0	0	0	0	0.104	0.052	0.540	0.814	0.917
CASP1	CASP8	9606.ENSP00000433138	9606.ENSP00000351273	0	0	0	0.580	0.152	0.544	0.900	0.986	0.999
CASP1	P2RX4	9606.ENSP00000433138	9606.ENSP00000353032	0	0	0	0	0.044	0	0	0.411	0.412
CASP1	TLR9	9606.ENSP00000433138	9606.ENSP00000353874	0	0	0	0	0.080	0.062	0	0.756	0.771
CASP1	STAT1	9606.ENSP00000433138	9606.ENSP00000354394	0	0	0	0	0.301	0	0	0.591	0.702
CASP1	MTOR	9606.ENSP00000433138	9606.ENSP00000354558	0	0	0	0	0	0	0	0.453	0.453
CASP1	PTGS1	9606.ENSP00000433138	9606.ENSP00000354612	0	0	0	0	0.195	0	0	0.435	0.526
CASP1	PSEN2	9606.ENSP00000433138	9606.ENSP00000355747	0	0	0	0	0.051	0.126	0	0.420	0.477
CASP1	PARP1	9606.ENSP00000433138	9606.ENSP00000355759	0	0	0	0	0	0.314	0	0.518	0.655
CASP1	PTGS2	9606.ENSP00000433138	9606.ENSP00000356438	0	0	0	0	0.145	0	0	0.586	0.631
CASP1	CTSS	9606.ENSP00000433138	9606.ENSP00000357981	0	0	0	0	0.454	0.052	0	0.577	0.762
CASP1	MCL1	9606.ENSP00000433138	9606.ENSP00000358022	0	0	0	0	0.127	0.125	0	0.430	0.527
CASP1	CASP7	9606.ENSP00000433138	9606.ENSP00000358327	0	0	0	0.588	0.107	0	0.540	0.319	0.696
CASP1	XIAP	9606.ENSP00000433138	9606.ENSP00000360242	0	0	0	0	0.067	0.184	0	0.959	0.966
CASP1	HSP90AB1	9606.ENSP00000433138	9606.ENSP00000360609	0	0	0	0	0.042	0.057	0	0.398	0.408
CASP1	PTPN1	9606.ENSP00000433138	9606.ENSP00000360683	0	0	0	0	0.042	0	0	0.411	0.411
CASP1	MMP9	9606.ENSP00000433138	9606.ENSP00000361405	0	0	0	0	0.140	0	0	0.518	0.568
CASP1	PLAU	9606.ENSP00000433138	9606.ENSP00000361850	0	0	0	0	0.094	0	0.540	0.210	0.642
CASP1	SRC	9606.ENSP00000433138	9606.ENSP00000362680	0	0	0	0	0.105	0.067	0	0.400	0.456
CASP1	TLR4	9606.ENSP00000433138	9606.ENSP00000363089	0	0	0	0	0.263	0.062	0	0.888	0.916
CASP1	SYK	9606.ENSP00000433138	9606.ENSP00000364898	0	0	0	0	0.169	0.311	0	0.664	0.791
CASP1	XDH	9606.ENSP00000433138	9606.ENSP00000368727	0	0	0	0	0.128	0	0	0.398	0.452
CASP1	JAK2	9606.ENSP00000433138	9606.ENSP00000371067	0	0	0	0	0.226	0.067	0	0.401	0.530
CASP1	MAPK8	9606.ENSP00000433138	9606.ENSP00000378974	0	0	0	0	0.042	0	0	0.457	0.458
CASP1	RELA	9606.ENSP00000433138	9606.ENSP00000384273	0	0	0	0	0.103	0.061	0	0.401	0.452
CASP1	PPARA	9606.ENSP00000433138	9606.ENSP00000385523	0	0	0	0	0.086	0	0	0.377	0.406
CASP1	CXCR4	9606.ENSP00000433138	9606.ENSP00000386884	0	0	0	0	0.134	0	0	0.373	0.435
CASP1	MAPK9	9606.ENSP00000433138	9606.ENSP00000394560	0	0	0	0	0.042	0	0	0.555	0.556
CASP1	TNF	9606.ENSP00000433138	9606.ENSP00000398698	0	0	0	0	0.171	0.091	0	0.883	0.904
CASP1	ERN1	9606.ENSP00000433138	9606.ENSP00000401445	0	0	0	0	0.059	0.067	0	0.482	0.505
CASP1	PTPRC	9606.ENSP00000433138	9606.ENSP00000411355	0	0	0	0	0.297	0	0	0.474	0.614
CASP1	IKBKB	9606.ENSP00000433138	9606.ENSP00000430684	0	0	0	0	0.090	0.067	0	0.511	0.549
CASP1	IDO1	9606.ENSP00000433138	9606.ENSP00000430950	0	0	0	0	0.144	0	0	0.369	0.436
CASP1	JAK1	9606.ENSP00000433138	9606.ENSP00000499900	0	0	0	0	0.080	0.067	0	0.374	0.416
CASP1	NR1H3	9606.ENSP00000433138	9606.ENSP00000477707	0	0	0	0	0.064	0	0	0.465	0.479
CASP1	ELANE	9606.ENSP00000433138	9606.ENSP00000466090	0	0	0	0	0.082	0	0	0.507	0.528
CASP1	IRAK4	9606.ENSP00000433138	9606.ENSP00000479889	0	0	0	0	0.126	0.067	0	0.483	0.542
CASP1	NR1H4	9606.ENSP00000433138	9606.ENSP00000447149	0	0	0	0	0.046	0	0	0.613	0.615
CASP3	SIRT1	9606.ENSP00000311032	9606.ENSP00000212015	0	0	0	0	0.056	0	0	0.721	0.725
CASP3	MAPK1	9606.ENSP00000311032	9606.ENSP00000215832	0	0	0	0	0.100	0.045	0.900	0.599	0.961
CASP3	MMP2	9606.ENSP00000311032	9606.ENSP00000219070	0	0	0	0	0.090	0	0	0.698	0.713
CASP3	PLAT	9606.ENSP00000311032	9606.ENSP00000220809	0	0	0	0	0.043	0	0	0.443	0.444
CASP3	GSK3A	9606.ENSP00000311032	9606.ENSP00000222330	0	0	0	0	0.054	0.067	0	0.479	0.501
CASP3	SERPINE1	9606.ENSP00000311032	9606.ENSP00000223095	0	0	0	0	0.055	0	0	0.520	0.527
CASP3	MPO	9606.ENSP00000311032	9606.ENSP00000225275	0	0	0	0	0	0	0	0.680	0.680
CASP3	RPS6KB1	9606.ENSP00000311032	9606.ENSP00000225577	0	0	0	0	0.100	0	0	0.720	0.737
CASP3	NFKB1	9606.ENSP00000311032	9606.ENSP00000226574	0	0	0	0	0.113	0.076	0	0.799	0.821
CASP3	MAPK14	9606.ENSP00000311032	9606.ENSP00000229795	0	0	0	0	0.105	0.294	0	0.733	0.817
CASP3	NR3C1	9606.ENSP00000311032	9606.ENSP00000231509	0	0	0	0	0.089	0	0	0.596	0.617
CASP3	CTSD	9606.ENSP00000311032	9606.ENSP00000236671	0	0	0	0	0.042	0.062	0	0.558	0.568
CASP3	FLT3	9606.ENSP00000311032	9606.ENSP00000241453	0	0	0	0	0	0	0	0.444	0.444
CASP3	CDC25B	9606.ENSP00000311032	9606.ENSP00000245960	0	0	0	0	0.048	0	0	0.468	0.472
CASP3	SMO	9606.ENSP00000311032	9606.ENSP00000249373	0	0	0	0	0	0	0	0.400	0.400
CASP3	LGALS3	9606.ENSP00000311032	9606.ENSP00000254301	0	0	0	0	0	0.084	0	0.436	0.461
CASP3	CCNA1	9606.ENSP00000311032	9606.ENSP00000255465	0	0	0	0	0.055	0	0	0.690	0.694
CASP3	PDGFRA	9606.ENSP00000311032	9606.ENSP00000257290	0	0	0	0	0	0	0	0.475	0.475
CASP3	CDK4	9606.ENSP00000311032	9606.ENSP00000257904	0	0	0	0	0.107	0	0	0.732	0.750
CASP3	MDM2	9606.ENSP00000311032	9606.ENSP00000258149	0	0	0	0	0.066	0.832	0	0.803	0.966
CASP3	MMP7	9606.ENSP00000311032	9606.ENSP00000260227	0	0	0	0	0.068	0	0	0.460	0.476
CASP3	MMP13	9606.ENSP00000311032	9606.ENSP00000260302	0	0	0	0	0.088	0	0	0.570	0.592
CASP3	PDGFRB	9606.ENSP00000311032	9606.ENSP00000261799	0	0	0	0	0	0	0	0.492	0.492
CASP3	PRKCQ	9606.ENSP00000311032	9606.ENSP00000263125	0	0	0	0	0.052	0	0.750	0.154	0.782
CASP3	EP300	9606.ENSP00000311032	9606.ENSP00000263253	0	0	0	0	0.062	0	0	0.413	0.426
CASP3	NOX4	9606.ENSP00000311032	9606.ENSP00000263317	0	0	0	0	0.087	0	0	0.598	0.618
CASP3	PRKCG	9606.ENSP00000311032	9606.ENSP00000263431	0	0	0	0	0.074	0	0.900	0.220	0.921
CASP3	KDR	9606.ENSP00000311032	9606.ENSP00000263923	0	0	0	0	0	0	0	0.598	0.598
CASP3	PIK3CA	9606.ENSP00000311032	9606.ENSP00000263967	0	0	0	0	0.049	0.063	0	0.542	0.556
CASP3	HDAC4	9606.ENSP00000311032	9606.ENSP00000264606	0	0	0	0	0	0	0	0.425	0.425
CASP3	ICAM1	9606.ENSP00000311032	9606.ENSP00000264832	0	0	0	0	0.057	0	0	0.629	0.635
CASP3	ENPEP	9606.ENSP00000311032	9606.ENSP00000265162	0	0	0	0	0	0	0	0.488	0.487
CASP3	CASP6	9606.ENSP00000311032	9606.ENSP00000265164	0	0	0.060	0.886	0.056	0.775	0.540	0.593	0.955
CASP3	CDK2	9606.ENSP00000311032	9606.ENSP00000266970	0	0	0	0	0.114	0.075	0	0.808	0.829
CASP3	ERBB2	9606.ENSP00000311032	9606.ENSP00000269571	0	0	0	0	0.054	0	0	0.683	0.687
CASP3	CTSK	9606.ENSP00000311032	9606.ENSP00000271651	0	0	0	0	0.088	0.061	0	0.369	0.413
CASP3	REN	9606.ENSP00000311032	9606.ENSP00000272190	0	0	0	0	0	0.062	0	0.463	0.474
CASP3	EGFR	9606.ENSP00000311032	9606.ENSP00000275493	0	0	0	0	0.061	0	0	0.741	0.747
CASP3	FLT1	9606.ENSP00000311032	9606.ENSP00000282397	0	0	0	0	0	0	0	0.452	0.452
CASP3	CSF1R	9606.ENSP00000311032	9606.ENSP00000286301	0	0	0	0	0	0	0	0.426	0.426
CASP3	PPARG	9606.ENSP00000311032	9606.ENSP00000287820	0	0	0	0	0.046	0	0	0.692	0.694
CASP3	HMGCR	9606.ENSP00000311032	9606.ENSP00000287936	0	0	0	0	0.086	0	0	0.483	0.507
CASP3	CCR2	9606.ENSP00000311032	9606.ENSP00000292301	0	0	0	0	0.057	0	0	0.591	0.598
CASP3	CCR5	9606.ENSP00000311032	9606.ENSP00000292303	0	0	0	0	0.073	0	0	0.566	0.580
CASP3	VCAM1	9606.ENSP00000311032	9606.ENSP00000294728	0	0	0	0	0.116	0	0	0.558	0.593
CASP3	NOS3	9606.ENSP00000311032	9606.ENSP00000297494	0	0	0	0	0	0	0	0.604	0.604
CASP3	LRRK2	9606.ENSP00000311032	9606.ENSP00000298910	0	0	0	0	0	0.311	0	0.328	0.517
CASP3	MMP3	9606.ENSP00000311032	9606.ENSP00000299855	0	0	0	0	0.104	0	0	0.544	0.575
CASP3	PLK1	9606.ENSP00000311032	9606.ENSP00000300093	0	0	0	0	0.055	0	0	0.637	0.642
CASP3	MAP2K1	9606.ENSP00000311032	9606.ENSP00000302486	0	0	0	0	0.110	0	0	0.615	0.643
CASP3	TERT	9606.ENSP00000311032	9606.ENSP00000309572	0	0	0	0	0	0	0	0.468	0.468
CASP3	PRKACA	9606.ENSP00000311032	9606.ENSP00000309591	0	0	0	0	0.042	0	0	0.537	0.537
CASP3	PPARD	9606.ENSP00000311032	9606.ENSP00000310928	0	0	0	0	0.046	0	0	0.403	0.407
CASP3	PTPN11	9606.ENSP00000311032	9606.ENSP00000489597	0	0	0	0	0.079	0	0	0.377	0.402
CASP3	PIK3R1	9606.ENSP00000311032	9606.ENSP00000428056	0	0	0	0	0.056	0	0	0.396	0.405
CASP3	TOP1	9606.ENSP00000311032	9606.ENSP00000354522	0	0	0	0	0.056	0.073	0	0.375	0.405
CASP3	PTPN1	9606.ENSP00000311032	9606.ENSP00000360683	0	0	0	0	0.088	0	0	0.378	0.408
CASP3	GRB2	9606.ENSP00000311032	9606.ENSP00000376345	0	0	0	0	0.091	0	0	0.379	0.411
CASP3	JAK3	9606.ENSP00000311032	9606.ENSP00000432511	0	0	0	0	0.123	0.067	0	0.339	0.411
CASP3	TLR9	9606.ENSP00000311032	9606.ENSP00000353874	0	0	0	0	0	0.062	0	0.400	0.413
CASP3	FGFR1	9606.ENSP00000311032	9606.ENSP00000393312	0	0	0	0	0.042	0	0	0.414	0.415
CASP3	ROCK2	9606.ENSP00000311032	9606.ENSP00000317985	0	0	0	0	0.069	0.067	0	0.381	0.416
CASP3	PLAU	9606.ENSP00000311032	9606.ENSP00000361850	0	0	0	0	0.047	0	0	0.415	0.418
CASP3	LYN	9606.ENSP00000311032	9606.ENSP00000428924	0	0	0	0	0.072	0.067	0	0.383	0.420
CASP3	GRIN2B	9606.ENSP00000311032	9606.ENSP00000477455	0	0	0	0	0	0	0	0.425	0.425
CASP3	TRPV1	9606.ENSP00000311032	9606.ENSP00000459962	0	0	0	0	0	0	0	0.426	0.426
CASP3	CCNE2	9606.ENSP00000311032	9606.ENSP00000429089	0	0	0	0	0.101	0	0	0.392	0.430
CASP3	SYK	9606.ENSP00000311032	9606.ENSP00000364898	0	0	0	0	0.105	0.067	0	0.377	0.435
CASP3	LCK	9606.ENSP00000311032	9606.ENSP00000477713	0	0	0	0	0.057	0.067	0	0.417	0.443
CASP3	MAOB	9606.ENSP00000311032	9606.ENSP00000367309	0	0	0	0	0	0	0	0.444	0.444
CASP3	DPP4	9606.ENSP00000311032	9606.ENSP00000353731	0	0	0	0	0.086	0	0	0.420	0.447
CASP3	SELE	9606.ENSP00000311032	9606.ENSP00000331736	0	0	0	0	0.065	0.045	0	0.444	0.460
CASP3	CCR3	9606.ENSP00000311032	9606.ENSP00000441600	0	0	0	0	0	0	0	0.463	0.463
CASP3	TYMS	9606.ENSP00000311032	9606.ENSP00000315644	0	0	0	0	0.120	0	0	0.415	0.464
CASP3	WEE1	9606.ENSP00000311032	9606.ENSP00000402084	0	0	0	0	0.059	0	0	0.456	0.466
CASP3	TGFBR1	9606.ENSP00000311032	9606.ENSP00000447297	0	0	0	0	0.125	0.067	0	0.398	0.466
CASP3	CYP19A1	9606.ENSP00000311032	9606.ENSP00000379683	0	0	0	0	0.052	0	0	0.461	0.468
CASP3	CTSL	9606.ENSP00000311032	9606.ENSP00000345344	0	0	0	0	0.080	0.061	0	0.436	0.471
CASP3	HNF4A	9606.ENSP00000311032	9606.ENSP00000312987	0	0	0	0	0	0	0	0.474	0.474
CASP3	MDM4	9606.ENSP00000311032	9606.ENSP00000356150	0	0	0	0	0.059	0.067	0	0.451	0.476
CASP3	HDAC2	9606.ENSP00000311032	9606.ENSP00000430432	0	0	0	0	0.082	0	0	0.460	0.483
CASP3	ELANE	9606.ENSP00000311032	9606.ENSP00000466090	0	0	0	0	0	0	0	0.485	0.485
CASP3	NOS1	9606.ENSP00000311032	9606.ENSP00000477999	0	0	0	0	0	0	0	0.486	0.486
CASP3	DNMT1	9606.ENSP00000311032	9606.ENSP00000352516	0	0	0	0	0.060	0	0	0.478	0.488
CASP3	MMP1	9606.ENSP00000311032	9606.ENSP00000322788	0	0	0	0	0.114	0	0	0.450	0.492
CASP3	RPS6KA1	9606.ENSP00000311032	9606.ENSP00000435412	0	0	0	0	0.076	0	0	0.475	0.494
CASP3	HDAC6	9606.ENSP00000311032	9606.ENSP00000365804	0	0	0	0	0.042	0	0	0.494	0.494
CASP3	ITGB1	9606.ENSP00000311032	9606.ENSP00000379350	0	0	0	0	0.085	0	0	0.484	0.508
CASP3	PGR	9606.ENSP00000311032	9606.ENSP00000325120	0	0	0	0	0.046	0	0	0.515	0.518
CASP3	RET	9606.ENSP00000311032	9606.ENSP00000347942	0	0	0	0	0.042	0.292	0	0.347	0.518
CASP3	NTRK1	9606.ENSP00000311032	9606.ENSP00000431418	0	0	0	0	0	0.067	0	0.509	0.522
CASP3	RAF1	9606.ENSP00000311032	9606.ENSP00000401888	0	0	0	0	0.044	0.067	0	0.514	0.528
CASP3	PDPK1	9606.ENSP00000311032	9606.ENSP00000344220	0	0	0	0	0.047	0.329	0	0.322	0.528
CASP3	TBK1	9606.ENSP00000311032	9606.ENSP00000329967	0	0	0	0	0.228	0.094	0	0.382	0.530
CASP3	JAK1	9606.ENSP00000311032	9606.ENSP00000499900	0	0	0	0	0.098	0.067	0	0.490	0.534
CASP3	NOS2	9606.ENSP00000311032	9606.ENSP00000327251	0	0	0	0	0	0	0	0.537	0.537
CASP3	ESR2	9606.ENSP00000311032	9606.ENSP00000343925	0	0	0	0	0.046	0	0	0.540	0.543
CASP3	XDH	9606.ENSP00000311032	9606.ENSP00000368727	0	0	0	0	0.048	0	0	0.540	0.544
CASP3	PTGS1	9606.ENSP00000311032	9606.ENSP00000354612	0	0	0	0	0.055	0	0	0.540	0.547
CASP3	F2R	9606.ENSP00000311032	9606.ENSP00000321326	0	0	0	0	0.054	0.071	0	0.525	0.547
CASP3	NOX1	9606.ENSP00000311032	9606.ENSP00000362057	0	0	0	0	0.109	0	0	0.512	0.547
CASP3	TOP2A	9606.ENSP00000311032	9606.ENSP00000411532	0	0	0	0	0.080	0	0	0.536	0.555
CASP3	CYP3A4	9606.ENSP00000311032	9606.ENSP00000498939	0	0	0	0	0	0	0	0.565	0.565
CASP3	PPARA	9606.ENSP00000311032	9606.ENSP00000385523	0	0	0	0	0.046	0	0	0.570	0.572
CASP3	CXCR4	9606.ENSP00000311032	9606.ENSP00000386884	0	0	0	0	0.092	0	0	0.578	0.601
CASP3	CDC25C	9606.ENSP00000311032	9606.ENSP00000321656	0	0	0	0	0.048	0	0	0.601	0.604
CASP3	RELA	9606.ENSP00000311032	9606.ENSP00000384273	0	0	0	0	0.068	0.061	0	0.587	0.607
CASP3	CHEK2	9606.ENSP00000311032	9606.ENSP00000372023	0	0	0	0	0.049	0	0	0.605	0.608
CASP3	CTSS	9606.ENSP00000311032	9606.ENSP00000357981	0	0	0	0	0.104	0.061	0	0.585	0.620
CASP3	PTK2	9606.ENSP00000311032	9606.ENSP00000341189	0	0	0	0	0.083	0	0	0.605	0.622
CASP3	IKBKB	9606.ENSP00000311032	9606.ENSP00000430684	0	0	0	0	0.093	0.067	0	0.598	0.631
CASP3	IGF1R	9606.ENSP00000311032	9606.ENSP00000497069	0	0	0	0	0.087	0.067	0	0.601	0.631
CASP3	CTSB	9606.ENSP00000311032	9606.ENSP00000345672	0	0	0	0	0.057	0.061	0	0.617	0.631
CASP3	FYN	9606.ENSP00000311032	9606.ENSP00000346671	0	0	0	0	0.051	0.067	0	0.619	0.633
CASP3	PTPRC	9606.ENSP00000311032	9606.ENSP00000411355	0	0	0	0	0.094	0	0	0.628	0.649
CASP3	PSEN2	9606.ENSP00000311032	9606.ENSP00000355747	0	0	0	0	0.052	0	0	0.646	0.650
CASP3	MAPK11	9606.ENSP00000311032	9606.ENSP00000333685	0	0	0	0	0.062	0.045	0	0.666	0.674
CASP3	SRC	9606.ENSP00000311032	9606.ENSP00000362680	0	0	0	0	0.053	0.067	0	0.672	0.685
CASP3	JAK2	9606.ENSP00000311032	9606.ENSP00000371067	0	0	0	0	0.152	0.067	0	0.640	0.691
CASP3	CDK5	9606.ENSP00000311032	9606.ENSP00000419782	0	0	0	0	0.042	0	0	0.690	0.691
CASP3	ESR1	9606.ENSP00000311032	9606.ENSP00000405330	0	0	0	0	0.046	0	0	0.691	0.692
CASP3	CDC42	9606.ENSP00000311032	9606.ENSP00000497733	0	0	0	0	0.105	0.394	0	0.496	0.703
CASP3	MET	9606.ENSP00000311032	9606.ENSP00000317272	0	0	0	0	0	0.403	0	0.530	0.708
CASP3	ERN1	9606.ENSP00000311032	9606.ENSP00000401445	0	0	0	0	0.059	0.067	0	0.700	0.714
CASP3	PSEN1	9606.ENSP00000311032	9606.ENSP00000326366	0	0	0	0	0.058	0	0	0.713	0.718
CASP3	MTOR	9606.ENSP00000311032	9606.ENSP00000354558	0	0	0	0	0.042	0	0	0.723	0.723
CASP3	PRKDC	9606.ENSP00000311032	9606.ENSP00000313420	0	0	0	0	0.042	0.510	0	0.475	0.732
CASP3	HDAC1	9606.ENSP00000311032	9606.ENSP00000362649	0	0	0	0	0.074	0	0	0.728	0.738
CASP3	TLR4	9606.ENSP00000311032	9606.ENSP00000363089	0	0	0	0	0.092	0.062	0	0.719	0.740
CASP3	GSK3B	9606.ENSP00000311032	9606.ENSP00000324806	0	0	0	0	0.057	0.067	0	0.736	0.747
CASP3	HMGB1	9606.ENSP00000311032	9606.ENSP00000345347	0	0	0	0	0.109	0	0	0.736	0.755
CASP3	MAPK9	9606.ENSP00000311032	9606.ENSP00000394560	0	0	0	0	0.044	0.292	0	0.694	0.775
CASP3	STAT1	9606.ENSP00000311032	9606.ENSP00000354394	0	0	0	0	0.106	0.421	0	0.610	0.780
CASP3	MMP9	9606.ENSP00000311032	9606.ENSP00000361405	0	0	0	0	0.101	0	0	0.793	0.806
CASP3	HSP90AB1	9606.ENSP00000311032	9606.ENSP00000360609	0	0	0	0	0.044	0.071	0	0.853	0.858
CASP3	CDK1	9606.ENSP00000311032	9606.ENSP00000378699	0	0	0	0	0.137	0	0	0.846	0.862
CASP3	PTGS2	9606.ENSP00000311032	9606.ENSP00000356438	0	0	0	0	0.055	0	0	0.863	0.865
CASP3	HSP90AA1	9606.ENSP00000311032	9606.ENSP00000335153	0	0	0	0	0.050	0.071	0	0.873	0.878
CASP3	MCL1	9606.ENSP00000311032	9606.ENSP00000358022	0	0	0	0	0.091	0.354	0	0.861	0.911
CASP3	PRKCD	9606.ENSP00000311032	9606.ENSP00000331602	0	0	0	0	0.057	0	0.750	0.715	0.927
CASP3	PRKCB	9606.ENSP00000311032	9606.ENSP00000496129	0	0	0	0	0.104	0	0.900	0.301	0.931
CASP3	TNF	9606.ENSP00000311032	9606.ENSP00000398698	0	0	0	0	0.098	0.096	0	0.932	0.939
CASP3	MAPK8	9606.ENSP00000311032	9606.ENSP00000378974	0	0	0	0	0.049	0.292	0	0.922	0.943
CASP3	CASP7	9606.ENSP00000311032	9606.ENSP00000358327	0	0	0.069	0.940	0.134	0.421	0.900	0.096	0.950
CASP3	ROCK1	9606.ENSP00000311032	9606.ENSP00000382697	0	0	0	0	0.108	0.436	0.750	0.714	0.959
CASP3	CASP8	9606.ENSP00000311032	9606.ENSP00000351273	0	0	0.088	0.828	0.105	0.786	0.900	0.983	0.999
CASP3	XIAP	9606.ENSP00000311032	9606.ENSP00000360242	0	0	0	0	0.069	0.998	0.900	0.998	0.999
CASP3	PARP1	9606.ENSP00000311032	9606.ENSP00000355759	0	0	0	0	0.064	0.867	0.900	0.953	0.999
CASP3	CASP9	9606.ENSP00000311032	9606.ENSP00000330237	0	0	0	0.827	0.049	0.846	0.900	0.957	0.999
CASP6	NCSTN	9606.ENSP00000265164	9606.ENSP00000294785	0	0	0	0	0.060	0	0	0.410	0.422
CASP6	CXCR4	9606.ENSP00000265164	9606.ENSP00000386884	0	0	0	0	0.074	0	0	0.450	0.469
CASP6	CTSB	9606.ENSP00000265164	9606.ENSP00000345672	0	0	0	0	0.057	0.061	0	0.496	0.515
CASP6	TNF	9606.ENSP00000265164	9606.ENSP00000398698	0	0	0	0	0.085	0.091	0	0.476	0.526
CASP6	PARP1	9606.ENSP00000265164	9606.ENSP00000355759	0	0	0	0	0.049	0.092	0	0.533	0.562
CASP6	CDK1	9606.ENSP00000265164	9606.ENSP00000378699	0	0	0	0	0.122	0	0	0.537	0.576
CASP6	MCL1	9606.ENSP00000265164	9606.ENSP00000358022	0	0	0	0	0.068	0.125	0	0.538	0.590
CASP6	XIAP	9606.ENSP00000265164	9606.ENSP00000360242	0	0	0	0	0.072	0.485	0	0.549	0.766
CASP6	CASP7	9606.ENSP00000265164	9606.ENSP00000358327	0	0	0.071	0.849	0.049	0.292	0.540	0.463	0.817
CASP6	CASP9	9606.ENSP00000265164	9606.ENSP00000330237	0	0	0	0.726	0.060	0.088	0.900	0.512	0.952
CASP6	CASP8	9606.ENSP00000265164	9606.ENSP00000351273	0	0	0	0.757	0.108	0.744	0.900	0.910	0.997
CASP7	MAPK1	9606.ENSP00000358327	9606.ENSP00000215832	0	0	0	0	0.067	0.045	0	0.433	0.451
CASP7	RPS6KB1	9606.ENSP00000358327	9606.ENSP00000225577	0	0	0	0	0.089	0	0	0.383	0.414
CASP7	NFKB1	9606.ENSP00000358327	9606.ENSP00000226574	0	0	0	0	0.120	0.076	0	0.418	0.486
CASP7	CCNA1	9606.ENSP00000358327	9606.ENSP00000255465	0	0	0	0	0.055	0	0	0.400	0.409
CASP7	CDK4	9606.ENSP00000358327	9606.ENSP00000257904	0	0	0	0	0.114	0	0	0.481	0.520
CASP7	MDM2	9606.ENSP00000358327	9606.ENSP00000258149	0	0	0	0	0.059	0.067	0	0.431	0.457
CASP7	CDK2	9606.ENSP00000358327	9606.ENSP00000266970	0	0	0	0	0.147	0	0	0.482	0.539
CASP7	ERBB2	9606.ENSP00000358327	9606.ENSP00000269571	0	0	0	0	0.061	0	0	0.427	0.440
CASP7	EGFR	9606.ENSP00000358327	9606.ENSP00000275493	0	0	0	0	0.054	0	0	0.646	0.651
CASP7	CASP9	9606.ENSP00000358327	9606.ENSP00000330237	0	0	0	0.704	0.060	0.326	0.900	0.343	0.952
CASP7	HSP90AA1	9606.ENSP00000358327	9606.ENSP00000335153	0	0	0	0	0.060	0.071	0	0.373	0.405
CASP7	PTK2	9606.ENSP00000358327	9606.ENSP00000341189	0	0	0	0	0.069	0	0.750	0.251	0.810
CASP7	CASP8	9606.ENSP00000358327	9606.ENSP00000351273	0	0	0.083	0.746	0.109	0.628	0.900	0.788	0.992
CASP7	STAT1	9606.ENSP00000358327	9606.ENSP00000354394	0	0	0	0	0.139	0.421	0	0.356	0.651
CASP7	PARP1	9606.ENSP00000358327	9606.ENSP00000355759	0	0	0	0	0.062	0.706	0.900	0.848	0.995
CASP7	MCL1	9606.ENSP00000358327	9606.ENSP00000358022	0	0	0	0	0.090	0.125	0	0.616	0.667
CASP7	MAPK8	9606.ENSP00000358327	9606.ENSP00000378974	0	0	0	0	0.049	0	0	0.395	0.400
CASP7	MMP9	9606.ENSP00000358327	9606.ENSP00000361405	0	0	0	0	0.086	0	0	0.394	0.422
CASP7	RPS6KA1	9606.ENSP00000358327	9606.ENSP00000435412	0	0	0	0	0.071	0.220	0	0.269	0.424
CASP7	ESR1	9606.ENSP00000358327	9606.ENSP00000405330	0	0	0	0	0.046	0	0	0.451	0.454
CASP7	ERN1	9606.ENSP00000358327	9606.ENSP00000401445	0	0	0	0	0.059	0.067	0	0.438	0.463
CASP7	CDK1	9606.ENSP00000358327	9606.ENSP00000378699	0	0	0	0	0.123	0	0	0.438	0.486
CASP7	HDAC1	9606.ENSP00000358327	9606.ENSP00000362649	0	0	0	0	0.087	0	0	0.499	0.523
CASP7	ROCK1	9606.ENSP00000358327	9606.ENSP00000382697	0	0	0	0	0.067	0.436	0	0.214	0.551
CASP7	TNF	9606.ENSP00000358327	9606.ENSP00000398698	0	0	0	0	0.087	0.096	0	0.534	0.582
CASP7	XIAP	9606.ENSP00000358327	9606.ENSP00000360242	0	0	0	0	0.090	0.993	0.900	0.997	0.999
CASP8	SIRT1	9606.ENSP00000351273	9606.ENSP00000212015	0	0	0	0	0	0	0	0.447	0.447
CASP8	MAPK1	9606.ENSP00000351273	9606.ENSP00000215832	0	0	0	0	0.123	0.294	0	0.761	0.839
CASP8	MMP2	9606.ENSP00000351273	9606.ENSP00000219070	0	0	0	0	0.063	0	0	0.478	0.490
CASP8	RIPK2	9606.ENSP00000351273	9606.ENSP00000220751	0	0	0	0	0.083	0.067	0	0.442	0.481
CASP8	RPS6KB1	9606.ENSP00000351273	9606.ENSP00000225577	0	0	0	0	0.049	0	0	0.475	0.480
CASP8	NFKB1	9606.ENSP00000351273	9606.ENSP00000226574	0	0	0	0	0.110	0.076	0	0.625	0.664
CASP8	MAPK14	9606.ENSP00000351273	9606.ENSP00000229795	0	0	0	0	0.126	0.294	0	0.464	0.641
CASP8	CTSD	9606.ENSP00000351273	9606.ENSP00000236671	0	0	0	0	0.060	0.052	0	0.414	0.432
CASP8	SIRT2	9606.ENSP00000351273	9606.ENSP00000249396	0	0	0	0	0	0	0	0.465	0.465
CASP8	CCNA1	9606.ENSP00000351273	9606.ENSP00000255465	0	0	0	0	0.047	0	0	0.538	0.541
CASP8	CDK4	9606.ENSP00000351273	9606.ENSP00000257904	0	0	0	0	0.067	0	0	0.591	0.602
CASP8	MDM2	9606.ENSP00000351273	9606.ENSP00000258149	0	0	0	0	0.093	0.057	0	0.731	0.750
CASP8	MAP3K8	9606.ENSP00000351273	9606.ENSP00000263056	0	0	0	0	0.061	0	0	0.443	0.454
CASP8	EP300	9606.ENSP00000351273	9606.ENSP00000263253	0	0	0	0	0.067	0	0	0.578	0.589
CASP8	PIK3CA	9606.ENSP00000351273	9606.ENSP00000263967	0	0	0	0	0.056	0.053	0	0.473	0.488
CASP8	ICAM1	9606.ENSP00000351273	9606.ENSP00000264832	0	0	0	0	0.077	0	0	0.451	0.472
CASP8	CDK2	9606.ENSP00000351273	9606.ENSP00000266970	0	0	0	0	0.074	0	0	0.747	0.756
CASP8	ERBB2	9606.ENSP00000351273	9606.ENSP00000269571	0	0	0	0	0.054	0	0	0.532	0.538
CASP8	EGFR	9606.ENSP00000351273	9606.ENSP00000275493	0	0	0	0	0.054	0	0	0.734	0.737
CASP8	PPARG	9606.ENSP00000351273	9606.ENSP00000287820	0	0	0	0	0.074	0	0	0.425	0.445
CASP8	LRRK2	9606.ENSP00000351273	9606.ENSP00000298910	0	0	0	0	0.049	0.311	0	0.174	0.412
CASP8	MAP2K1	9606.ENSP00000351273	9606.ENSP00000302486	0	0	0	0	0.099	0	0	0.447	0.481
CASP8	TERT	9606.ENSP00000351273	9606.ENSP00000309572	0	0	0	0	0	0	0	0.428	0.428
CASP8	MET	9606.ENSP00000351273	9606.ENSP00000317272	0	0	0	0	0	0.067	0	0.576	0.587
CASP8	CDC25C	9606.ENSP00000351273	9606.ENSP00000321656	0	0	0	0	0.042	0	0	0.458	0.458
CASP8	GSK3B	9606.ENSP00000351273	9606.ENSP00000324806	0	0	0	0	0.042	0.067	0	0.485	0.500
CASP8	TBK1	9606.ENSP00000351273	9606.ENSP00000329967	0	0	0	0	0.112	0.067	0	0.648	0.683
CASP8	CASP9	9606.ENSP00000351273	9606.ENSP00000330237	0	0	0	0.700	0.104	0.628	0.540	0.678	0.944
CASP8	PRKCD	9606.ENSP00000351273	9606.ENSP00000331602	0	0	0	0	0.086	0	0	0.557	0.578
CASP8	HSP90AA1	9606.ENSP00000351273	9606.ENSP00000335153	0	0	0	0	0.042	0.057	0	0.687	0.692
CASP8	ESR2	9606.ENSP00000351273	9606.ENSP00000343925	0	0	0	0	0.053	0	0	0.571	0.576
CASP8	HMGB1	9606.ENSP00000351273	9606.ENSP00000345347	0	0	0	0	0.104	0	0	0.460	0.496
CASP8	CTSB	9606.ENSP00000351273	9606.ENSP00000345672	0	0	0	0	0.063	0.052	0	0.482	0.500
CASP8	HDAC1	9606.ENSP00000351273	9606.ENSP00000362649	0	0	0	0	0.049	0	0	0.398	0.403
CASP8	TLR9	9606.ENSP00000351273	9606.ENSP00000353874	0	0	0	0	0	0.062	0	0.398	0.412
CASP8	RAF1	9606.ENSP00000351273	9606.ENSP00000401888	0	0	0	0	0.049	0.166	0	0.331	0.423
CASP8	PTGS1	9606.ENSP00000351273	9606.ENSP00000354612	0	0	0	0	0.083	0	0	0.411	0.436
CASP8	IGF1R	9606.ENSP00000351273	9606.ENSP00000497069	0	0	0	0	0.074	0.067	0	0.405	0.441
CASP8	SYK	9606.ENSP00000351273	9606.ENSP00000364898	0	0	0	0	0.129	0.067	0	0.372	0.446
CASP8	CXCR4	9606.ENSP00000351273	9606.ENSP00000386884	0	0	0	0	0.130	0	0	0.391	0.447
CASP8	PTPN6	9606.ENSP00000351273	9606.ENSP00000391592	0	0	0	0	0.134	0.292	0	0.182	0.454
CASP8	IRAK4	9606.ENSP00000351273	9606.ENSP00000479889	0	0	0	0	0.182	0.067	0	0.358	0.467
CASP8	CHEK2	9606.ENSP00000351273	9606.ENSP00000372023	0	0	0	0	0.049	0	0	0.481	0.485
CASP8	PTPRC	9606.ENSP00000351273	9606.ENSP00000411355	0	0	0	0	0.217	0	0	0.392	0.504
CASP8	JAK2	9606.ENSP00000351273	9606.ENSP00000371067	0	0	0	0	0.111	0.067	0	0.471	0.523
CASP8	ERN1	9606.ENSP00000351273	9606.ENSP00000401445	0	0	0	0	0.084	0.067	0	0.511	0.546
CASP8	ROCK1	9606.ENSP00000351273	9606.ENSP00000382697	0	0	0	0	0.158	0.067	0	0.478	0.555
CASP8	CTSS	9606.ENSP00000351273	9606.ENSP00000357981	0	0	0	0	0.172	0.052	0	0.480	0.556
CASP8	STAT1	9606.ENSP00000351273	9606.ENSP00000354394	0	0	0	0	0.120	0	0	0.519	0.559
CASP8	NOS1	9606.ENSP00000351273	9606.ENSP00000477999	0	0	0	0	0	0	0	0.586	0.586
CASP8	PIK3R1	9606.ENSP00000351273	9606.ENSP00000428056	0	0	0	0	0.049	0	0	0.595	0.598
CASP8	MTOR	9606.ENSP00000351273	9606.ENSP00000354558	0	0	0	0	0	0.180	0	0.545	0.611
CASP8	MAPK9	9606.ENSP00000351273	9606.ENSP00000394560	0	0	0	0	0	0	0	0.613	0.613
CASP8	LYN	9606.ENSP00000351273	9606.ENSP00000428924	0	0	0	0	0.088	0.067	0	0.581	0.613
CASP8	JAK1	9606.ENSP00000351273	9606.ENSP00000499900	0	0	0	0	0.163	0.067	0	0.569	0.634
CASP8	NR1H4	9606.ENSP00000351273	9606.ENSP00000447149	0	0	0	0	0.052	0.292	0	0.516	0.647
CASP8	ESR1	9606.ENSP00000351273	9606.ENSP00000405330	0	0	0	0	0.046	0	0	0.689	0.690
CASP8	PTGS2	9606.ENSP00000351273	9606.ENSP00000356438	0	0	0	0	0.098	0	0	0.681	0.700
CASP8	RELA	9606.ENSP00000351273	9606.ENSP00000384273	0	0	0	0	0.089	0.061	0	0.681	0.704
CASP8	MMP9	9606.ENSP00000351273	9606.ENSP00000361405	0	0	0	0	0.103	0	0	0.692	0.712
CASP8	CDK1	9606.ENSP00000351273	9606.ENSP00000378699	0	0	0	0	0.069	0	0	0.707	0.716
CASP8	HSP90AB1	9606.ENSP00000351273	9606.ENSP00000360609	0	0	0	0	0.042	0.057	0	0.757	0.761
CASP8	MCL1	9606.ENSP00000351273	9606.ENSP00000358022	0	0	0	0	0.158	0.125	0	0.753	0.802
CASP8	SRC	9606.ENSP00000351273	9606.ENSP00000362680	0	0	0	0	0.068	0.523	0	0.696	0.853
CASP8	IKBKB	9606.ENSP00000351273	9606.ENSP00000430684	0	0	0	0	0.200	0.311	0.500	0.585	0.870
CASP8	PARP1	9606.ENSP00000351273	9606.ENSP00000355759	0	0	0	0	0.058	0.314	0	0.820	0.873
CASP8	TLR4	9606.ENSP00000351273	9606.ENSP00000363089	0	0	0	0	0.140	0.062	0.500	0.749	0.885
CASP8	MAPK8	9606.ENSP00000351273	9606.ENSP00000378974	0	0	0	0	0.042	0.448	0	0.809	0.890
CASP8	XIAP	9606.ENSP00000351273	9606.ENSP00000360242	0	0	0	0	0.085	0.676	0	0.909	0.970
CASP8	TNF	9606.ENSP00000351273	9606.ENSP00000398698	0	0	0	0	0.101	0.994	0	0.928	0.999
CASP9	SIRT1	9606.ENSP00000330237	9606.ENSP00000212015	0	0	0	0	0.060	0	0	0.550	0.559
CASP9	MAPK1	9606.ENSP00000330237	9606.ENSP00000215832	0	0	0	0	0.076	0.294	0.400	0.642	0.841
CASP9	MMP2	9606.ENSP00000330237	9606.ENSP00000219070	0	0	0	0	0.074	0	0	0.574	0.589
CASP9	RIPK2	9606.ENSP00000330237	9606.ENSP00000220751	0	0.001	0	0	0.051	0.067	0	0.680	0.692
CASP9	GSK3A	9606.ENSP00000330237	9606.ENSP00000222330	0	0	0	0	0.095	0.067	0	0.355	0.408
CASP9	RPS6KB1	9606.ENSP00000330237	9606.ENSP00000225577	0	0	0	0	0.074	0	0	0.580	0.595
CASP9	NFKB1	9606.ENSP00000330237	9606.ENSP00000226574	0	0	0	0	0.049	0.076	0	0.578	0.596
CASP9	MAPK14	9606.ENSP00000330237	9606.ENSP00000229795	0	0	0	0	0.104	0.045	0	0.605	0.633
CASP9	CTSD	9606.ENSP00000330237	9606.ENSP00000236671	0	0	0	0	0.063	0.071	0	0.372	0.406
CASP9	CHRM3	9606.ENSP00000330237	9606.ENSP00000255380	0	0	0	0	0	0	0	0.403	0.403
CASP9	CCNA1	9606.ENSP00000330237	9606.ENSP00000255465	0	0	0	0	0.047	0	0	0.606	0.609
CASP9	CDK4	9606.ENSP00000330237	9606.ENSP00000257904	0	0	0	0	0.104	0	0	0.637	0.661
CASP9	MDM2	9606.ENSP00000330237	9606.ENSP00000258149	0	0	0	0	0.059	0.067	0	0.863	0.869
CASP9	NOX4	9606.ENSP00000330237	9606.ENSP00000263317	0	0	0	0	0.087	0	0	0.376	0.406
CASP9	KDR	9606.ENSP00000330237	9606.ENSP00000263923	0	0	0	0	0	0	0	0.406	0.406
CASP9	PIK3CA	9606.ENSP00000330237	9606.ENSP00000263967	0	0	0	0	0.085	0.062	0	0.553	0.583
CASP9	ICAM1	9606.ENSP00000330237	9606.ENSP00000264832	0	0	0	0	0.055	0	0	0.399	0.408
CASP9	CDK2	9606.ENSP00000330237	9606.ENSP00000266970	0	0	0	0	0.111	0	0	0.647	0.673
CASP9	ERBB2	9606.ENSP00000330237	9606.ENSP00000269571	0	0	0	0	0.061	0	0	0.562	0.571
CASP9	EGFR	9606.ENSP00000330237	9606.ENSP00000275493	0	0	0	0	0.054	0	0	0.750	0.753
CASP9	PPARG	9606.ENSP00000330237	9606.ENSP00000287820	0	0	0	0	0.046	0	0	0.482	0.484
CASP9	NOS3	9606.ENSP00000330237	9606.ENSP00000297494	0	0	0	0	0.060	0	0	0.406	0.417
CASP9	MAP2K1	9606.ENSP00000330237	9606.ENSP00000302486	0	0	0	0	0.092	0	0	0.475	0.503
CASP9	CDC25C	9606.ENSP00000330237	9606.ENSP00000321656	0	0	0	0	0	0	0	0.583	0.583
CASP9	GSK3B	9606.ENSP00000330237	9606.ENSP00000324806	0	0	0	0	0.059	0.067	0	0.614	0.631
CASP9	ESR2	9606.ENSP00000330237	9606.ENSP00000343925	0	0	0	0	0.053	0	0	0.402	0.410
CASP9	HDAC1	9606.ENSP00000330237	9606.ENSP00000362649	0	0	0	0	0.078	0	0	0.388	0.412
CASP9	JAK1	9606.ENSP00000330237	9606.ENSP00000499900	0	0	0	0	0.081	0.067	0	0.376	0.418
CASP9	MAPK9	9606.ENSP00000330237	9606.ENSP00000394560	0	0	0	0	0.092	0	0	0.390	0.422
CASP9	PRKCD	9606.ENSP00000330237	9606.ENSP00000331602	0	0	0	0	0.147	0	0	0.365	0.436
CASP9	RAF1	9606.ENSP00000330237	9606.ENSP00000401888	0	0	0	0	0.043	0.067	0	0.439	0.456
CASP9	HMGB1	9606.ENSP00000330237	9606.ENSP00000345347	0	0	0	0	0.062	0.142	0	0.379	0.456
CASP9	RELA	9606.ENSP00000330237	9606.ENSP00000384273	0	0	0	0	0.069	0.061	0	0.434	0.462
CASP9	CTSS	9606.ENSP00000330237	9606.ENSP00000357981	0	0	0	0	0.062	0.061	0	0.445	0.469
CASP9	PIK3CG	9606.ENSP00000330237	9606.ENSP00000419260	0	0	0	0	0	0.062	0	0.458	0.470
CASP9	CTSB	9606.ENSP00000330237	9606.ENSP00000345672	0	0	0	0	0.055	0.079	0	0.449	0.478
CASP9	IGF1R	9606.ENSP00000330237	9606.ENSP00000497069	0	0	0	0	0.085	0.067	0	0.455	0.494
CASP9	CHEK2	9606.ENSP00000330237	9606.ENSP00000372023	0	0	0	0	0.067	0	0	0.492	0.505
CASP9	FKBP1A	9606.ENSP00000330237	9606.ENSP00000383003	0	0	0	0	0.042	0	0	0.513	0.513
CASP9	IKBKB	9606.ENSP00000330237	9606.ENSP00000430684	0	0	0	0	0.156	0.067	0	0.435	0.517
CASP9	HSP90AB1	9606.ENSP00000330237	9606.ENSP00000360609	0	0	0	0	0	0.068	0	0.512	0.525
CASP9	JAK2	9606.ENSP00000330237	9606.ENSP00000371067	0	0	0	0	0.105	0.067	0	0.482	0.530
CASP9	ESR1	9606.ENSP00000330237	9606.ENSP00000405330	0	0	0	0	0.046	0	0	0.535	0.537
CASP9	HSP90AA1	9606.ENSP00000330237	9606.ENSP00000335153	0	0	0	0	0	0.068	0	0.528	0.541
CASP9	PIK3CB	9606.ENSP00000330237	9606.ENSP00000501150	0	0	0	0	0.092	0.062	0	0.514	0.550
CASP9	TLR4	9606.ENSP00000330237	9606.ENSP00000363089	0	0	0	0	0.069	0.062	0	0.565	0.587
CASP9	PTPN1	9606.ENSP00000330237	9606.ENSP00000360683	0	0	0	0	0.092	0	0	0.572	0.594
CASP9	ERN1	9606.ENSP00000330237	9606.ENSP00000401445	0	0	0	0	0.066	0.067	0	0.584	0.606
CASP9	CXCR4	9606.ENSP00000330237	9606.ENSP00000386884	0	0	0	0	0.079	0	0	0.595	0.611
CASP9	PDPK1	9606.ENSP00000330237	9606.ENSP00000344220	0	0	0	0	0.095	0	0.500	0.255	0.633
CASP9	MMP9	9606.ENSP00000330237	9606.ENSP00000361405	0	0	0	0	0.067	0	0	0.645	0.654
CASP9	SRC	9606.ENSP00000330237	9606.ENSP00000362680	0	0	0	0	0.057	0.067	0	0.641	0.657
CASP9	STAT1	9606.ENSP00000330237	9606.ENSP00000354394	0	0	0	0	0.052	0	0	0.657	0.662
CASP9	PTGS2	9606.ENSP00000330237	9606.ENSP00000356438	0	0	0	0	0.055	0	0	0.722	0.726
CASP9	MAPK8	9606.ENSP00000330237	9606.ENSP00000378974	0	0	0	0	0.049	0	0	0.725	0.727
CASP9	MTOR	9606.ENSP00000330237	9606.ENSP00000354558	0	0	0	0	0.049	0	0	0.736	0.738
CASP9	CDK1	9606.ENSP00000330237	9606.ENSP00000378699	0	0	0	0	0.104	0	0	0.747	0.763
CASP9	TNF	9606.ENSP00000330237	9606.ENSP00000398698	0	0	0	0	0.084	0.087	0	0.798	0.816
CASP9	MCL1	9606.ENSP00000330237	9606.ENSP00000358022	0	0	0	0	0.075	0.125	0	0.805	0.829
CASP9	PARP1	9606.ENSP00000330237	9606.ENSP00000355759	0	0	0	0	0.049	0.091	0.900	0.915	0.991
CASP9	XIAP	9606.ENSP00000330237	9606.ENSP00000360242	0	0	0	0	0.085	0.997	0.900	0.998	0.999
CCNA1	MMP2	9606.ENSP00000255465	9606.ENSP00000219070	0	0	0	0	0.067	0	0	0.402	0.418
CCNA1	RPS6KB1	9606.ENSP00000255465	9606.ENSP00000225577	0	0	0	0	0.067	0	0	0.405	0.421
CCNA1	CDC25B	9606.ENSP00000255465	9606.ENSP00000245960	0	0	0	0	0.189	0	0.500	0.941	0.974
CCNA1	SIRT2	9606.ENSP00000255465	9606.ENSP00000249396	0	0	0	0	0	0.091	0	0.418	0.448
CCNA1	POLB	9606.ENSP00000255465	9606.ENSP00000265421	0	0	0	0	0	0	0	0.400	0.400
CCNA1	DNMT1	9606.ENSP00000255465	9606.ENSP00000352516	0	0	0	0	0.067	0.068	0	0.370	0.404
CCNA1	XIAP	9606.ENSP00000255465	9606.ENSP00000360242	0	0	0	0	0.083	0	0	0.382	0.409
CCNA1	MTOR	9606.ENSP00000255465	9606.ENSP00000354558	0	0	0	0	0	0	0	0.419	0.419
CCNA1	PTGS2	9606.ENSP00000255465	9606.ENSP00000356438	0	0	0	0	0.109	0	0	0.383	0.427
CCNA1	TYMS	9606.ENSP00000255465	9606.ENSP00000315644	0	0	0	0	0.194	0	0	0.334	0.441
CCNA1	HDAC1	9606.ENSP00000255465	9606.ENSP00000362649	0	0	0	0	0.068	0	0	0.438	0.454
CCNA1	ROCK1	9606.ENSP00000255465	9606.ENSP00000382697	0	0	0	0	0.051	0.046	0	0.455	0.464
CCNA1	GSK3B	9606.ENSP00000255465	9606.ENSP00000324806	0	0	0	0	0.051	0.046	0	0.462	0.470
CCNA1	TOP2A	9606.ENSP00000255465	9606.ENSP00000411532	0	0	0	0	0.217	0	0	0.356	0.475
CCNA1	MMP9	9606.ENSP00000255465	9606.ENSP00000361405	0	0	0	0	0.076	0	0	0.461	0.481
CCNA1	ERBB2	9606.ENSP00000255465	9606.ENSP00000269571	0	0	0	0	0	0	0	0.489	0.489
CCNA1	MCL1	9606.ENSP00000255465	9606.ENSP00000358022	0	0	0	0	0	0	0	0.495	0.495
CCNA1	ESR1	9606.ENSP00000255465	9606.ENSP00000405330	0	0	0	0	0.049	0	0	0.519	0.523
CCNA1	EGFR	9606.ENSP00000255465	9606.ENSP00000275493	0	0	0	0	0	0	0	0.529	0.529
CCNA1	PGR	9606.ENSP00000255465	9606.ENSP00000325120	0	0	0	0	0.049	0.292	0	0.370	0.539
CCNA1	CDC7	9606.ENSP00000255465	9606.ENSP00000393139	0	0	0	0	0.068	0	0	0.528	0.542
CCNA1	PIK3CA	9606.ENSP00000255465	9606.ENSP00000263967	0	0	0	0	0	0	0	0.545	0.545
CCNA1	KDR	9606.ENSP00000255465	9606.ENSP00000263923	0	0	0	0	0	0.050	0	0.541	0.545
CCNA1	SRC	9606.ENSP00000255465	9606.ENSP00000362680	0	0	0	0	0.051	0.234	0	0.448	0.564
CCNA1	PTK2	9606.ENSP00000255465	9606.ENSP00000341189	0	0	0	0	0	0.422	0	0.309	0.583
CCNA1	TERT	9606.ENSP00000255465	9606.ENSP00000309572	0	0	0	0	0.054	0	0.400	0.406	0.633
CCNA1	PARP1	9606.ENSP00000255465	9606.ENSP00000355759	0	0	0	0	0.137	0	0	0.594	0.634
CCNA1	NEK2	9606.ENSP00000255465	9606.ENSP00000355966	0	0	0	0	0.298	0	0	0.534	0.659
CCNA1	PKMYT1	9606.ENSP00000255465	9606.ENSP00000262300	0	0	0	0	0.142	0.070	0.400	0.407	0.678
CCNA1	CHEK2	9606.ENSP00000255465	9606.ENSP00000372023	0	0	0	0	0.242	0	0	0.612	0.693
CCNA1	KIF11	9606.ENSP00000255465	9606.ENSP00000260731	0	0	0	0	0.595	0	0	0.295	0.703
CCNA1	CDK9	9606.ENSP00000255465	9606.ENSP00000362361	0	0	0	0	0	0	0	0.761	0.761
CCNA1	CDK5	9606.ENSP00000255465	9606.ENSP00000419782	0	0	0	0	0.043	0	0	0.792	0.793
CCNA1	MDM2	9606.ENSP00000255465	9606.ENSP00000258149	0	0	0	0	0.056	0	0.400	0.692	0.810
CCNA1	CCNE2	9606.ENSP00000255465	9606.ENSP00000429089	0	0	0.118	0.635	0.198	0.176	0.400	0.568	0.821
CCNA1	PLK1	9606.ENSP00000255465	9606.ENSP00000300093	0	0	0	0	0.401	0	0	0.787	0.866
CCNA1	WEE1	9606.ENSP00000255465	9606.ENSP00000402084	0	0	0	0	0.142	0.070	0.400	0.765	0.872
CCNA1	CDK7	9606.ENSP00000255465	9606.ENSP00000256443	0	0	0	0	0.047	0.057	0.400	0.798	0.876
CCNA1	CDC25C	9606.ENSP00000255465	9606.ENSP00000321656	0	0	0	0	0.189	0	0.500	0.724	0.878
CCNA1	CDK4	9606.ENSP00000255465	9606.ENSP00000257904	0	0	0	0	0.292	0.288	0	0.978	0.988
CCNA1	CDK2	9606.ENSP00000255465	9606.ENSP00000266970	0	0	0	0	0.292	0.942	0.900	0.999	0.999
CCNA1	CDK1	9606.ENSP00000255465	9606.ENSP00000378699	0	0	0	0	0.297	0.803	0.900	0.998	0.999
CCNE2	CDC25B	9606.ENSP00000429089	9606.ENSP00000245960	0	0	0	0	0.235	0.097	0	0.454	0.590
CCNE2	CDK7	9606.ENSP00000429089	9606.ENSP00000256443	0	0	0	0	0.047	0	0.400	0.362	0.603
CCNE2	CDK4	9606.ENSP00000429089	9606.ENSP00000257904	0	0	0	0	0.070	0.322	0.800	0.922	0.988
CCNE2	KIF11	9606.ENSP00000429089	9606.ENSP00000260731	0	0	0	0	0.385	0	0	0.273	0.533
CCNE2	PKMYT1	9606.ENSP00000429089	9606.ENSP00000262300	0	0	0	0	0.149	0	0	0.391	0.460
CCNE2	CDK2	9606.ENSP00000429089	9606.ENSP00000266970	0	0	0	0	0.200	0.995	0.900	0.996	0.999
CCNE2	ERBB2	9606.ENSP00000429089	9606.ENSP00000269571	0	0	0	0	0	0.092	0	0.417	0.448
CCNE2	EGFR	9606.ENSP00000429089	9606.ENSP00000275493	0	0	0	0	0	0.092	0	0.395	0.427
CCNE2	PLK1	9606.ENSP00000429089	9606.ENSP00000300093	0	0	0	0	0.149	0	0	0.431	0.495
CCNE2	HDAC3	9606.ENSP00000429089	9606.ENSP00000302967	0	0	0	0	0.062	0.075	0.400	0.063	0.446
CCNE2	TYMS	9606.ENSP00000429089	9606.ENSP00000315644	0	0	0	0	0.243	0	0	0.346	0.484
CCNE2	CDC25C	9606.ENSP00000429089	9606.ENSP00000321656	0	0	0	0	0.312	0.097	0	0.519	0.675
CCNE2	NEK2	9606.ENSP00000429089	9606.ENSP00000355966	0	0	0	0	0.194	0	0	0.336	0.442
CCNE2	CHEK2	9606.ENSP00000429089	9606.ENSP00000372023	0	0	0	0	0.262	0	0	0.349	0.499
CCNE2	CDK1	9606.ENSP00000429089	9606.ENSP00000378699	0	0	0	0	0.356	0.722	0	0.657	0.933
CCNE2	CDC7	9606.ENSP00000429089	9606.ENSP00000393139	0	0	0	0	0.221	0	0	0.462	0.564
CCNE2	WEE1	9606.ENSP00000429089	9606.ENSP00000402084	0	0	0	0	0.088	0	0.400	0.482	0.692
CCNE2	ESR1	9606.ENSP00000429089	9606.ENSP00000405330	0	0	0	0	0	0	0	0.402	0.402
CCNE2	TOP2A	9606.ENSP00000429089	9606.ENSP00000411532	0	0	0	0	0.286	0	0	0.415	0.565
CCNE2	FDFT1	9606.ENSP00000429089	9606.ENSP00000491537	0	0	0	0	0.674	0	0	0.079	0.686
CCR1	NFKB1	9606.ENSP00000296140	9606.ENSP00000226574	0	0	0	0	0.092	0.081	0	0.575	0.614
CCR1	PDGFRA	9606.ENSP00000296140	9606.ENSP00000257290	0	0	0	0	0.056	0	0	0.455	0.464
CCR1	PDGFRB	9606.ENSP00000296140	9606.ENSP00000261799	0	0	0	0	0.042	0	0	0.483	0.483
CCR1	KDR	9606.ENSP00000296140	9606.ENSP00000263923	0	0	0	0	0.053	0	0	0.480	0.487
CCR1	ICAM1	9606.ENSP00000296140	9606.ENSP00000264832	0	0	0	0	0.099	0	0	0.502	0.532
CCR1	CSF1R	9606.ENSP00000296140	9606.ENSP00000286301	0	0	0	0	0.258	0	0	0.627	0.711
CCR1	PPARG	9606.ENSP00000296140	9606.ENSP00000287820	0	0	0	0	0.048	0	0	0.518	0.521
CCR1	CCR2	9606.ENSP00000296140	9606.ENSP00000292301	0	0	0.063	0.945	0.319	0.069	0.500	0.980	0.992
CCR1	CCR5	9606.ENSP00000296140	9606.ENSP00000292303	0	0	0.060	0.955	0.411	0.069	0.900	0.982	0.998
CCR1	VCAM1	9606.ENSP00000296140	9606.ENSP00000294728	0	0	0	0	0.089	0.098	0	0.448	0.507
CCR1	CXCR1	9606.ENSP00000296140	9606.ENSP00000295683	0	0	0	0.803	0.190	0	0.500	0.875	0.945
CCR1	STAT1	9606.ENSP00000296140	9606.ENSP00000354394	0	0	0	0	0.100	0	0	0.377	0.415
CCR1	PTGS2	9606.ENSP00000296140	9606.ENSP00000356438	0	0	0	0	0.126	0	0	0.361	0.418
CCR1	ITGA4	9606.ENSP00000296140	9606.ENSP00000380227	0	0	0	0	0.116	0	0	0.370	0.419
CCR1	CTSS	9606.ENSP00000296140	9606.ENSP00000357981	0	0	0	0	0.281	0	0	0.247	0.436
CCR1	FGR	9606.ENSP00000296140	9606.ENSP00000363117	0	0	0	0	0.346	0	0	0.191	0.449
CCR1	ITGAL	9606.ENSP00000296140	9606.ENSP00000349252	0	0	0	0	0.205	0	0	0.348	0.459
CCR1	HCK	9606.ENSP00000296140	9606.ENSP00000365012	0	0	0	0	0.344	0	0	0.269	0.501
CCR1	SELE	9606.ENSP00000296140	9606.ENSP00000331736	0	0	0	0	0.064	0	0	0.518	0.530
CCR1	FPR2	9606.ENSP00000296140	9606.ENSP00000468897	0	0	0	0.696	0.355	0	0	0.352	0.564
CCR1	MMP9	9606.ENSP00000296140	9606.ENSP00000361405	0	0	0	0	0.220	0	0	0.472	0.571
CCR1	PTPRC	9606.ENSP00000296140	9606.ENSP00000411355	0	0	0	0	0.275	0	0	0.474	0.602
CCR1	SRC	9606.ENSP00000296140	9606.ENSP00000362680	0	0	0	0	0.055	0	0.500	0.250	0.614
CCR1	TNF	9606.ENSP00000296140	9606.ENSP00000398698	0	0	0	0	0.186	0	0	0.581	0.644
CCR1	TLR4	9606.ENSP00000296140	9606.ENSP00000363089	0	0	0	0	0.465	0	0	0.507	0.725
CCR1	JAK3	9606.ENSP00000296140	9606.ENSP00000432511	0	0	0	0	0.126	0	0.650	0.208	0.736
CCR1	JAK2	9606.ENSP00000296140	9606.ENSP00000371067	0	0	0	0	0.119	0	0.650	0.253	0.749
CCR1	FPR1	9606.ENSP00000296140	9606.ENSP00000471493	0	0	0	0.683	0.371	0	0.500	0.455	0.813
CCR1	CCR8	9606.ENSP00000296140	9606.ENSP00000326432	0	0	0	0.904	0.087	0	0.500	0.688	0.845
CCR1	CXCR2	9606.ENSP00000296140	9606.ENSP00000319635	0	0	0	0.818	0.173	0	0.500	0.703	0.866
CCR1	CXCR4	9606.ENSP00000296140	9606.ENSP00000386884	0	0	0	0.810	0.154	0	0.500	0.869	0.939
CCR1	CXCR3	9606.ENSP00000296140	9606.ENSP00000362795	0	0	0	0.816	0.098	0	0.500	0.931	0.966
CCR1	CCR3	9606.ENSP00000296140	9606.ENSP00000441600	0	0	0.055	0.965	0.172	0	0.900	0.977	0.997
CCR2	MIF	9606.ENSP00000292301	9606.ENSP00000215754	0	0	0	0	0.087	0	0	0.608	0.626
CCR2	MMP2	9606.ENSP00000292301	9606.ENSP00000219070	0	0	0	0	0	0	0	0.400	0.400
CCR2	MPO	9606.ENSP00000292301	9606.ENSP00000225275	0	0	0	0	0.086	0	0	0.483	0.507
CCR2	NFKB1	9606.ENSP00000292301	9606.ENSP00000226574	0	0	0	0	0.099	0.045	0	0.480	0.513
CCR2	FLT3	9606.ENSP00000292301	9606.ENSP00000241453	0	0	0	0	0.105	0	0	0.616	0.641
CCR2	LGALS3	9606.ENSP00000292301	9606.ENSP00000254301	0	0	0	0	0.059	0	0	0.622	0.629
CCR2	PDGFRB	9606.ENSP00000292301	9606.ENSP00000261799	0	0	0	0	0.087	0	0	0.600	0.619
CCR2	ICAM1	9606.ENSP00000292301	9606.ENSP00000264832	0	0	0	0	0.106	0	0	0.809	0.822
CCR2	EGFR	9606.ENSP00000292301	9606.ENSP00000275493	0	0	0	0	0	0.048	0	0.597	0.599
CCR2	FLT1	9606.ENSP00000292301	9606.ENSP00000282397	0	0	0	0	0.067	0	0	0.593	0.604
CCR2	CSF1R	9606.ENSP00000292301	9606.ENSP00000286301	0	0	0	0	0.198	0	0	0.735	0.778
CCR2	PPARG	9606.ENSP00000292301	9606.ENSP00000287820	0	0	0	0	0.086	0	0	0.510	0.532
CCR2	ITGB1	9606.ENSP00000292301	9606.ENSP00000379350	0	0	0	0	0.118	0	0	0.350	0.402
CCR2	CYP17A1	9606.ENSP00000292301	9606.ENSP00000358903	0	0	0	0	0	0	0	0.405	0.405
CCR2	PIK3CG	9606.ENSP00000292301	9606.ENSP00000419260	0	0	0	0	0.179	0	0	0.321	0.418
CCR2	NR4A1	9606.ENSP00000292301	9606.ENSP00000440864	0	0	0	0	0	0.045	0	0.432	0.434
CCR2	FYN	9606.ENSP00000292301	9606.ENSP00000346671	0	0	0	0	0.113	0	0	0.390	0.435
CCR2	MET	9606.ENSP00000292301	9606.ENSP00000317272	0	0	0	0	0	0	0	0.445	0.445
CCR2	DRD2	9606.ENSP00000292301	9606.ENSP00000354859	0	0	0	0.570	0	0	0	0.447	0.447
CCR2	HMGB1	9606.ENSP00000292301	9606.ENSP00000345347	0	0	0	0	0.086	0	0	0.432	0.458
CCR2	PTGS2	9606.ENSP00000292301	9606.ENSP00000356438	0	0	0	0	0.080	0	0	0.450	0.472
CCR2	FPR2	9606.ENSP00000292301	9606.ENSP00000468897	0	0	0	0.677	0.157	0	0	0.418	0.488
CCR2	F3	9606.ENSP00000292301	9606.ENSP00000334145	0	0	0	0	0	0	0	0.489	0.489
CCR2	TGFBR1	9606.ENSP00000292301	9606.ENSP00000447297	0	0	0	0	0.063	0	0	0.483	0.495
CCR2	TRPV1	9606.ENSP00000292301	9606.ENSP00000459962	0	0	0	0	0.063	0.045	0	0.485	0.498
CCR2	CTSS	9606.ENSP00000292301	9606.ENSP00000357981	0	0	0	0	0.213	0	0	0.395	0.503
CCR2	NOS2	9606.ENSP00000292301	9606.ENSP00000327251	0	0	0	0	0	0	0	0.519	0.519
CCR2	TLR9	9606.ENSP00000292301	9606.ENSP00000353874	0	0	0	0	0.090	0	0	0.507	0.532
CCR2	ITGA4	9606.ENSP00000292301	9606.ENSP00000380227	0	0	0	0	0.206	0	0	0.447	0.542
CCR2	ITGAL	9606.ENSP00000292301	9606.ENSP00000349252	0	0	0	0	0.222	0	0	0.445	0.549
CCR2	IDO1	9606.ENSP00000292301	9606.ENSP00000430950	0	0	0	0	0.112	0	0	0.515	0.551
CCR2	STAT1	9606.ENSP00000292301	9606.ENSP00000354394	0	0	0	0	0.097	0	0	0.524	0.552
CCR2	LYN	9606.ENSP00000292301	9606.ENSP00000428924	0	0	0	0	0.102	0	0	0.542	0.571
CCR2	FPR1	9606.ENSP00000292301	9606.ENSP00000471493	0	0	0	0.680	0.125	0	0.500	0.147	0.594
CCR2	MMP9	9606.ENSP00000292301	9606.ENSP00000361405	0	0	0	0	0.097	0	0	0.596	0.620
CCR2	SRC	9606.ENSP00000292301	9606.ENSP00000362680	0	0	0	0	0.061	0	0.500	0.348	0.667
CCR2	SELE	9606.ENSP00000292301	9606.ENSP00000331736	0	0	0	0	0.100	0	0	0.677	0.696
CCR2	TLR4	9606.ENSP00000292301	9606.ENSP00000363089	0	0	0	0	0.206	0	0	0.684	0.738
CCR2	JAK3	9606.ENSP00000292301	9606.ENSP00000432511	0	0	0	0	0.148	0	0.650	0.242	0.754
CCR2	VCAM1	9606.ENSP00000292301	9606.ENSP00000294728	0	0	0	0	0.088	0.098	0	0.744	0.771
CCR2	TNF	9606.ENSP00000292301	9606.ENSP00000398698	0	0	0	0	0.084	0	0	0.761	0.771
CCR2	JAK2	9606.ENSP00000292301	9606.ENSP00000371067	0	0	0	0	0.100	0	0.650	0.371	0.784
CCR2	PTPRC	9606.ENSP00000292301	9606.ENSP00000411355	0	0	0	0	0.296	0	0	0.720	0.794
CCR2	CCR8	9606.ENSP00000292301	9606.ENSP00000326432	0	0	0	0.901	0.097	0	0.500	0.828	0.915
CCR2	CXCR2	9606.ENSP00000292301	9606.ENSP00000319635	0	0	0	0.827	0.105	0	0.500	0.855	0.929
CCR2	CXCR1	9606.ENSP00000292301	9606.ENSP00000295683	0	0	0	0.820	0.152	0	0.500	0.920	0.963
CCR2	CXCR3	9606.ENSP00000292301	9606.ENSP00000362795	0	0	0	0.816	0.138	0	0.500	0.938	0.970
CCR2	CCR3	9606.ENSP00000292301	9606.ENSP00000441600	0	0	0.074	0.927	0.146	0	0.500	0.956	0.980
CCR2	CXCR4	9606.ENSP00000292301	9606.ENSP00000386884	0	0	0	0.826	0.122	0	0.500	0.978	0.989
CCR2	CCR5	9606.ENSP00000292301	9606.ENSP00000292303	0	0	0.057	0.967	0.334	0	0.500	0.983	0.993
CCR3	ICAM1	9606.ENSP00000441600	9606.ENSP00000264832	0	0	0	0	0.103	0	0	0.498	0.531
CCR3	CSF1R	9606.ENSP00000441600	9606.ENSP00000286301	0	0	0	0	0.087	0	0	0.388	0.418
CCR3	CCR5	9606.ENSP00000441600	9606.ENSP00000292303	0	0	0.066	0.943	0.092	0	0.900	0.981	0.998
CCR3	VCAM1	9606.ENSP00000441600	9606.ENSP00000294728	0	0	0	0	0	0.098	0	0.514	0.542
CCR3	CXCR1	9606.ENSP00000441600	9606.ENSP00000295683	0	0	0	0.800	0.226	0	0.500	0.784	0.909
CCR3	CXCR2	9606.ENSP00000441600	9606.ENSP00000319635	0	0	0	0.809	0.188	0	0.500	0.493	0.776
CCR3	CCR8	9606.ENSP00000441600	9606.ENSP00000326432	0	0	0	0.892	0.059	0	0.500	0.821	0.908
CCR3	MMP9	9606.ENSP00000441600	9606.ENSP00000361405	0	0	0	0	0.067	0	0	0.625	0.635
CCR3	SRC	9606.ENSP00000441600	9606.ENSP00000362680	0	0	0	0	0.055	0	0.500	0.529	0.758
CCR3	CXCR3	9606.ENSP00000441600	9606.ENSP00000362795	0	0	0	0.793	0.073	0	0.500	0.928	0.963
CCR3	TLR4	9606.ENSP00000441600	9606.ENSP00000363089	0	0	0	0	0.110	0	0	0.463	0.502
CCR3	JAK2	9606.ENSP00000441600	9606.ENSP00000371067	0	0	0	0	0.104	0	0.650	0.206	0.729
CCR3	CXCR4	9606.ENSP00000441600	9606.ENSP00000386884	0	0	0.071	0.814	0.121	0	0.500	0.707	0.864
CCR3	TNF	9606.ENSP00000441600	9606.ENSP00000398698	0	0	0	0	0.105	0	0	0.651	0.674
CCR3	PTPRC	9606.ENSP00000441600	9606.ENSP00000411355	0	0	0	0	0.119	0	0	0.547	0.584
CCR3	JAK3	9606.ENSP00000441600	9606.ENSP00000432511	0	0	0	0	0.102	0	0.650	0.176	0.718
CCR5	MPO	9606.ENSP00000292303	9606.ENSP00000225275	0	0	0	0	0.084	0	0	0.392	0.420
CCR5	NFKB1	9606.ENSP00000292303	9606.ENSP00000226574	0	0	0	0	0.132	0.045	0	0.479	0.530
CCR5	ICAM1	9606.ENSP00000292303	9606.ENSP00000264832	0	0	0	0	0.115	0	0	0.598	0.629
CCR5	ZAP70	9606.ENSP00000292303	9606.ENSP00000264972	0	0	0	0	0.178	0	0	0.322	0.419
CCR5	ENPEP	9606.ENSP00000292303	9606.ENSP00000265162	0	0	0	0	0.060	0	0	0.929	0.930
CCR5	SLC6A3	9606.ENSP00000292303	9606.ENSP00000270349	0	0	0	0	0	0	0	0.420	0.420
CCR5	EGFR	9606.ENSP00000292303	9606.ENSP00000275493	0	0	0	0	0	0.048	0	0.575	0.578
CCR5	CSF1R	9606.ENSP00000292303	9606.ENSP00000286301	0	0	0	0	0.389	0	0	0.667	0.788
CCR5	FGR	9606.ENSP00000292303	9606.ENSP00000363117	0	0	0	0	0.343	0	0	0.136	0.408
CCR5	HCK	9606.ENSP00000292303	9606.ENSP00000365012	0	0	0	0	0.291	0	0	0.223	0.425
CCR5	PGR	9606.ENSP00000292303	9606.ENSP00000325120	0	0	0	0	0	0	0	0.429	0.429
CCR5	PTK2	9606.ENSP00000292303	9606.ENSP00000341189	0	0	0	0	0.088	0.292	0	0.189	0.430
CCR5	FURIN	9606.ENSP00000292303	9606.ENSP00000483552	0	0	0	0	0	0	0	0.432	0.432
CCR5	IGF1R	9606.ENSP00000292303	9606.ENSP00000497069	0	0	0	0	0	0	0	0.435	0.435
CCR5	DPP4	9606.ENSP00000292303	9606.ENSP00000353731	0	0	0	0	0.110	0	0	0.399	0.442
CCR5	P2RY12	9606.ENSP00000292303	9606.ENSP00000307259	0	0	0	0.645	0.139	0	0	0.398	0.459
CCR5	CTSS	9606.ENSP00000292303	9606.ENSP00000357981	0	0	0	0	0.248	0	0	0.311	0.460
CCR5	HSP90AA1	9606.ENSP00000292303	9606.ENSP00000335153	0	0	0	0	0	0	0	0.492	0.491
CCR5	HSP90AB1	9606.ENSP00000292303	9606.ENSP00000360609	0	0	0	0	0	0	0	0.492	0.491
CCR5	RELA	9606.ENSP00000292303	9606.ENSP00000384273	0	0	0	0	0	0.049	0	0.505	0.509
CCR5	TLR9	9606.ENSP00000292303	9606.ENSP00000353874	0	0	0	0	0.080	0	0	0.507	0.527
CCR5	TYK2	9606.ENSP00000292303	9606.ENSP00000431885	0	0	0	0	0.055	0	0	0.534	0.540
CCR5	IDO1	9606.ENSP00000292303	9606.ENSP00000430950	0	0	0	0	0.126	0	0	0.514	0.557
CCR5	ITGAL	9606.ENSP00000292303	9606.ENSP00000349252	0	0	0	0	0.157	0	0	0.507	0.566
CCR5	MMP9	9606.ENSP00000292303	9606.ENSP00000361405	0	0	0	0	0.194	0	0	0.508	0.587
CCR5	VCAM1	9606.ENSP00000292303	9606.ENSP00000294728	0	0	0	0	0.098	0.098	0	0.541	0.594
CCR5	ITGB1	9606.ENSP00000292303	9606.ENSP00000379350	0	0	0	0	0.118	0	0	0.567	0.601
CCR5	JAK1	9606.ENSP00000292303	9606.ENSP00000499900	0	0	0	0	0.080	0	0	0.602	0.618
CCR5	LCK	9606.ENSP00000292303	9606.ENSP00000477713	0	0	0	0	0.230	0	0	0.549	0.638
CCR5	SELE	9606.ENSP00000292303	9606.ENSP00000331736	0	0	0	0	0.127	0	0	0.631	0.664
CCR5	SRC	9606.ENSP00000292303	9606.ENSP00000362680	0	0	0	0	0.061	0	0.500	0.359	0.673
CCR5	ITGA4	9606.ENSP00000292303	9606.ENSP00000380227	0	0	0	0	0.136	0	0	0.642	0.677
CCR5	STAT1	9606.ENSP00000292303	9606.ENSP00000354394	0	0	0	0	0.104	0	0	0.690	0.710
CCR5	FPR1	9606.ENSP00000292303	9606.ENSP00000471493	0	0	0	0.677	0.201	0	0.500	0.459	0.764
CCR5	JAK3	9606.ENSP00000292303	9606.ENSP00000432511	0	0	0	0	0.148	0	0.650	0.288	0.769
CCR5	TLR4	9606.ENSP00000292303	9606.ENSP00000363089	0	0	0	0	0.227	0	0	0.737	0.788
CCR5	PTPRC	9606.ENSP00000292303	9606.ENSP00000411355	0	0	0	0	0.299	0	0	0.735	0.806
CCR5	CCR8	9606.ENSP00000292303	9606.ENSP00000326432	0	0	0	0.906	0.081	0	0.500	0.696	0.848
CCR5	CXCR1	9606.ENSP00000292303	9606.ENSP00000295683	0	0	0	0.809	0.134	0	0.500	0.726	0.871
CCR5	TNF	9606.ENSP00000292303	9606.ENSP00000398698	0	0	0	0	0.162	0	0	0.863	0.880
CCR5	JAK2	9606.ENSP00000292303	9606.ENSP00000371067	0	0	0	0	0.085	0.292	0.650	0.604	0.898
CCR5	CXCR2	9606.ENSP00000292303	9606.ENSP00000319635	0	0	0	0.819	0.100	0	0.500	0.847	0.925
CCR5	CXCR3	9606.ENSP00000292303	9606.ENSP00000362795	0	0	0	0.824	0.181	0	0.500	0.962	0.983
CCR5	CXCR4	9606.ENSP00000292303	9606.ENSP00000386884	0	0	0	0.813	0.101	0.628	0.500	0.984	0.996
CCR8	CSF1R	9606.ENSP00000326432	9606.ENSP00000286301	0	0	0	0	0.067	0	0	0.486	0.500
CCR8	VCAM1	9606.ENSP00000326432	9606.ENSP00000294728	0	0	0	0	0.061	0.098	0	0.370	0.420
CCR8	CXCR1	9606.ENSP00000326432	9606.ENSP00000295683	0	0	0	0.830	0.076	0	0.500	0.186	0.591
CCR8	TERT	9606.ENSP00000326432	9606.ENSP00000309572	0	0	0	0	0	0	0	0.880	0.880
CCR8	CXCR2	9606.ENSP00000326432	9606.ENSP00000319635	0	0	0	0.837	0.060	0	0.500	0.422	0.704
CCR8	MMP9	9606.ENSP00000326432	9606.ENSP00000361405	0	0	0	0	0.044	0	0	0.399	0.401
CCR8	PTPRC	9606.ENSP00000326432	9606.ENSP00000411355	0	0	0	0	0.118	0	0	0.410	0.457
CCR8	SRC	9606.ENSP00000326432	9606.ENSP00000362680	0	0	0	0	0.055	0	0.500	0.102	0.538
CCR8	TNF	9606.ENSP00000326432	9606.ENSP00000398698	0	0	0	0	0.107	0	0	0.522	0.555
CCR8	JAK3	9606.ENSP00000326432	9606.ENSP00000432511	0	0	0	0	0.075	0	0.650	0.138	0.696
CCR8	CXCR4	9606.ENSP00000326432	9606.ENSP00000386884	0	0	0	0.826	0.116	0	0.500	0.436	0.729
CCR8	CXCR3	9606.ENSP00000326432	9606.ENSP00000362795	0	0	0	0.785	0.087	0	0.500	0.469	0.736
CCR8	JAK2	9606.ENSP00000326432	9606.ENSP00000371067	0	0	0	0	0.061	0	0.650	0.479	0.813
CDA	TYMS	9606.ENSP00000364212	9606.ENSP00000315644	0	0	0	0	0	0	0.796	0.648	0.925
CDA	DNMT1	9606.ENSP00000364212	9606.ENSP00000352516	0	0	0	0	0	0	0	0.520	0.520
CDA	CES1	9606.ENSP00000364212	9606.ENSP00000353720	0	0	0	0	0.074	0	0.900	0.174	0.916
CDA	PNP	9606.ENSP00000364212	9606.ENSP00000354532	0.120	0	0	0	0.109	0	0.911	0.334	0.947
CDA	DHFR	9606.ENSP00000364212	9606.ENSP00000396308	0.042	0	0	0	0.128	0	0	0.457	0.507
CDA	CES2	9606.ENSP00000364212	9606.ENSP00000499140	0	0	0	0	0.055	0	0.900	0.231	0.921
CDC25B	CSNK2A1	9606.ENSP00000245960	9606.ENSP00000217244	0	0	0	0	0.049	0.333	0	0.129	0.400
CDC25B	RIPK2	9606.ENSP00000245960	9606.ENSP00000220751	0	0	0	0	0.050	0.088	0	0.395	0.430
CDC25B	DUSP3	9606.ENSP00000245960	9606.ENSP00000226004	0	0	0	0	0	0.114	0	0.424	0.468
CDC25B	MAPK14	9606.ENSP00000245960	9606.ENSP00000229795	0	0	0	0	0.049	0.399	0.900	0.252	0.951
CDC25B	RAF1	9606.ENSP00000245960	9606.ENSP00000401888	0	0	0	0	0	0.321	0	0.169	0.412
CDC25B	LYN	9606.ENSP00000245960	9606.ENSP00000428924	0	0	0	0	0.042	0.088	0	0.389	0.419
CDC25B	TOP2A	9606.ENSP00000245960	9606.ENSP00000411532	0	0	0	0	0.145	0.071	0	0.357	0.445
CDC25B	KIF11	9606.ENSP00000245960	9606.ENSP00000260731	0	0	0	0	0.216	0	0	0.321	0.445
CDC25B	ESR1	9606.ENSP00000245960	9606.ENSP00000405330	0	0	0	0	0	0.292	0	0.251	0.447
CDC25B	PTPN1	9606.ENSP00000245960	9606.ENSP00000360683	0	0	0	0	0.049	0.107	0	0.473	0.514
CDC25B	NEK2	9606.ENSP00000245960	9606.ENSP00000355966	0	0	0	0	0.116	0	0	0.476	0.517
CDC25B	CDC7	9606.ENSP00000245960	9606.ENSP00000393139	0	0	0	0	0.080	0.071	0	0.612	0.640
CDC25B	CHEK2	9606.ENSP00000245960	9606.ENSP00000372023	0	0	0	0	0.125	0.197	0	0.596	0.692
CDC25B	MAPKAPK2	9606.ENSP00000245960	9606.ENSP00000356070	0	0	0	0	0.049	0.292	0	0.594	0.702
CDC25B	PKMYT1	9606.ENSP00000245960	9606.ENSP00000262300	0	0	0	0	0.100	0.474	0	0.530	0.758
CDC25B	CDK4	9606.ENSP00000245960	9606.ENSP00000257904	0	0	0	0	0.110	0.304	0	0.658	0.770
CDC25B	CDK5R1	9606.ENSP00000245960	9606.ENSP00000318486	0	0	0	0	0.055	0	0.750	0.342	0.830
CDC25B	WEE1	9606.ENSP00000245960	9606.ENSP00000402084	0	0	0	0	0.074	0.474	0	0.811	0.900
CDC25B	CDK5	9606.ENSP00000245960	9606.ENSP00000419782	0	0	0	0	0.056	0.518	0.750	0.332	0.913
CDC25B	CDC25C	9606.ENSP00000245960	9606.ENSP00000321656	0	0	0.101	0.830	0.054	0	0.900	0.191	0.922
CDC25B	MAPK11	9606.ENSP00000245960	9606.ENSP00000333685	0	0	0	0	0.060	0.186	0.900	0.160	0.927
CDC25B	PLK1	9606.ENSP00000245960	9606.ENSP00000300093	0	0	0	0	0.167	0.139	0.900	0.706	0.976
CDC25B	CDK2	9606.ENSP00000245960	9606.ENSP00000266970	0	0	0	0	0.104	0.722	0.400	0.967	0.994
CDC25B	CDK1	9606.ENSP00000245960	9606.ENSP00000378699	0	0	0	0	0.105	0.807	0.900	0.932	0.998
CDC25C	MAPK1	9606.ENSP00000321656	9606.ENSP00000215832	0	0	0	0	0	0.418	0	0.279	0.563
CDC25C	MAPK14	9606.ENSP00000321656	9606.ENSP00000229795	0	0	0	0	0.073	0.418	0.900	0.217	0.952
CDC25C	CDK7	9606.ENSP00000321656	9606.ENSP00000256443	0	0	0	0	0.072	0.095	0	0.398	0.451
CDC25C	CDK4	9606.ENSP00000321656	9606.ENSP00000257904	0	0	0	0	0.128	0.304	0	0.743	0.830
CDC25C	MDM2	9606.ENSP00000321656	9606.ENSP00000258149	0	0	0	0	0.055	0.292	0	0.505	0.639
CDC25C	KIF11	9606.ENSP00000321656	9606.ENSP00000260731	0	0	0	0	0.510	0	0	0.335	0.660
CDC25C	PKMYT1	9606.ENSP00000321656	9606.ENSP00000262300	0	0	0	0	0.283	0.474	0	0.567	0.822
CDC25C	CDK2	9606.ENSP00000321656	9606.ENSP00000266970	0	0	0	0	0.247	0.644	0.900	0.815	0.994
CDC25C	EGFR	9606.ENSP00000321656	9606.ENSP00000275493	0	0	0	0	0.045	0.628	0	0.410	0.772
CDC25C	PLK1	9606.ENSP00000321656	9606.ENSP00000300093	0	0	0	0	0.646	0.850	0.900	0.951	0.999
CDC25C	MAP2K1	9606.ENSP00000321656	9606.ENSP00000302486	0	0	0	0	0	0.199	0	0.305	0.419
CDC25C	PRKACA	9606.ENSP00000321656	9606.ENSP00000309591	0	0	0	0	0	0	0.900	0.183	0.914
CDC25C	PRKDC	9606.ENSP00000321656	9606.ENSP00000313420	0	0	0	0	0.085	0.095	0	0.604	0.643
CDC25C	TYMS	9606.ENSP00000321656	9606.ENSP00000315644	0	0	0	0	0.305	0	0	0.251	0.457
CDC25C	CDK5R1	9606.ENSP00000321656	9606.ENSP00000318486	0	0	0	0	0.055	0	0.750	0.105	0.770
CDC25C	MCL1	9606.ENSP00000321656	9606.ENSP00000358022	0	0	0	0	0	0	0	0.405	0.405
CDC25C	HSP90AA1	9606.ENSP00000321656	9606.ENSP00000335153	0	0	0	0	0.059	0.292	0	0.305	0.496
CDC25C	PDPK1	9606.ENSP00000321656	9606.ENSP00000344220	0	0	0	0	0	0	0.500	0.082	0.521
CDC25C	PARP1	9606.ENSP00000321656	9606.ENSP00000355759	0	0	0	0	0.078	0	0	0.571	0.587
CDC25C	CDC7	9606.ENSP00000321656	9606.ENSP00000393139	0	0	0	0	0.165	0.071	0	0.575	0.642
CDC25C	TOP2A	9606.ENSP00000321656	9606.ENSP00000411532	0	0	0	0	0.495	0.071	0	0.603	0.797
CDC25C	NEK2	9606.ENSP00000321656	9606.ENSP00000355966	0	0	0	0	0.652	0	0	0.486	0.814
CDC25C	CDK5	9606.ENSP00000321656	9606.ENSP00000419782	0	0	0	0	0.054	0.300	0.750	0.269	0.862
CDC25C	MAPK11	9606.ENSP00000321656	9606.ENSP00000333685	0	0	0	0	0	0.186	0.900	0.182	0.927
CDC25C	WEE1	9606.ENSP00000321656	9606.ENSP00000402084	0	0	0	0	0.117	0.474	0	0.894	0.946
CDC25C	CHEK2	9606.ENSP00000321656	9606.ENSP00000372023	0	0	0	0	0.197	0.907	0.750	0.919	0.998
CDC25C	CDK1	9606.ENSP00000321656	9606.ENSP00000378699	0	0	0	0	0.775	0.714	0.900	0.975	0.999
CDC42	MAPK1	9606.ENSP00000497733	9606.ENSP00000215832	0	0	0	0	0.131	0.125	0	0.486	0.576
CDC42	MMP2	9606.ENSP00000497733	9606.ENSP00000219070	0	0	0	0	0.069	0	0	0.660	0.669
CDC42	RPS6KB1	9606.ENSP00000497733	9606.ENSP00000225577	0	0	0	0	0.051	0.289	0	0.423	0.577
CDC42	NFKB1	9606.ENSP00000497733	9606.ENSP00000226574	0	0	0	0	0.112	0.102	0	0.631	0.680
CDC42	MAPK14	9606.ENSP00000497733	9606.ENSP00000229795	0	0	0	0	0.092	0.125	0.900	0.649	0.968
CDC42	NR3C1	9606.ENSP00000497733	9606.ENSP00000231509	0	0	0	0	0.117	0.073	0	0.346	0.417
CDC42	RARA	9606.ENSP00000497733	9606.ENSP00000254066	0	0	0	0	0.044	0.073	0	0.429	0.449
CDC42	PDGFRA	9606.ENSP00000497733	9606.ENSP00000257290	0	0	0	0	0.055	0.071	0	0.560	0.580
CDC42	CDK4	9606.ENSP00000497733	9606.ENSP00000257904	0	0	0	0	0.084	0.085	0	0.374	0.430
CDC42	MDM2	9606.ENSP00000497733	9606.ENSP00000258149	0	0	0	0	0.060	0.071	0	0.560	0.582
CDC42	ITGAV	9606.ENSP00000497733	9606.ENSP00000261023	0	0	0	0	0.072	0.163	0	0.356	0.456
CDC42	PDGFRB	9606.ENSP00000497733	9606.ENSP00000261799	0	0	0	0	0	0.071	0	0.450	0.467
CDC42	MAP2K2	9606.ENSP00000497733	9606.ENSP00000262948	0	0	0	0	0.081	0.237	0	0.303	0.469
CDC42	PRKCQ	9606.ENSP00000497733	9606.ENSP00000263125	0	0	0	0	0.074	0.216	0	0.249	0.407
CDC42	EP300	9606.ENSP00000497733	9606.ENSP00000263253	0	0	0	0	0.062	0	0	0.423	0.436
CDC42	PRKCG	9606.ENSP00000497733	9606.ENSP00000263431	0	0	0	0	0.074	0	0	0.471	0.489
CDC42	KDR	9606.ENSP00000497733	9606.ENSP00000263923	0	0	0	0	0.055	0.071	0.900	0.449	0.945
CDC42	PIK3CA	9606.ENSP00000497733	9606.ENSP00000263967	0	0	0	0	0.073	0.504	0.900	0.664	0.982
CDC42	SLC9A1	9606.ENSP00000497733	9606.ENSP00000263980	0	0	0	0	0.069	0.188	0	0.278	0.407
CDC42	ICAM1	9606.ENSP00000497733	9606.ENSP00000264832	0	0	0	0	0.093	0	0	0.418	0.449
CDC42	ZAP70	9606.ENSP00000497733	9606.ENSP00000264972	0	0	0	0	0.077	0.110	0	0.407	0.471
CDC42	CDK2	9606.ENSP00000497733	9606.ENSP00000266970	0	0	0	0	0.084	0.085	0	0.394	0.448
CDC42	ERBB2	9606.ENSP00000497733	9606.ENSP00000269571	0	0	0	0	0	0.211	0	0.729	0.777
CDC42	EGFR	9606.ENSP00000497733	9606.ENSP00000275493	0	0	0	0	0.042	0.211	0.500	0.895	0.955
CDC42	EPHA4	9606.ENSP00000497733	9606.ENSP00000281821	0	0	0	0	0.074	0.110	0	0.418	0.478
CDC42	LRRK2	9606.ENSP00000497733	9606.ENSP00000298910	0	0	0	0	0.081	0.545	0	0.525	0.784
CDC42	PLK1	9606.ENSP00000497733	9606.ENSP00000300093	0	0	0	0	0	0.126	0	0.348	0.406
CDC42	MAP2K1	9606.ENSP00000497733	9606.ENSP00000302486	0	0	0	0	0.092	0.127	0	0.549	0.612
CDC42	INSR	9606.ENSP00000497733	9606.ENSP00000303830	0	0	0	0	0.074	0.110	0	0.464	0.519
CDC42	PRKACA	9606.ENSP00000497733	9606.ENSP00000309591	0	0	0	0	0.150	0.217	0	0.518	0.651
CDC42	MET	9606.ENSP00000497733	9606.ENSP00000317272	0	0	0	0	0.074	0.274	0	0.445	0.594
CDC42	ROCK2	9606.ENSP00000497733	9606.ENSP00000317985	0	0	0	0	0.098	0.110	0	0.581	0.634
CDC42	GSK3B	9606.ENSP00000497733	9606.ENSP00000324806	0	0	0	0	0.087	0.110	0	0.795	0.819
CDC42	PRKCD	9606.ENSP00000497733	9606.ENSP00000331602	0	0	0	0	0.090	0.216	0	0.228	0.401
CDC42	MAPK11	9606.ENSP00000497733	9606.ENSP00000333685	0	0	0	0	0.067	0.125	0.900	0.437	0.947
CDC42	HSP90AA1	9606.ENSP00000497733	9606.ENSP00000335153	0.042	0	0	0	0.102	0.112	0	0.417	0.495
CDC42	PTK2	9606.ENSP00000497733	9606.ENSP00000341189	0	0	0	0	0.080	0	0.500	0.791	0.895
CDC42	HMGB1	9606.ENSP00000497733	9606.ENSP00000345347	0	0	0	0	0.209	0.072	0	0.321	0.458
CDC42	FYN	9606.ENSP00000497733	9606.ENSP00000346671	0	0	0	0	0.092	0.224	0.900	0.722	0.977
CDC42	RET	9606.ENSP00000497733	9606.ENSP00000347942	0	0	0	0	0	0.071	0	0.544	0.559
CDC42	EPHB4	9606.ENSP00000497733	9606.ENSP00000350896	0	0	0	0	0.074	0.224	0	0.294	0.448
CDC42	STAT1	9606.ENSP00000497733	9606.ENSP00000354394	0	0	0	0	0.094	0.157	0	0.458	0.550
CDC42	MTOR	9606.ENSP00000497733	9606.ENSP00000354558	0	0	0	0	0.054	0.128	0	0.466	0.521
CDC42	DRD2	9606.ENSP00000497733	9606.ENSP00000354859	0	0	0	0	0.053	0.045	0	0.419	0.429
CDC42	MAPKAPK2	9606.ENSP00000497733	9606.ENSP00000356070	0	0	0	0	0.086	0	0.500	0.232	0.618
CDC42	SCD	9606.ENSP00000497733	9606.ENSP00000359380	0	0	0	0	0.051	0.055	0	0.466	0.479
CDC42	XIAP	9606.ENSP00000497733	9606.ENSP00000360242	0	0	0	0	0.055	0.314	0	0.292	0.501
CDC42	HSP90AB1	9606.ENSP00000497733	9606.ENSP00000360609	0.042	0	0	0	0.091	0.112	0	0.415	0.487
CDC42	PTPN1	9606.ENSP00000497733	9606.ENSP00000360683	0	0	0	0	0.097	0.205	0	0.256	0.420
CDC42	MMP9	9606.ENSP00000497733	9606.ENSP00000361405	0	0	0	0	0.104	0	0	0.706	0.726
CDC42	PLAU	9606.ENSP00000497733	9606.ENSP00000361850	0	0	0	0	0	0.064	0	0.578	0.588
CDC42	SRC	9606.ENSP00000497733	9606.ENSP00000362680	0	0	0	0	0.103	0.110	0.900	0.909	0.991
CDC42	TLR4	9606.ENSP00000497733	9606.ENSP00000363089	0	0	0	0	0.110	0.100	0	0.410	0.486
CDC42	FGR	9606.ENSP00000497733	9606.ENSP00000363117	0	0	0	0	0.107	0.110	0	0.315	0.408
CDC42	SYK	9606.ENSP00000497733	9606.ENSP00000364898	0	0	0	0	0.111	0.110	0.500	0.483	0.768
CDC42	HCK	9606.ENSP00000497733	9606.ENSP00000365012	0	0	0	0	0.093	0.110	0	0.387	0.462
CDC42	HDAC6	9606.ENSP00000497733	9606.ENSP00000365804	0	0	0	0	0.057	0.048	0	0.524	0.536
CDC42	PIK3CD	9606.ENSP00000497733	9606.ENSP00000366563	0	0	0	0	0.069	0.504	0.900	0.339	0.965
CDC42	JAK2	9606.ENSP00000497733	9606.ENSP00000371067	0	0	0	0	0.114	0.110	0	0.371	0.461
CDC42	TNK2	9606.ENSP00000497733	9606.ENSP00000371341	0	0	0	0	0	0.986	0	0.984	0.999
CDC42	GRB2	9606.ENSP00000497733	9606.ENSP00000376345	0	0	0	0	0.165	0.211	0.400	0.826	0.922
CDC42	CDK1	9606.ENSP00000497733	9606.ENSP00000378699	0	0	0	0	0.086	0.085	0	0.412	0.466
CDC42	MAPK8	9606.ENSP00000497733	9606.ENSP00000378974	0	0	0	0	0.101	0.640	0.900	0.636	0.986
CDC42	ITGB1	9606.ENSP00000497733	9606.ENSP00000379350	0	0	0	0	0.113	0.166	0.400	0.541	0.769
CDC42	ROCK1	9606.ENSP00000497733	9606.ENSP00000382697	0	0	0	0	0.092	0.259	0	0.756	0.822
CDC42	FKBP1A	9606.ENSP00000497733	9606.ENSP00000383003	0	0	0	0	0.202	0.143	0	0.257	0.448
CDC42	EPHB2	9606.ENSP00000497733	9606.ENSP00000383053	0	0	0	0	0.074	0.110	0	0.767	0.791
CDC42	RELA	9606.ENSP00000497733	9606.ENSP00000384273	0	0	0	0	0.074	0.078	0	0.427	0.468
CDC42	CXCR4	9606.ENSP00000497733	9606.ENSP00000386884	0	0	0	0	0.113	0.167	0	0.587	0.668
CDC42	FGFR1	9606.ENSP00000497733	9606.ENSP00000393312	0	0	0	0	0	0.071	0	0.578	0.591
CDC42	MAPK9	9606.ENSP00000497733	9606.ENSP00000394560	0	0	0	0	0.073	0.473	0.900	0.580	0.976
CDC42	TNF	9606.ENSP00000497733	9606.ENSP00000398698	0	0	0	0	0.105	0.292	0	0.689	0.785
CDC42	RAF1	9606.ENSP00000497733	9606.ENSP00000401888	0	0	0	0	0.099	0.110	0	0.485	0.551
CDC42	ESR1	9606.ENSP00000497733	9606.ENSP00000405330	0	0	0	0	0	0.073	0	0.413	0.433
CDC42	PTPRC	9606.ENSP00000497733	9606.ENSP00000411355	0	0	0	0	0.169	0.087	0	0.311	0.432
CDC42	PIK3CG	9606.ENSP00000497733	9606.ENSP00000419260	0	0	0	0	0.068	0.145	0	0.394	0.475
CDC42	CDK5	9606.ENSP00000497733	9606.ENSP00000419782	0	0	0	0	0.042	0.164	0	0.463	0.533
CDC42	PIK3R1	9606.ENSP00000497733	9606.ENSP00000428056	0	0	0	0	0.074	0.683	0.900	0.768	0.992
CDC42	LYN	9606.ENSP00000497733	9606.ENSP00000428924	0	0	0	0	0.089	0.223	0	0.650	0.731
CDC42	NTRK1	9606.ENSP00000497733	9606.ENSP00000431418	0	0	0	0	0.074	0.110	0	0.399	0.462
CDC42	TYK2	9606.ENSP00000497733	9606.ENSP00000431885	0	0	0	0	0.107	0.110	0	0.661	0.707
CDC42	TUBA1A	9606.ENSP00000497733	9606.ENSP00000439020	0	0	0	0	0.177	0.121	0.900	0.205	0.934
CDC42	TGFBR1	9606.ENSP00000497733	9606.ENSP00000447297	0	0	0	0	0.106	0.461	0	0.357	0.663
CDC42	ITGB3	9606.ENSP00000497733	9606.ENSP00000452786	0	0	0	0	0.074	0.045	0	0.378	0.402
CDC42	PAK4	9606.ENSP00000497733	9606.ENSP00000469413	0	0	0	0	0.063	0.902	0.900	0.946	0.999
CDC42	LCK	9606.ENSP00000497733	9606.ENSP00000477713	0	0	0	0	0.087	0.342	0.500	0.465	0.818
CDC42	PTPN11	9606.ENSP00000497733	9606.ENSP00000489597	0	0.001	0	0	0.129	0.122	0	0.395	0.497
CDC42	IGF1R	9606.ENSP00000497733	9606.ENSP00000497069	0	0	0	0	0.074	0.110	0	0.403	0.465
CDC42	JAK1	9606.ENSP00000497733	9606.ENSP00000499900	0	0	0	0	0.120	0.224	0	0.266	0.455
CDC42	PIK3CB	9606.ENSP00000497733	9606.ENSP00000501150	0	0	0	0	0.061	0.954	0.900	0.859	0.999
CDC7	CDK7	9606.ENSP00000393139	9606.ENSP00000256443	0	0	0	0.577	0.066	0.522	0	0.280	0.650
CDC7	CDK4	9606.ENSP00000393139	9606.ENSP00000257904	0	0	0	0	0.139	0.782	0	0.427	0.883
CDC7	KIF11	9606.ENSP00000393139	9606.ENSP00000260731	0	0	0	0	0.466	0	0	0.245	0.580
CDC7	PKMYT1	9606.ENSP00000393139	9606.ENSP00000262300	0	0	0	0	0.115	0	0	0.382	0.430
CDC7	CDK2	9606.ENSP00000393139	9606.ENSP00000266970	0	0	0	0	0.167	0.585	0.500	0.736	0.948
CDC7	PLK1	9606.ENSP00000393139	9606.ENSP00000300093	0	0	0	0	0.150	0.245	0	0.585	0.711
CDC7	TYMS	9606.ENSP00000393139	9606.ENSP00000315644	0	0	0	0	0.241	0	0	0.265	0.418
CDC7	NEK2	9606.ENSP00000393139	9606.ENSP00000355966	0	0	0	0	0.188	0.071	0	0.293	0.420
CDC7	CHEK2	9606.ENSP00000393139	9606.ENSP00000372023	0	0	0	0	0.106	0.940	0	0.804	0.988
CDC7	CDK1	9606.ENSP00000393139	9606.ENSP00000378699	0	0	0	0	0.367	0.189	0	0.613	0.784
CDC7	PAK4	9606.ENSP00000393139	9606.ENSP00000469413	0	0	0	0	0	0	0	0.412	0.412
CDC7	WEE1	9606.ENSP00000393139	9606.ENSP00000402084	0	0	0	0	0.080	0	0	0.471	0.493
CDC7	TOP2A	9606.ENSP00000393139	9606.ENSP00000411532	0	0	0	0	0.298	0.067	0	0.394	0.569
CDK1	SIRT1	9606.ENSP00000378699	9606.ENSP00000212015	0	0.006	0	0	0.044	0.404	0	0.441	0.654
CDK1	MAPK1	9606.ENSP00000378699	9606.ENSP00000215832	0	0	0.071	0.848	0.042	0.131	0	0.649	0.693
CDK1	CSNK2A1	9606.ENSP00000378699	9606.ENSP00000217244	0	0	0	0.767	0.073	0.519	0	0.141	0.585
CDK1	NFKB1	9606.ENSP00000378699	9606.ENSP00000226574	0	0	0	0	0.064	0.229	0	0.420	0.546
CDK1	MAPK14	9606.ENSP00000378699	9606.ENSP00000229795	0	0	0.095	0.823	0.060	0.131	0	0.465	0.552
CDK1	CDK7	9606.ENSP00000378699	9606.ENSP00000256443	0	0	0.066	0.916	0.098	0.722	0.900	0.158	0.976
CDK1	MDM2	9606.ENSP00000378699	9606.ENSP00000258149	0	0	0	0	0	0	0.400	0.728	0.829
CDK1	KIF11	9606.ENSP00000378699	9606.ENSP00000260731	0	0	0	0	0.858	0.364	0	0.869	0.987
CDK1	ITGAV	9606.ENSP00000378699	9606.ENSP00000261023	0	0	0	0	0.048	0	0	0.399	0.403
CDK1	PKMYT1	9606.ENSP00000378699	9606.ENSP00000262300	0	0	0.118	0.665	0.380	0.904	0.900	0.298	0.995
CDK1	EP300	9606.ENSP00000378699	9606.ENSP00000263253	0	0	0	0	0.067	0.321	0	0.602	0.726
CDK1	ICAM1	9606.ENSP00000378699	9606.ENSP00000264832	0	0	0	0	0	0	0	0.481	0.481
CDK1	CDK2	9606.ENSP00000378699	9606.ENSP00000266970	0	0	0.056	0.968	0.349	0.470	0.400	0.977	0.994
CDK1	ERBB2	9606.ENSP00000378699	9606.ENSP00000269571	0	0	0	0.598	0	0	0	0.517	0.517
CDK1	EGFR	9606.ENSP00000378699	9606.ENSP00000275493	0	0	0	0.618	0.042	0.807	0	0.253	0.849
CDK1	MMP3	9606.ENSP00000378699	9606.ENSP00000299855	0	0	0	0	0.044	0	0	0.411	0.412
CDK1	PLK1	9606.ENSP00000378699	9606.ENSP00000300093	0	0	0	0.624	0.814	0.150	0.900	0.660	0.993
CDK1	MAP2K1	9606.ENSP00000378699	9606.ENSP00000302486	0	0	0.122	0.691	0.111	0.091	0.750	0.222	0.837
CDK1	INSR	9606.ENSP00000378699	9606.ENSP00000303830	0	0	0	0.614	0	0.098	0	0.425	0.459
CDK1	TERT	9606.ENSP00000378699	9606.ENSP00000309572	0	0	0	0	0.101	0	0	0.451	0.485
CDK1	PRKDC	9606.ENSP00000378699	9606.ENSP00000313420	0	0	0	0	0.152	0.058	0	0.467	0.537
CDK1	TYMS	9606.ENSP00000378699	9606.ENSP00000315644	0	0	0	0	0.745	0	0	0.418	0.846
CDK1	GSK3B	9606.ENSP00000378699	9606.ENSP00000324806	0	0	0	0.798	0.042	0.098	0	0.461	0.493
CDK1	PSEN1	9606.ENSP00000378699	9606.ENSP00000326366	0	0	0	0	0.044	0	0	0.475	0.476
CDK1	HSP90AA1	9606.ENSP00000378699	9606.ENSP00000335153	0	0	0	0	0.112	0.358	0	0.855	0.910
CDK1	HMGB1	9606.ENSP00000378699	9606.ENSP00000345347	0	0	0	0	0.209	0.299	0	0.133	0.478
CDK1	FYN	9606.ENSP00000378699	9606.ENSP00000346671	0	0	0	0.624	0.060	0.334	0	0.155	0.425
CDK1	DNMT1	9606.ENSP00000378699	9606.ENSP00000352516	0	0	0	0	0.292	0.066	0	0.414	0.579
CDK1	STAT1	9606.ENSP00000378699	9606.ENSP00000354394	0	0	0	0	0.094	0.093	0	0.348	0.417
CDK1	MTOR	9606.ENSP00000378699	9606.ENSP00000354558	0	0	0	0	0.055	0.068	0	0.495	0.517
CDK1	PARP1	9606.ENSP00000378699	9606.ENSP00000355759	0	0	0	0	0.173	0	0	0.637	0.687
CDK1	NEK2	9606.ENSP00000378699	9606.ENSP00000355966	0	0	0.130	0.733	0.832	0	0	0.493	0.919
CDK1	MDM4	9606.ENSP00000378699	9606.ENSP00000356150	0	0	0	0	0	0.510	0	0.346	0.666
CDK1	MCL1	9606.ENSP00000378699	9606.ENSP00000358022	0	0	0	0	0.047	0	0	0.789	0.790
CDK1	XIAP	9606.ENSP00000378699	9606.ENSP00000360242	0	0	0	0	0.208	0.292	0	0.454	0.667
CDK1	HSP90AB1	9606.ENSP00000378699	9606.ENSP00000360609	0	0	0	0	0.095	0.131	0	0.777	0.809
CDK1	PTPN1	9606.ENSP00000378699	9606.ENSP00000360683	0	0	0	0	0.066	0.328	0	0.248	0.488
CDK1	MMP9	9606.ENSP00000378699	9606.ENSP00000361405	0	0	0	0	0.056	0	0	0.620	0.625
CDK1	KDM4A	9606.ENSP00000378699	9606.ENSP00000361473	0	0	0	0	0	0.292	0	0.192	0.403
CDK1	HDAC1	9606.ENSP00000378699	9606.ENSP00000362649	0	0	0	0	0.083	0.091	0.500	0.662	0.840
CDK1	SRC	9606.ENSP00000378699	9606.ENSP00000362680	0	0	0	0.644	0.060	0.334	0	0.499	0.659
CDK1	FGR	9606.ENSP00000378699	9606.ENSP00000363117	0	0	0	0.626	0.060	0.454	0	0.109	0.503
CDK1	HCK	9606.ENSP00000378699	9606.ENSP00000365012	0	0	0	0.618	0.060	0.098	0	0.422	0.468
CDK1	HDAC6	9606.ENSP00000378699	9606.ENSP00000365804	0	0	0	0	0	0.315	0	0.360	0.543
CDK1	RPS6KA3	9606.ENSP00000378699	9606.ENSP00000368884	0	0	0	0.686	0.050	0	0	0.470	0.474
CDK1	CHEK2	9606.ENSP00000378699	9606.ENSP00000372023	0	0	0.089	0.713	0.157	0.305	0	0.470	0.679
CDK1	TYRP1	9606.ENSP00000378699	9606.ENSP00000373570	0	0	0	0	0.103	0.092	0	0.906	0.916
CDK1	PTPN6	9606.ENSP00000378699	9606.ENSP00000391592	0	0	0	0	0.074	0.328	0	0.145	0.422
CDK1	TNF	9606.ENSP00000378699	9606.ENSP00000398698	0	0	0	0	0.074	0	0	0.409	0.429
CDK1	CDK5	9606.ENSP00000378699	9606.ENSP00000419782	0	0	0.059	0.952	0.056	0.095	0	0.408	0.461
CDK1	HDAC2	9606.ENSP00000378699	9606.ENSP00000430432	0	0	0	0	0.118	0.091	0	0.387	0.465
CDK1	CXCR4	9606.ENSP00000378699	9606.ENSP00000386884	0	0	0	0	0.047	0	0	0.530	0.532
CDK1	ESR1	9606.ENSP00000378699	9606.ENSP00000405330	0	0	0	0	0	0.099	0	0.515	0.544
CDK1	DHFR	9606.ENSP00000378699	9606.ENSP00000396308	0	0	0	0	0.375	0	0	0.342	0.571
CDK1	RELA	9606.ENSP00000378699	9606.ENSP00000384273	0	0	0	0	0.069	0.092	0	0.549	0.586
CDK1	LYN	9606.ENSP00000378699	9606.ENSP00000428924	0	0	0	0.631	0.060	0.728	0	0.602	0.889
CDK1	TOP2A	9606.ENSP00000378699	9606.ENSP00000411532	0	0	0	0	0.960	0.053	0	0.943	0.997
CDK1	WEE1	9606.ENSP00000378699	9606.ENSP00000402084	0	0	0	0	0.181	0.731	0.900	0.957	0.998
CDK2	SIRT1	9606.ENSP00000266970	9606.ENSP00000212015	0	0.006	0	0	0	0.312	0	0.472	0.621
CDK2	CSNK2A1	9606.ENSP00000266970	9606.ENSP00000217244	0	0	0	0.774	0.084	0.200	0	0.428	0.545
CDK2	MMP2	9606.ENSP00000266970	9606.ENSP00000219070	0	0	0	0	0	0	0	0.479	0.479
CDK2	NFKB1	9606.ENSP00000266970	9606.ENSP00000226574	0	0	0	0	0.071	0.116	0	0.466	0.523
CDK2	MAPK14	9606.ENSP00000266970	9606.ENSP00000229795	0	0	0.082	0.852	0.062	0.131	0	0.462	0.543
CDK2	SIRT2	9606.ENSP00000266970	9606.ENSP00000249396	0	0.003	0	0	0	0.312	0	0.289	0.490
CDK2	CDK7	9606.ENSP00000266970	9606.ENSP00000256443	0	0	0.064	0.924	0.069	0.910	0.900	0.156	0.992
CDK2	CDK4	9606.ENSP00000266970	9606.ENSP00000257904	0	0	0.084	0.908	0.138	0	0.900	0.983	0.998
CDK2	MDM2	9606.ENSP00000266970	9606.ENSP00000258149	0	0	0	0	0	0	0.400	0.759	0.849
CDK2	KIF11	9606.ENSP00000266970	9606.ENSP00000260731	0	0	0	0	0.383	0.139	0	0.619	0.780
CDK2	PKMYT1	9606.ENSP00000266970	9606.ENSP00000262300	0	0	0.112	0.676	0.191	0.314	0	0.229	0.570
CDK2	EP300	9606.ENSP00000266970	9606.ENSP00000263253	0	0	0	0	0.069	0.795	0	0.640	0.925
CDK2	TYR	9606.ENSP00000266970	9606.ENSP00000263321	0	0	0	0	0.149	0.092	0	0.312	0.423
CDK2	KAT2B	9606.ENSP00000266970	9606.ENSP00000263754	0	0	0	0	0	0.328	0	0.402	0.581
CDK2	KDR	9606.ENSP00000266970	9606.ENSP00000263923	0	0	0	0.601	0.051	0	0	0.426	0.432
CDK2	PIK3CA	9606.ENSP00000266970	9606.ENSP00000263967	0	0	0	0	0	0	0	0.448	0.448
CDK2	TOP1	9606.ENSP00000266970	9606.ENSP00000354522	0	0	0	0	0.064	0.075	0	0.363	0.401
CDK2	JAK3	9606.ENSP00000266970	9606.ENSP00000432511	0	0	0	0.631	0.110	0.098	0	0.325	0.411
CDK2	LYN	9606.ENSP00000266970	9606.ENSP00000428924	0	0	0	0.666	0.060	0.334	0	0.139	0.414
CDK2	STAT1	9606.ENSP00000266970	9606.ENSP00000354394	0	0	0	0	0.062	0.093	0	0.370	0.417
CDK2	CYP19A1	9606.ENSP00000266970	9606.ENSP00000379683	0	0	0	0	0.070	0	0	0.403	0.421
CDK2	DRD2	9606.ENSP00000266970	9606.ENSP00000354859	0	0	0	0	0.087	0	0	0.397	0.426
CDK2	PPARG	9606.ENSP00000266970	9606.ENSP00000287820	0	0	0	0	0	0.045	0	0.428	0.431
CDK2	F2	9606.ENSP00000266970	9606.ENSP00000308541	0	0	0	0	0.107	0	0	0.392	0.433
CDK2	RELA	9606.ENSP00000266970	9606.ENSP00000384273	0	0	0	0	0.087	0.092	0	0.373	0.435
CDK2	ROCK1	9606.ENSP00000266970	9606.ENSP00000382697	0	0	0	0.637	0.089	0.098	0	0.371	0.439
CDK2	NEK2	9606.ENSP00000266970	9606.ENSP00000355966	0	0	0.136	0.708	0.274	0	0	0.186	0.445
CDK2	HDAC2	9606.ENSP00000266970	9606.ENSP00000430432	0	0	0	0	0.058	0.091	0	0.405	0.446
CDK2	DPP4	9606.ENSP00000266970	9606.ENSP00000353731	0	0	0	0	0	0	0	0.450	0.450
CDK2	IMPDH2	9606.ENSP00000266970	9606.ENSP00000321584	0	0	0	0	0.100	0.302	0	0.202	0.455
CDK2	MAPK8	9606.ENSP00000266970	9606.ENSP00000378974	0	0	0.085	0.830	0.049	0.065	0	0.422	0.467
CDK2	TNF	9606.ENSP00000266970	9606.ENSP00000398698	0	0	0	0	0.074	0	0	0.471	0.489
CDK2	TYK2	9606.ENSP00000266970	9606.ENSP00000431885	0	0	0	0.665	0.117	0.098	0	0.414	0.493
CDK2	MAPK11	9606.ENSP00000266970	9606.ENSP00000333685	0	0	0.084	0.850	0	0.131	0	0.415	0.494
CDK2	DHFR	9606.ENSP00000266970	9606.ENSP00000396308	0	0	0	0	0.160	0	0	0.437	0.507
CDK2	PRKDC	9606.ENSP00000266970	9606.ENSP00000313420	0	0	0	0	0.118	0.091	0	0.439	0.511
CDK2	JAK1	9606.ENSP00000266970	9606.ENSP00000499900	0	0	0	0.677	0.117	0.098	0	0.443	0.518
CDK2	DNMT1	9606.ENSP00000266970	9606.ENSP00000352516	0	0	0	0	0.159	0.065	0	0.449	0.529
CDK2	NTRK1	9606.ENSP00000266970	9606.ENSP00000431418	0	0	0.103	0.624	0	0.115	0	0.462	0.536
CDK2	MMP9	9606.ENSP00000266970	9606.ENSP00000361405	0	0	0	0	0	0	0	0.566	0.566
CDK2	EGFR	9606.ENSP00000266970	9606.ENSP00000275493	0	0	0	0.622	0.042	0	0	0.565	0.566
CDK2	LRRK2	9606.ENSP00000266970	9606.ENSP00000298910	0	0	0	0.604	0.053	0.544	0	0.094	0.574
CDK2	HDAC1	9606.ENSP00000266970	9606.ENSP00000362649	0	0	0	0	0.140	0.091	0	0.500	0.575
CDK2	MTOR	9606.ENSP00000266970	9606.ENSP00000354558	0	0	0	0	0.062	0.068	0	0.563	0.585
CDK2	CHEK2	9606.ENSP00000266970	9606.ENSP00000372023	0	0	0.103	0.677	0.102	0.305	0	0.352	0.589
CDK2	PTGS2	9606.ENSP00000266970	9606.ENSP00000356438	0	0	0	0	0	0	0	0.598	0.598
CDK2	XIAP	9606.ENSP00000266970	9606.ENSP00000360242	0	0	0	0	0.212	0	0	0.513	0.600
CDK2	MCL1	9606.ENSP00000266970	9606.ENSP00000358022	0	0	0	0	0.058	0	0	0.594	0.602
CDK2	GRB2	9606.ENSP00000266970	9606.ENSP00000376345	0	0	0	0	0.086	0	0	0.588	0.608
CDK2	TYMS	9606.ENSP00000266970	9606.ENSP00000315644	0	0	0	0	0.358	0	0	0.457	0.636
CDK2	TERT	9606.ENSP00000266970	9606.ENSP00000309572	0	0	0	0	0.074	0	0.400	0.485	0.689
CDK2	PARP1	9606.ENSP00000266970	9606.ENSP00000355759	0	0	0	0	0.116	0.075	0	0.668	0.705
CDK2	ESR1	9606.ENSP00000266970	9606.ENSP00000405330	0	0	0	0	0	0.294	0	0.612	0.714
CDK2	CDK5R1	9606.ENSP00000266970	9606.ENSP00000318486	0	0	0	0	0	0.591	0	0.386	0.738
CDK2	HSP90AB1	9606.ENSP00000266970	9606.ENSP00000360609	0	0	0	0	0.098	0.272	0	0.634	0.739
CDK2	PLK1	9606.ENSP00000266970	9606.ENSP00000300093	0	0	0	0.628	0.368	0.150	0	0.558	0.742
CDK2	GSK3B	9606.ENSP00000266970	9606.ENSP00000324806	0	0	0	0.827	0.044	0.098	0	0.755	0.770
CDK2	HSP90AA1	9606.ENSP00000266970	9606.ENSP00000335153	0	0	0	0	0.077	0.272	0	0.725	0.799
CDK2	TOP2A	9606.ENSP00000266970	9606.ENSP00000411532	0	0	0	0	0.483	0.053	0	0.627	0.801
CDK2	PGR	9606.ENSP00000266970	9606.ENSP00000325120	0	0	0	0	0	0.512	0	0.650	0.822
CDK2	CDK5	9606.ENSP00000266970	9606.ENSP00000419782	0	0	0.056	0.958	0.058	0.440	0	0.873	0.928
CDK2	WEE1	9606.ENSP00000266970	9606.ENSP00000402084	0	0	0	0.585	0.192	0.649	0.800	0.800	0.987
CDK4	SIRT1	9606.ENSP00000257904	9606.ENSP00000212015	0	0	0	0	0	0.069	0	0.478	0.493
CDK4	MMP2	9606.ENSP00000257904	9606.ENSP00000219070	0	0	0	0	0	0	0	0.506	0.506
CDK4	RIPK2	9606.ENSP00000257904	9606.ENSP00000220751	0	0	0.265	0	0.101	0.098	0	0.146	0.423
CDK4	NFKB1	9606.ENSP00000257904	9606.ENSP00000226574	0	0	0	0	0.073	0.116	0	0.674	0.710
CDK4	MAPK14	9606.ENSP00000257904	9606.ENSP00000229795	0	0	0.103	0.786	0.049	0.252	0	0.309	0.501
CDK4	NR3C1	9606.ENSP00000257904	9606.ENSP00000231509	0	0	0	0	0.042	0.045	0	0.579	0.581
CDK4	CDK7	9606.ENSP00000257904	9606.ENSP00000256443	0	0	0.080	0.854	0.062	0.476	0.400	0.185	0.739
CDK4	PTGS2	9606.ENSP00000257904	9606.ENSP00000356438	0	0	0	0	0	0	0	0.418	0.418
CDK4	MAP2K1	9606.ENSP00000257904	9606.ENSP00000302486	0	0	0.124	0.643	0.106	0.091	0	0.285	0.424
CDK4	MET	9606.ENSP00000257904	9606.ENSP00000317272	0	0	0	0.607	0.050	0.238	0	0.272	0.427
CDK4	PPARG	9606.ENSP00000257904	9606.ENSP00000287820	0	0	0	0	0	0.045	0	0.426	0.429
CDK4	EP300	9606.ENSP00000257904	9606.ENSP00000263253	0	0	0	0	0.067	0	0	0.418	0.434
CDK4	PRKAA1	9606.ENSP00000257904	9606.ENSP00000346148	0	0	0.104	0.663	0.077	0.331	0	0.098	0.435
CDK4	PIK3R1	9606.ENSP00000257904	9606.ENSP00000428056	0	0	0	0	0.042	0	0	0.448	0.448
CDK4	PTPN11	9606.ENSP00000257904	9606.ENSP00000489597	0	0	0	0	0.081	0.091	0	0.394	0.450
CDK4	TYR	9606.ENSP00000257904	9606.ENSP00000263321	0	0	0	0	0.071	0.092	0	0.400	0.450
CDK4	CDK5R1	9606.ENSP00000257904	9606.ENSP00000318486	0	0	0	0	0	0.292	0	0.261	0.454
CDK4	HDAC2	9606.ENSP00000257904	9606.ENSP00000430432	0	0	0	0	0.086	0.091	0	0.402	0.459
CDK4	DHFR	9606.ENSP00000257904	9606.ENSP00000396308	0	0	0	0	0.130	0	0	0.405	0.461
CDK4	TNF	9606.ENSP00000257904	9606.ENSP00000398698	0	0	0	0	0.086	0	0	0.452	0.477
CDK4	PDGFRB	9606.ENSP00000257904	9606.ENSP00000261799	0	0	0	0.608	0.051	0	0	0.500	0.505
CDK4	PRKDC	9606.ENSP00000257904	9606.ENSP00000313420	0	0	0	0	0.068	0.205	0	0.391	0.509
CDK4	JAK3	9606.ENSP00000257904	9606.ENSP00000432511	0	0	0	0.612	0.110	0.398	0	0.174	0.519
CDK4	GRB2	9606.ENSP00000257904	9606.ENSP00000376345	0	0	0	0	0.108	0	0	0.497	0.532
CDK4	ERBB2	9606.ENSP00000257904	9606.ENSP00000269571	0	0	0	0.594	0	0.315	0	0.350	0.536
CDK4	LYN	9606.ENSP00000257904	9606.ENSP00000428924	0	0	0	0.599	0.060	0.193	0.400	0.119	0.546
CDK4	PKMYT1	9606.ENSP00000257904	9606.ENSP00000262300	0	0	0.132	0.619	0.163	0.314	0	0.196	0.546
CDK4	GUSB	9606.ENSP00000257904	9606.ENSP00000302728	0	0	0	0	0.094	0.469	0	0.139	0.549
CDK4	TYMS	9606.ENSP00000257904	9606.ENSP00000315644	0	0	0	0	0.303	0	0	0.395	0.560
CDK4	MMP9	9606.ENSP00000257904	9606.ENSP00000361405	0	0	0	0	0	0	0	0.563	0.563
CDK4	JAK2	9606.ENSP00000257904	9606.ENSP00000371067	0	0	0	0.628	0.110	0.098	0.400	0.215	0.571
CDK4	PGR	9606.ENSP00000257904	9606.ENSP00000325120	0	0	0	0	0	0.045	0	0.577	0.578
CDK4	PIK3CB	9606.ENSP00000257904	9606.ENSP00000501150	0	0	0	0	0	0	0	0.581	0.581
CDK4	WEE1	9606.ENSP00000257904	9606.ENSP00000402084	0	0	0	0.581	0.130	0.314	0	0.363	0.586
CDK4	KIF11	9606.ENSP00000257904	9606.ENSP00000260731	0	0	0	0	0.327	0.139	0	0.345	0.588
CDK4	SRC	9606.ENSP00000257904	9606.ENSP00000362680	0	0	0	0.594	0.087	0.098	0.400	0.271	0.592
CDK4	RELA	9606.ENSP00000257904	9606.ENSP00000384273	0	0	0	0	0.105	0.329	0	0.378	0.594
CDK4	XIAP	9606.ENSP00000257904	9606.ENSP00000360242	0	0	0	0	0.210	0	0	0.510	0.597
CDK4	MCL1	9606.ENSP00000257904	9606.ENSP00000358022	0	0	0	0	0.047	0	0	0.595	0.598
CDK4	IGF1R	9606.ENSP00000257904	9606.ENSP00000497069	0	0	0	0.600	0	0.270	0	0.489	0.611
CDK4	CDK9	9606.ENSP00000257904	9606.ENSP00000362361	0	0	0.078	0.834	0.049	0	0.540	0.172	0.621
CDK4	TOP1	9606.ENSP00000257904	9606.ENSP00000354522	0	0	0	0	0.049	0.165	0	0.577	0.635
CDK4	STAT1	9606.ENSP00000257904	9606.ENSP00000354394	0	0	0	0	0.064	0.093	0	0.605	0.635
CDK4	HDAC1	9606.ENSP00000257904	9606.ENSP00000362649	0	0	0	0	0.108	0.246	0	0.502	0.636
CDK4	MTOR	9606.ENSP00000257904	9606.ENSP00000354558	0	0	0	0	0.055	0.068	0	0.628	0.644
CDK4	CHEK2	9606.ENSP00000257904	9606.ENSP00000372023	0	0	0.103	0.631	0.084	0.447	0	0.308	0.644
CDK4	MDM4	9606.ENSP00000257904	9606.ENSP00000356150	0	0	0	0	0	0.191	0	0.580	0.645
CDK4	CYP19A1	9606.ENSP00000257904	9606.ENSP00000379683	0	0	0	0	0.083	0	0	0.648	0.663
CDK4	MC1R	9606.ENSP00000257904	9606.ENSP00000451605	0	0	0	0	0.049	0	0	0.705	0.707
CDK4	PIK3CA	9606.ENSP00000257904	9606.ENSP00000263967	0	0	0	0	0	0	0	0.709	0.709
CDK4	CDK5	9606.ENSP00000257904	9606.ENSP00000419782	0	0	0.077	0.898	0.062	0.071	0	0.682	0.710
CDK4	ESR1	9606.ENSP00000257904	9606.ENSP00000405330	0	0	0	0	0	0.045	0	0.717	0.718
CDK4	DNMT1	9606.ENSP00000257904	9606.ENSP00000352516	0	0	0	0	0.168	0.066	0	0.690	0.738
CDK4	TERT	9606.ENSP00000257904	9606.ENSP00000309572	0	0	0	0	0.067	0.177	0	0.708	0.756
CDK4	PARP1	9606.ENSP00000257904	9606.ENSP00000355759	0	0	0	0	0.194	0	0	0.709	0.756
CDK4	TOP2A	9606.ENSP00000257904	9606.ENSP00000411532	0	0	0	0	0.395	0.053	0	0.636	0.773
CDK4	PLK1	9606.ENSP00000257904	9606.ENSP00000300093	0	0	0	0.618	0.336	0.372	0	0.535	0.789
CDK4	GSK3B	9606.ENSP00000257904	9606.ENSP00000324806	0	0	0	0.727	0.044	0.098	0.750	0.202	0.805
CDK4	MDM2	9606.ENSP00000257904	9606.ENSP00000258149	0	0	0	0	0.042	0	0	0.884	0.884
CDK4	HSP90AA1	9606.ENSP00000257904	9606.ENSP00000335153	0	0	0	0	0.100	0.861	0	0.989	0.998
CDK4	HSP90AB1	9606.ENSP00000257904	9606.ENSP00000360609	0	0	0	0	0.165	0.962	0	0.991	0.999
CDK5	SIRT1	9606.ENSP00000419782	9606.ENSP00000212015	0	0	0	0	0	0	0	0.490	0.490
CDK5	CTSD	9606.ENSP00000419782	9606.ENSP00000236671	0	0	0	0	0.072	0	0	0.479	0.496
CDK5	HDAC4	9606.ENSP00000419782	9606.ENSP00000264606	0	0	0	0	0	0.292	0	0.342	0.514
CDK5	EGFR	9606.ENSP00000419782	9606.ENSP00000275493	0	0	0	0.616	0.047	0.170	0	0.463	0.538
CDK5	EPHA4	9606.ENSP00000419782	9606.ENSP00000281821	0	0	0	0.611	0	0.045	0	0.487	0.489
CDK5	PPARG	9606.ENSP00000419782	9606.ENSP00000287820	0	0	0	0	0.067	0.735	0	0.665	0.909
CDK5	HMGCR	9606.ENSP00000419782	9606.ENSP00000287936	0	0	0	0	0	0	0	0.516	0.516
CDK5	NCSTN	9606.ENSP00000419782	9606.ENSP00000294785	0	0	0	0	0.049	0	0	0.601	0.604
CDK5	LRRK2	9606.ENSP00000419782	9606.ENSP00000298910	0	0	0	0.587	0	0.512	0	0.177	0.581
CDK5	CDK5R1	9606.ENSP00000419782	9606.ENSP00000318486	0	0	0	0	0.049	0.996	0.900	0.998	0.999
CDK5	GSK3B	9606.ENSP00000419782	9606.ENSP00000324806	0	0	0	0.817	0.049	0.294	0.400	0.183	0.627
CDK5	PSEN1	9606.ENSP00000419782	9606.ENSP00000326366	0	0	0	0	0.049	0	0	0.852	0.853
CDK5	HSP90AA1	9606.ENSP00000419782	9606.ENSP00000335153	0	0	0	0	0.075	0.186	0	0.398	0.507
CDK5	CTSB	9606.ENSP00000419782	9606.ENSP00000345672	0	0	0	0	0.048	0	0	0.439	0.443
CDK5	FYN	9606.ENSP00000419782	9606.ENSP00000346671	0	0	0	0.641	0	0.095	0.900	0.508	0.951
CDK5	DNMT1	9606.ENSP00000419782	9606.ENSP00000352516	0	0	0	0	0.049	0.292	0	0.528	0.654
CDK5	TOP1	9606.ENSP00000419782	9606.ENSP00000354522	0	0	0	0	0.049	0	0	0.442	0.446
CDK5	PSEN2	9606.ENSP00000419782	9606.ENSP00000355747	0	0	0	0	0.072	0	0	0.711	0.720
CDK5	HSP90AB1	9606.ENSP00000419782	9606.ENSP00000360609	0	0	0	0	0.067	0.186	0	0.387	0.494
CDK5	HDAC1	9606.ENSP00000419782	9606.ENSP00000362649	0	0	0	0	0.047	0	0	0.410	0.414
CDK5	HDAC6	9606.ENSP00000419782	9606.ENSP00000365804	0	0	0	0	0.042	0	0	0.450	0.451
CDK5	EPHB2	9606.ENSP00000419782	9606.ENSP00000383053	0	0	0	0.613	0.064	0.045	0	0.432	0.447
CDK5	PTPN11	9606.ENSP00000419782	9606.ENSP00000489597	0	0	0	0	0.049	0.052	0	0.393	0.404
CDK5	NOS1	9606.ENSP00000419782	9606.ENSP00000477999	0	0	0	0	0	0	0	0.543	0.543
CDK5	PSENEN	9606.ENSP00000419782	9606.ENSP00000468411	0	0	0	0	0.130	0	0	0.508	0.554
CDK5	GRIN2B	9606.ENSP00000419782	9606.ENSP00000477455	0	0	0	0	0	0	0	0.800	0.800
CDK5R1	WEE1	9606.ENSP00000318486	9606.ENSP00000402084	0	0	0	0	0	0	0	0.404	0.404
CDK5R1	DRD2	9606.ENSP00000318486	9606.ENSP00000354859	0	0	0	0	0.103	0.045	0	0.381	0.423
CDK5R1	CDK9	9606.ENSP00000318486	9606.ENSP00000362361	0	0	0	0	0.049	0.292	0	0.230	0.436
CDK5R1	FYN	9606.ENSP00000318486	9606.ENSP00000346671	0	0	0	0	0.058	0.045	0.500	0.154	0.568
CDK5R1	GSK3B	9606.ENSP00000318486	9606.ENSP00000324806	0	0	0	0	0.049	0.331	0.400	0.327	0.708
CDK7	MAPK14	9606.ENSP00000256443	9606.ENSP00000229795	0	0	0	0.789	0.048	0.071	0	0.399	0.422
CDK7	PLK1	9606.ENSP00000256443	9606.ENSP00000300093	0	0	0	0.641	0.049	0	0	0.407	0.412
CDK7	MAP2K2	9606.ENSP00000256443	9606.ENSP00000262948	0	0	0.127	0.662	0.047	0	0	0.422	0.477
CDK7	HSP90AA1	9606.ENSP00000256443	9606.ENSP00000335153	0	0	0	0	0.072	0.330	0	0.260	0.499
CDK7	MCL1	9606.ENSP00000256443	9606.ENSP00000358022	0	0	0	0	0.056	0	0	0.514	0.522
CDK7	WEE1	9606.ENSP00000256443	9606.ENSP00000402084	0	0	0	0	0.044	0	0	0.523	0.524
CDK7	HSP90AB1	9606.ENSP00000256443	9606.ENSP00000360609	0	0	0	0	0.075	0.439	0	0.254	0.579
CDK7	EP300	9606.ENSP00000256443	9606.ENSP00000263253	0	0	0	0	0.047	0	0	0.606	0.608
CDK7	HDAC2	9606.ENSP00000256443	9606.ENSP00000430432	0	0	0	0	0.083	0.292	0	0.511	0.654
CDK7	PARP1	9606.ENSP00000256443	9606.ENSP00000355759	0	0	0	0	0.056	0	0.500	0.423	0.703
CDK7	ESR1	9606.ENSP00000256443	9606.ENSP00000405330	0	0	0	0	0	0.302	0	0.647	0.743
CDK7	CDK9	9606.ENSP00000256443	9606.ENSP00000362361	0	0	0.066	0.848	0.083	0.699	0.900	0.680	0.990
CDK9	CSNK2A1	9606.ENSP00000362361	9606.ENSP00000217244	0	0	0	0.668	0.053	0.422	0	0.106	0.467
CDK9	NFKB1	9606.ENSP00000362361	9606.ENSP00000226574	0	0	0	0	0.083	0	0	0.574	0.592
CDK9	MDM2	9606.ENSP00000362361	9606.ENSP00000258149	0	0	0	0	0.043	0.292	0	0.510	0.639
CDK9	EP300	9606.ENSP00000362361	9606.ENSP00000263253	0	0	0	0	0.056	0.074	0	0.711	0.725
CDK9	KAT2B	9606.ENSP00000362361	9606.ENSP00000263754	0	0	0	0	0.049	0	0	0.522	0.526
CDK9	PRKDC	9606.ENSP00000362361	9606.ENSP00000313420	0	0	0	0	0.067	0.475	0	0.228	0.588
CDK9	HSP90AA1	9606.ENSP00000362361	9606.ENSP00000335153	0	0	0	0	0.054	0.698	0	0.621	0.882
CDK9	STAT1	9606.ENSP00000362361	9606.ENSP00000354394	0	0	0	0	0.050	0.292	0	0.246	0.448
CDK9	PARP1	9606.ENSP00000362361	9606.ENSP00000355759	0	0	0	0	0.063	0.301	0	0.471	0.624
CDK9	MCL1	9606.ENSP00000362361	9606.ENSP00000358022	0	0	0	0	0.049	0	0	0.632	0.635
CDK9	XIAP	9606.ENSP00000362361	9606.ENSP00000360242	0	0	0	0	0.054	0	0	0.418	0.425
CDK9	HSP90AB1	9606.ENSP00000362361	9606.ENSP00000360609	0	0	0	0	0.055	0.663	0	0.352	0.776
CDK9	HDAC1	9606.ENSP00000362361	9606.ENSP00000362649	0	0	0	0	0.097	0	0	0.412	0.446
CDK9	CSNK2B	9606.ENSP00000362361	9606.ENSP00000365042	0	0	0	0	0.056	0.421	0	0.097	0.463
CDK9	CXCR4	9606.ENSP00000362361	9606.ENSP00000386884	0	0	0	0	0.044	0.292	0	0.296	0.482
CDK9	HDAC2	9606.ENSP00000362361	9606.ENSP00000430432	0	0	0	0	0.062	0	0	0.525	0.536
CDK9	ESR1	9606.ENSP00000362361	9606.ENSP00000405330	0	0	0	0	0	0	0.500	0.369	0.671
CDK9	RELA	9606.ENSP00000362361	9606.ENSP00000384273	0	0	0	0	0.169	0.297	0	0.744	0.837
CES1	MPO	9606.ENSP00000353720	9606.ENSP00000225275	0	0	0	0	0.054	0.045	0.900	0.406	0.939
CES1	FAAH	9606.ENSP00000353720	9606.ENSP00000243167	0	0	0	0	0.042	0	0	0.418	0.419
CES1	LIPE	9606.ENSP00000353720	9606.ENSP00000244289	0.043	0	0	0	0.060	0	0	0.777	0.782
CES1	CYP2C9	9606.ENSP00000353720	9606.ENSP00000260682	0	0	0	0	0.055	0.086	0	0.488	0.520
CES1	MGLL	9606.ENSP00000353720	9606.ENSP00000265052	0	0	0	0	0.049	0	0	0.807	0.808
CES1	GUSB	9606.ENSP00000353720	9606.ENSP00000302728	0	0	0	0	0	0.292	0.900	0.755	0.981
CES1	NR1I2	9606.ENSP00000353720	9606.ENSP00000336528	0	0	0	0	0.080	0	0	0.411	0.435
CES1	CYP1A2	9606.ENSP00000353720	9606.ENSP00000342007	0	0	0	0	0.086	0.054	0	0.458	0.491
CES1	CYP2D6	9606.ENSP00000353720	9606.ENSP00000496150	0	0	0	0	0.055	0.070	0	0.449	0.474
CES1	PPARA	9606.ENSP00000353720	9606.ENSP00000385523	0	0	0	0	0.045	0	0	0.546	0.548
CES1	CYP2C19	9606.ENSP00000353720	9606.ENSP00000360372	0	0	0	0	0.055	0.086	0	0.529	0.557
CES1	CES2	9606.ENSP00000353720	9606.ENSP00000499140	0	0	0.082	0.916	0.044	0	0.900	0.433	0.943
CES1	CYP3A4	9606.ENSP00000353720	9606.ENSP00000498939	0	0.029	0	0	0.055	0	0.900	0.591	0.958
CES2	CYP2C9	9606.ENSP00000499140	9606.ENSP00000260682	0	0	0	0	0.061	0.086	0	0.392	0.434
CES2	GUSB	9606.ENSP00000499140	9606.ENSP00000302728	0	0	0	0	0.060	0	0.900	0.268	0.925
CES2	NR1I2	9606.ENSP00000499140	9606.ENSP00000336528	0	0	0	0	0.067	0	0	0.403	0.420
CES2	CYP2C19	9606.ENSP00000499140	9606.ENSP00000360372	0	0	0	0	0.068	0.086	0	0.382	0.428
CES2	CYP3A4	9606.ENSP00000499140	9606.ENSP00000498939	0	0.025	0	0	0.096	0	0.900	0.518	0.952
CHEK2	SIRT1	9606.ENSP00000372023	9606.ENSP00000212015	0	0	0	0	0	0.387	0	0.662	0.784
CHEK2	MAPK1	9606.ENSP00000372023	9606.ENSP00000215832	0	0	0	0.675	0.056	0.612	0	0.154	0.663
CHEK2	NFKB1	9606.ENSP00000372023	9606.ENSP00000226574	0	0	0	0	0	0.292	0	0.352	0.521
CHEK2	SIRT2	9606.ENSP00000372023	9606.ENSP00000249396	0	0	0	0	0	0.132	0	0.375	0.435
CHEK2	MDM2	9606.ENSP00000372023	9606.ENSP00000258149	0	0	0	0	0.049	0.625	0.750	0.837	0.983
CHEK2	KIF11	9606.ENSP00000372023	9606.ENSP00000260731	0	0	0	0	0.193	0.476	0	0.214	0.638
CHEK2	PKMYT1	9606.ENSP00000372023	9606.ENSP00000262300	0	0	0	0.572	0.092	0.767	0	0.246	0.826
CHEK2	EP300	9606.ENSP00000372023	9606.ENSP00000263253	0	0	0	0	0	0	0	0.400	0.400
CHEK2	KAT2B	9606.ENSP00000372023	9606.ENSP00000263754	0	0	0	0	0	0.313	0	0.313	0.508
CHEK2	PIK3CA	9606.ENSP00000372023	9606.ENSP00000263967	0	0	0	0	0.059	0	0	0.507	0.516
CHEK2	ERBB2	9606.ENSP00000372023	9606.ENSP00000269571	0	0	0	0.557	0.049	0.225	0	0.281	0.423
CHEK2	PLK1	9606.ENSP00000372023	9606.ENSP00000300093	0	0	0	0.613	0.181	0.726	0	0.590	0.900
CHEK2	TERT	9606.ENSP00000372023	9606.ENSP00000309572	0	0	0	0	0.116	0.088	0	0.517	0.576
CHEK2	PRKDC	9606.ENSP00000372023	9606.ENSP00000313420	0	0	0	0	0.063	0.553	0	0.861	0.937
CHEK2	PGR	9606.ENSP00000372023	9606.ENSP00000325120	0	0	0	0	0.092	0	0	0.472	0.501
CHEK2	HSP90AA1	9606.ENSP00000372023	9606.ENSP00000335153	0	0	0	0	0.049	0.071	0	0.401	0.425
CHEK2	TOP1	9606.ENSP00000372023	9606.ENSP00000354522	0	0	0	0	0.050	0	0	0.564	0.568
CHEK2	MTOR	9606.ENSP00000372023	9606.ENSP00000354558	0	0	0	0	0.049	0.127	0	0.406	0.464
CHEK2	PARP1	9606.ENSP00000372023	9606.ENSP00000355759	0	0	0	0	0.116	0	0	0.755	0.775
CHEK2	MDM4	9606.ENSP00000372023	9606.ENSP00000356150	0	0	0	0	0.042	0.292	0.750	0.583	0.920
CHEK2	MCL1	9606.ENSP00000372023	9606.ENSP00000358022	0	0	0	0	0	0	0	0.419	0.418
CHEK2	HSP90AB1	9606.ENSP00000372023	9606.ENSP00000360609	0	0	0	0	0.057	0.071	0	0.398	0.427
CHEK2	HDAC1	9606.ENSP00000372023	9606.ENSP00000362649	0	0	0	0	0.056	0.132	0	0.384	0.451
CHEK2	HDAC2	9606.ENSP00000372023	9606.ENSP00000430432	0	0	0	0	0.063	0.132	0	0.374	0.446
CHEK2	ESR1	9606.ENSP00000372023	9606.ENSP00000405330	0	0	0	0	0	0	0	0.538	0.538
CHEK2	TOP2A	9606.ENSP00000372023	9606.ENSP00000411532	0	0	0	0	0.171	0	0	0.475	0.546
CHEK2	WEE1	9606.ENSP00000372023	9606.ENSP00000402084	0	0	0	0.560	0.099	0.796	0	0.415	0.883
CHRFAM7A	CHRNB4	9606.ENSP00000299847	9606.ENSP00000261751	0	0	0.078	0.845	0	0	0.540	0.077	0.574
CHRFAM7A	CHRNA4	9606.ENSP00000299847	9606.ENSP00000359285	0	0	0.095	0.822	0	0	0.540	0.100	0.592
CHRFAM7A	CHRNA7	9606.ENSP00000299847	9606.ENSP00000407546	0	0	0.048	0.985	0.086	0.929	0.540	0.089	0.969
CHRM1	CHRM3	9606.ENSP00000306490	9606.ENSP00000255380	0	0	0.055	0.949	0.090	0	0.900	0.083	0.910
CHRM1	CHRNB4	9606.ENSP00000306490	9606.ENSP00000261751	0	0	0.215	0	0.063	0	0	0.433	0.547
CHRM1	CHRNA7	9606.ENSP00000306490	9606.ENSP00000407546	0	0	0	0	0	0	0	0.417	0.417
CHRM1	GRIN2B	9606.ENSP00000306490	9606.ENSP00000477455	0	0	0	0	0.157	0	0	0.398	0.471
CHRM1	CHRNA4	9606.ENSP00000306490	9606.ENSP00000359285	0	0	0	0	0.169	0	0	0.438	0.513
CHRM1	HTR2A	9606.ENSP00000306490	9606.ENSP00000437737	0	0	0	0.623	0.120	0	0	0.488	0.530
CHRM1	GRIN1	9606.ENSP00000306490	9606.ENSP00000360608	0	0	0	0	0.450	0	0	0.210	0.547
CHRM1	RELA	9606.ENSP00000306490	9606.ENSP00000384273	0	0	0	0	0	0	0	0.661	0.661
CHRM1	PIK3CG	9606.ENSP00000306490	9606.ENSP00000419260	0	0	0	0	0	0	0.650	0.197	0.707
CHRM1	CHRM5	9606.ENSP00000306490	9606.ENSP00000372750	0	0	0.053	0.947	0.042	0	0.900	0.080	0.905
CHRM1	F2R	9606.ENSP00000306490	9606.ENSP00000321326	0	0	0	0	0	0	0.900	0.110	0.907
CHRM1	CHRM2	9606.ENSP00000306490	9606.ENSP00000399745	0	0	0.059	0.921	0.053	0	0.900	0.095	0.908
CHRM2	DRD4	9606.ENSP00000399745	9606.ENSP00000176183	0	0	0	0.704	0.104	0	0	0.490	0.523
CHRM2	CHRM3	9606.ENSP00000399745	9606.ENSP00000255380	0	0	0.054	0.922	0.083	0	0	0.420	0.453
CHRM2	SLC6A4	9606.ENSP00000399745	9606.ENSP00000261707	0	0	0	0	0.043	0	0	0.683	0.683
CHRM2	CHRNB4	9606.ENSP00000399745	9606.ENSP00000261751	0	0	0	0	0.043	0	0	0.556	0.557
CHRM2	SLC6A3	9606.ENSP00000399745	9606.ENSP00000270349	0	0	0	0	0.043	0	0	0.486	0.487
CHRM2	HTR2C	9606.ENSP00000399745	9606.ENSP00000276198	0	0	0	0.620	0.062	0	0	0.524	0.534
CHRM2	F2R	9606.ENSP00000399745	9606.ENSP00000321326	0	0	0	0	0	0	0.900	0.232	0.919
CHRM2	COMT	9606.ENSP00000399745	9606.ENSP00000354511	0	0	0	0	0	0	0	0.686	0.686
CHRM2	DRD2	9606.ENSP00000399745	9606.ENSP00000354859	0	0	0	0.690	0.063	0	0	0.426	0.439
CHRM2	CHRNA4	9606.ENSP00000399745	9606.ENSP00000359285	0	0	0	0	0.048	0	0	0.470	0.474
CHRM2	SRC	9606.ENSP00000399745	9606.ENSP00000362680	0	0	0	0	0	0	0.500	0.097	0.529
CHRM2	MAOB	9606.ENSP00000399745	9606.ENSP00000367309	0	0	0	0	0	0	0	0.434	0.434
CHRM2	HTR2A	9606.ENSP00000399745	9606.ENSP00000437737	0	0	0	0.610	0.067	0	0	0.477	0.491
CHRM2	PIK3CG	9606.ENSP00000399745	9606.ENSP00000419260	0	0	0	0	0	0	0.650	0.199	0.708
CHRM3	CHRNB4	9606.ENSP00000255380	9606.ENSP00000261751	0	0	0	0	0.055	0	0	0.434	0.442
CHRM3	CHRNA4	9606.ENSP00000255380	9606.ENSP00000359285	0	0	0	0	0.074	0	0	0.465	0.483
CHRM3	HTR2C	9606.ENSP00000255380	9606.ENSP00000276198	0	0	0	0.623	0.098	0	0	0.452	0.484
CHRM3	CHRM5	9606.ENSP00000255380	9606.ENSP00000372750	0	0	0.059	0.940	0	0.322	0.900	0.086	0.933
CHRM5	CHRNB4	9606.ENSP00000372750	9606.ENSP00000261751	0	0	0	0	0.068	0	0	0.463	0.479
CHRM5	CHRNA4	9606.ENSP00000372750	9606.ENSP00000359285	0	0	0	0	0.048	0	0	0.632	0.635
CHRM5	GRIN2B	9606.ENSP00000372750	9606.ENSP00000477455	0	0	0	0	0.086	0	0	0.461	0.487
CHRNA4	DRD4	9606.ENSP00000359285	9606.ENSP00000176183	0	0	0	0	0.073	0	0	0.722	0.732
CHRNA4	LTA4H	9606.ENSP00000359285	9606.ENSP00000228740	0	0	0	0	0	0	0	0.410	0.410
CHRNA4	SLC6A4	9606.ENSP00000359285	9606.ENSP00000261707	0	0	0	0	0	0	0	0.687	0.687
CHRNA4	CHRNB4	9606.ENSP00000359285	9606.ENSP00000261751	0	0	0.080	0.915	0.051	0.126	0.900	0.118	0.920
CHRNA4	SLC6A3	9606.ENSP00000359285	9606.ENSP00000270349	0	0	0	0	0.049	0	0	0.617	0.620
CHRNA4	HTR2C	9606.ENSP00000359285	9606.ENSP00000276198	0	0	0	0	0.105	0	0	0.614	0.640
CHRNA4	HTR1A	9606.ENSP00000359285	9606.ENSP00000316244	0	0	0	0	0.177	0	0	0.340	0.433
CHRNA4	NTRK3	9606.ENSP00000359285	9606.ENSP00000354207	0	0	0	0	0.131	0.043	0	0.403	0.460
CHRNA4	COMT	9606.ENSP00000359285	9606.ENSP00000354511	0	0	0	0	0	0	0	0.517	0.517
CHRNA4	DRD2	9606.ENSP00000359285	9606.ENSP00000354859	0	0	0	0	0.154	0	0	0.584	0.633
CHRNA4	HTR1B	9606.ENSP00000359285	9606.ENSP00000358963	0	0	0	0	0.070	0	0	0.646	0.656
CHRNA4	GRIN1	9606.ENSP00000359285	9606.ENSP00000360608	0	0	0	0	0.308	0	0	0.176	0.406
CHRNA4	CYP2D6	9606.ENSP00000359285	9606.ENSP00000496150	0	0	0	0	0.098	0	0	0.420	0.454
CHRNA4	MAOB	9606.ENSP00000359285	9606.ENSP00000367309	0	0	0	0	0.084	0	0	0.479	0.502
CHRNA4	DRD3	9606.ENSP00000359285	9606.ENSP00000373169	0	0	0	0	0.092	0	0	0.507	0.533
CHRNA4	HTR1D	9606.ENSP00000359285	9606.ENSP00000363748	0	0	0	0	0.044	0	0	0.579	0.580
CHRNA4	GRIN2B	9606.ENSP00000359285	9606.ENSP00000477455	0	0	0	0	0.128	0	0	0.543	0.584
CHRNA4	CXCR3	9606.ENSP00000359285	9606.ENSP00000362795	0	0	0	0	0.594	0	0	0	0.594
CHRNA4	HTR2A	9606.ENSP00000359285	9606.ENSP00000437737	0	0	0	0	0.099	0	0	0.629	0.651
CHRNA4	DRD1	9606.ENSP00000359285	9606.ENSP00000377353	0	0	0	0	0.132	0	0	0.678	0.709
CHRNA4	JAK2	9606.ENSP00000359285	9606.ENSP00000371067	0	0	0	0	0	0.043	0.900	0.073	0.903
CHRNA4	CHRNA7	9606.ENSP00000359285	9606.ENSP00000407546	0	0	0.083	0.853	0.086	0.091	0.900	0.172	0.925
CHRNA7	CHRNB4	9606.ENSP00000407546	9606.ENSP00000261751	0	0	0.071	0.874	0.134	0.100	0.900	0.118	0.924
CHRNA7	GRIN1	9606.ENSP00000407546	9606.ENSP00000360608	0	0	0	0	0.045	0	0	0.455	0.457
CHRNB4	DRD4	9606.ENSP00000261751	9606.ENSP00000176183	0	0	0	0	0.067	0	0	0.479	0.493
CHRNB4	SLC6A4	9606.ENSP00000261751	9606.ENSP00000261707	0	0	0	0	0	0	0	0.557	0.557
CHRNB4	DRD2	9606.ENSP00000261751	9606.ENSP00000354859	0	0	0	0	0.079	0	0	0.477	0.498
CHRNB4	SLC6A3	9606.ENSP00000261751	9606.ENSP00000270349	0	0	0	0	0.061	0	0	0.499	0.509
CHRNB4	HTR2A	9606.ENSP00000261751	9606.ENSP00000437737	0	0	0	0	0	0	0	0.514	0.514
CHRNB4	DRD1	9606.ENSP00000261751	9606.ENSP00000377353	0	0	0	0	0.074	0	0	0.526	0.543
CHRNB4	JAK2	9606.ENSP00000261751	9606.ENSP00000371067	0	0	0	0	0	0.043	0.900	0.046	0.900
CMA1	CTSG	9606.ENSP00000250378	9606.ENSP00000216336	0	0	0.072	0.937	0.178	0	0.400	0.412	0.695
CMA1	MPO	9606.ENSP00000250378	9606.ENSP00000225275	0	0	0	0	0.056	0.044	0	0.542	0.551
CMA1	CTSD	9606.ENSP00000250378	9606.ENSP00000236671	0	0	0	0	0	0.046	0	0.461	0.464
CMA1	PREP	9606.ENSP00000250378	9606.ENSP00000499089	0	0	0	0	0	0	0	0.409	0.409
CMA1	OGA	9606.ENSP00000250378	9606.ENSP00000354850	0	0	0	0	0	0	0	0.435	0.435
CMA1	ENPEP	9606.ENSP00000250378	9606.ENSP00000265162	0	0	0	0	0.044	0.045	0	0.440	0.444
CMA1	PLG	9606.ENSP00000250378	9606.ENSP00000308938	0	0	0.090	0.758	0.053	0	0.400	0.133	0.492
CMA1	MME	9606.ENSP00000250378	9606.ENSP00000418525	0	0	0	0	0.042	0	0	0.497	0.498
CMA1	MMP9	9606.ENSP00000250378	9606.ENSP00000361405	0	0	0	0	0.055	0	0	0.518	0.525
CMA1	TNF	9606.ENSP00000250378	9606.ENSP00000398698	0	0	0	0	0.052	0.066	0	0.519	0.538
CMA1	MMP1	9606.ENSP00000250378	9606.ENSP00000322788	0	0	0	0	0.055	0	0.400	0.262	0.545
CMA1	CTSS	9606.ENSP00000250378	9606.ENSP00000357981	0	0	0	0	0	0	0	0.555	0.555
CMA1	ELANE	9606.ENSP00000250378	9606.ENSP00000466090	0	0	0.153	0.773	0.072	0	0.400	0.205	0.574
CMA1	REN	9606.ENSP00000250378	9606.ENSP00000272190	0	0	0	0	0	0.046	0	0.725	0.727
CMA1	FYN	9606.ENSP00000250378	9606.ENSP00000346671	0	0	0	0	0.087	0.905	0	0.465	0.949
CNR1	MAPK14	9606.ENSP00000358513	9606.ENSP00000229795	0	0	0	0	0.053	0	0	0.414	0.421
CNR1	FAAH	9606.ENSP00000358513	9606.ENSP00000243167	0	0	0	0	0	0	0	0.972	0.972
CNR1	SLC6A4	9606.ENSP00000358513	9606.ENSP00000261707	0	0	0	0	0	0	0	0.489	0.489
CNR1	TRPA1	9606.ENSP00000358513	9606.ENSP00000262209	0	0	0	0	0	0.099	0	0.450	0.483
CNR1	MGLL	9606.ENSP00000358513	9606.ENSP00000265052	0	0	0	0	0	0	0	0.941	0.941
CNR1	SLC6A3	9606.ENSP00000358513	9606.ENSP00000270349	0	0	0	0	0	0	0	0.482	0.482
CNR1	REN	9606.ENSP00000358513	9606.ENSP00000272190	0	0	0	0	0	0	0	0.422	0.422
CNR1	SIGMAR1	9606.ENSP00000358513	9606.ENSP00000277010	0	0	0	0	0	0.043	0	0.603	0.603
CNR1	PPARG	9606.ENSP00000358513	9606.ENSP00000287820	0	0	0	0	0.068	0	0	0.499	0.513
CNR1	GRIA2	9606.ENSP00000358513	9606.ENSP00000296526	0	0	0	0	0.199	0.061	0	0.303	0.430
CNR1	PRKACA	9606.ENSP00000358513	9606.ENSP00000309591	0	0	0	0	0	0	0	0.462	0.462
CNR1	NTRK3	9606.ENSP00000358513	9606.ENSP00000354207	0	0	0	0	0.121	0	0	0.390	0.441
CNR1	COMT	9606.ENSP00000358513	9606.ENSP00000354511	0	0	0	0	0	0	0	0.463	0.463
CNR1	DRD2	9606.ENSP00000358513	9606.ENSP00000354859	0	0	0	0	0.083	0.324	0.900	0.867	0.990
CNR1	PTGS2	9606.ENSP00000358513	9606.ENSP00000356438	0	0	0	0	0	0	0	0.438	0.438
CNR1	GRIN1	9606.ENSP00000358513	9606.ENSP00000360608	0	0	0	0	0.143	0.094	0	0.304	0.413
CNR1	NTRK1	9606.ENSP00000358513	9606.ENSP00000431418	0	0	0	0	0.067	0	0	0.417	0.432
CNR1	GRM2	9606.ENSP00000358513	9606.ENSP00000378492	0	0	0	0	0.118	0	0	0.405	0.453
CNR1	DRD1	9606.ENSP00000358513	9606.ENSP00000377353	0	0	0	0.588	0.101	0	0	0.427	0.462
CNR1	GRIN2B	9606.ENSP00000358513	9606.ENSP00000477455	0	0	0	0	0.107	0.054	0	0.424	0.471
CNR1	PPARA	9606.ENSP00000358513	9606.ENSP00000385523	0	0	0	0	0.068	0	0	0.500	0.514
CNR1	SRC	9606.ENSP00000358513	9606.ENSP00000362680	0	0	0	0	0.047	0	0.500	0.246	0.609
CNR1	HTR2A	9606.ENSP00000358513	9606.ENSP00000437737	0	0	0	0.571	0.099	0.322	0	0.640	0.760
CNR1	TRPV1	9606.ENSP00000358513	9606.ENSP00000459962	0	0	0	0	0.055	0.045	0	0.777	0.781
CNR1	CNR2	9606.ENSP00000358513	9606.ENSP00000363596	0	0	0.063	0.899	0.050	0.573	0.900	0.585	0.981
CNR2	FAAH	9606.ENSP00000363596	9606.ENSP00000243167	0	0	0	0	0.044	0	0	0.886	0.886
CNR2	MGLL	9606.ENSP00000363596	9606.ENSP00000265052	0	0	0	0	0	0	0	0.605	0.605
CNR2	SRC	9606.ENSP00000363596	9606.ENSP00000362680	0	0	0	0	0.047	0	0.500	0.123	0.545
CNR2	GPBAR1	9606.ENSP00000363596	9606.ENSP00000430886	0	0	0.360	0	0.067	0	0	0.107	0.420
CNR2	TRPV1	9606.ENSP00000363596	9606.ENSP00000459962	0	0	0	0	0.055	0.045	0	0.591	0.599
COMT	DRD4	9606.ENSP00000354511	9606.ENSP00000176183	0	0	0	0	0	0	0	0.942	0.942
COMT	SERPINE1	9606.ENSP00000354511	9606.ENSP00000223095	0	0	0	0	0.076	0	0	0.454	0.474
COMT	HSD17B1	9606.ENSP00000354511	9606.ENSP00000225929	0	0	0	0	0	0	0.111	0.504	0.540
COMT	NR3C1	9606.ENSP00000354511	9606.ENSP00000231509	0	0	0	0	0.042	0.059	0	0.549	0.558
COMT	FAAH	9606.ENSP00000354511	9606.ENSP00000243167	0.053	0	0	0	0.080	0	0	0.416	0.447
COMT	CYP2C9	9606.ENSP00000354511	9606.ENSP00000260682	0	0	0	0	0.067	0	0	0.679	0.688
COMT	SLC6A4	9606.ENSP00000354511	9606.ENSP00000261707	0	0	0	0	0	0	0	0.943	0.943
COMT	PNMT	9606.ENSP00000354511	9606.ENSP00000269582	0	0	0	0	0	0	0.900	0.669	0.965
COMT	SLC6A3	9606.ENSP00000354511	9606.ENSP00000270349	0	0	0	0	0	0	0	0.917	0.917
COMT	HTR2C	9606.ENSP00000354511	9606.ENSP00000276198	0	0	0	0	0	0	0	0.573	0.573
COMT	HTR1A	9606.ENSP00000354511	9606.ENSP00000316244	0	0	0	0	0	0	0	0.647	0.647
COMT	MAOA	9606.ENSP00000354511	9606.ENSP00000340684	0	0	0	0	0	0	0.910	0.963	0.996
COMT	CYP1A2	9606.ENSP00000354511	9606.ENSP00000342007	0	0	0	0	0.067	0	0	0.597	0.608
COMT	ESR2	9606.ENSP00000354511	9606.ENSP00000343925	0	0	0	0	0	0.059	0	0.455	0.465
COMT	ITGB3	9606.ENSP00000354511	9606.ENSP00000452786	0	0	0	0	0	0.091	0	0.371	0.403
COMT	ITGB1	9606.ENSP00000354511	9606.ENSP00000379350	0	0	0	0	0.044	0.091	0	0.376	0.410
COMT	TRPV1	9606.ENSP00000354511	9606.ENSP00000459962	0	0	0	0	0	0	0	0.418	0.418
COMT	GRIN2B	9606.ENSP00000354511	9606.ENSP00000477455	0	0	0	0	0	0	0	0.479	0.479
COMT	MME	9606.ENSP00000354511	9606.ENSP00000418525	0	0	0	0	0	0	0	0.489	0.489
COMT	CYP2C19	9606.ENSP00000354511	9606.ENSP00000360372	0	0	0	0	0.067	0	0	0.523	0.536
COMT	GSTP1	9606.ENSP00000354511	9606.ENSP00000381607	0	0	0	0	0.099	0	0	0.525	0.553
COMT	HTR1B	9606.ENSP00000354511	9606.ENSP00000358963	0	0	0	0	0	0	0	0.580	0.580
COMT	ESR1	9606.ENSP00000354511	9606.ENSP00000405330	0	0	0	0	0	0.059	0	0.579	0.587
COMT	CYP17A1	9606.ENSP00000354511	9606.ENSP00000358903	0	0	0	0	0.067	0	0	0.585	0.596
COMT	CYP3A4	9606.ENSP00000354511	9606.ENSP00000498939	0	0	0	0	0.067	0	0	0.592	0.603
COMT	CYP19A1	9606.ENSP00000354511	9606.ENSP00000379683	0	0	0	0	0.086	0	0	0.595	0.614
COMT	CYP2D6	9606.ENSP00000354511	9606.ENSP00000496150	0	0	0	0	0.068	0	0	0.672	0.682
COMT	DRD1	9606.ENSP00000354511	9606.ENSP00000377353	0	0	0	0	0	0	0	0.715	0.715
COMT	DRD3	9606.ENSP00000354511	9606.ENSP00000373169	0	0	0	0	0	0	0	0.783	0.783
COMT	HTR2A	9606.ENSP00000354511	9606.ENSP00000437737	0	0	0	0	0	0	0	0.864	0.864
COMT	DRD2	9606.ENSP00000354511	9606.ENSP00000354859	0	0	0	0	0	0	0	0.924	0.924
COMT	MAOB	9606.ENSP00000354511	9606.ENSP00000367309	0	0	0	0	0	0	0.910	0.966	0.996
CPT1B	LIPE	9606.ENSP00000379011	9606.ENSP00000244289	0	0	0	0	0.067	0	0	0.612	0.623
CPT1B	MLYCD	9606.ENSP00000379011	9606.ENSP00000262430	0	0	0	0	0.060	0	0	0.501	0.511
CPT1B	PPARG	9606.ENSP00000379011	9606.ENSP00000287820	0	0	0	0	0.047	0.045	0	0.593	0.597
CPT1B	PLIN1	9606.ENSP00000379011	9606.ENSP00000300055	0	0	0	0	0.087	0	0	0.408	0.436
CPT1B	FASN	9606.ENSP00000379011	9606.ENSP00000304592	0	0	0	0	0	0	0	0.627	0.627
CPT1B	PPARD	9606.ENSP00000379011	9606.ENSP00000310928	0	0	0	0	0.047	0.045	0	0.756	0.759
CPT1B	SCD	9606.ENSP00000379011	9606.ENSP00000359380	0	0	0	0	0	0	0	0.463	0.463
CPT1B	KLF5	9606.ENSP00000379011	9606.ENSP00000366915	0	0	0	0	0	0	0	0.713	0.713
CPT1B	PPARA	9606.ENSP00000379011	9606.ENSP00000385523	0	0	0	0	0.047	0.045	0	0.721	0.724
CSF1R	MPO	9606.ENSP00000286301	9606.ENSP00000225275	0	0	0	0	0.111	0	0	0.445	0.486
CSF1R	NFKB1	9606.ENSP00000286301	9606.ENSP00000226574	0	0	0	0	0.122	0	0	0.401	0.452
CSF1R	FLT3	9606.ENSP00000286301	9606.ENSP00000241453	0	0	0	0.783	0.132	0.050	0	0.477	0.531
CSF1R	LGALS3	9606.ENSP00000286301	9606.ENSP00000254301	0	0	0	0	0.103	0.067	0	0.417	0.469
CSF1R	ITGAV	9606.ENSP00000286301	9606.ENSP00000261023	0	0	0	0	0.065	0.292	0	0.290	0.489
CSF1R	PDGFRB	9606.ENSP00000286301	9606.ENSP00000261799	0	0	0.096	0.809	0.130	0.365	0	0.227	0.563
CSF1R	ITGA2B	9606.ENSP00000286301	9606.ENSP00000262407	0	0	0	0	0.085	0	0	0.593	0.612
CSF1R	TYR	9606.ENSP00000286301	9606.ENSP00000263321	0	0	0	0	0.077	0	0	0.407	0.430
CSF1R	KDR	9606.ENSP00000286301	9606.ENSP00000263923	0	0	0	0.719	0.094	0.089	0	0.500	0.551
CSF1R	PIK3CA	9606.ENSP00000286301	9606.ENSP00000263967	0	0	0	0	0.106	0.325	0.500	0.478	0.821
CSF1R	ICAM1	9606.ENSP00000286301	9606.ENSP00000264832	0	0	0	0	0.122	0	0	0.603	0.636
CSF1R	F13A1	9606.ENSP00000286301	9606.ENSP00000264870	0	0	0	0	0.410	0.071	0	0.234	0.543
CSF1R	CTSK	9606.ENSP00000286301	9606.ENSP00000271651	0	0	0	0	0.214	0.064	0	0.571	0.656
CSF1R	EGFR	9606.ENSP00000286301	9606.ENSP00000275493	0	0	0	0.573	0	0.101	0	0.677	0.697
CSF1R	FLT1	9606.ENSP00000286301	9606.ENSP00000282397	0	0	0	0.730	0.117	0.089	0	0.484	0.548
CSF1R	CXCR3	9606.ENSP00000286301	9606.ENSP00000362795	0	0	0	0	0.107	0	0	0.373	0.416
CSF1R	CXCR1	9606.ENSP00000286301	9606.ENSP00000295683	0	0	0	0	0.152	0	0	0.348	0.423
CSF1R	CTSB	9606.ENSP00000286301	9606.ENSP00000345672	0	0	0	0	0.207	0.058	0	0.293	0.426
CSF1R	PIK3CD	9606.ENSP00000286301	9606.ENSP00000366563	0	0	0	0	0.166	0.087	0	0.322	0.439
CSF1R	FGR	9606.ENSP00000286301	9606.ENSP00000363117	0	0	0	0.671	0.351	0.074	0	0.146	0.442
CSF1R	NOS2	9606.ENSP00000286301	9606.ENSP00000327251	0	0	0	0	0.064	0.115	0	0.380	0.442
CSF1R	PPARG	9606.ENSP00000286301	9606.ENSP00000287820	0	0	0	0	0.104	0.045	0	0.408	0.449
CSF1R	TLR9	9606.ENSP00000286301	9606.ENSP00000353874	0	0	0	0	0.067	0.064	0	0.423	0.452
CSF1R	PTGS2	9606.ENSP00000286301	9606.ENSP00000356438	0	0	0	0	0.114	0	0	0.412	0.457
CSF1R	ITGAL	9606.ENSP00000286301	9606.ENSP00000349252	0	0	0	0	0.235	0	0	0.321	0.459
CSF1R	FPR1	9606.ENSP00000286301	9606.ENSP00000471493	0	0	0	0	0.349	0	0	0.203	0.459
CSF1R	FGFR1	9606.ENSP00000286301	9606.ENSP00000393312	0	0	0	0.696	0.059	0.085	0	0.446	0.481
CSF1R	NTRK1	9606.ENSP00000286301	9606.ENSP00000431418	0	0	0	0.627	0.054	0.074	0	0.508	0.531
CSF1R	IDO1	9606.ENSP00000286301	9606.ENSP00000430950	0	0	0	0	0.106	0	0	0.507	0.540
CSF1R	CXCR2	9606.ENSP00000286301	9606.ENSP00000319635	0	0	0	0	0.141	0	0	0.541	0.589
CSF1R	ITGB3	9606.ENSP00000286301	9606.ENSP00000452786	0	0	0	0	0.093	0.063	0	0.557	0.591
CSF1R	CXCR4	9606.ENSP00000286301	9606.ENSP00000386884	0	0	0	0	0.118	0	0	0.571	0.606
CSF1R	MMP9	9606.ENSP00000286301	9606.ENSP00000361405	0	0	0	0	0.231	0	0	0.512	0.609
CSF1R	PTPN6	9606.ENSP00000286301	9606.ENSP00000391592	0	0	0	0	0.300	0.095	0	0.473	0.637
CSF1R	VCAM1	9606.ENSP00000286301	9606.ENSP00000294728	0	0	0	0	0.104	0.045	0	0.623	0.649
CSF1R	PIK3CB	9606.ENSP00000286301	9606.ENSP00000501150	0	0	0	0	0.106	0.087	0.500	0.252	0.654
CSF1R	TNF	9606.ENSP00000286301	9606.ENSP00000398698	0	0	0	0	0.158	0	0	0.630	0.675
CSF1R	FYN	9606.ENSP00000286301	9606.ENSP00000346671	0	0	0	0.685	0.099	0.316	0.500	0.119	0.692
CSF1R	LYN	9606.ENSP00000286301	9606.ENSP00000428924	0	0	0	0.704	0.144	0.316	0.500	0.154	0.719
CSF1R	STAT1	9606.ENSP00000286301	9606.ENSP00000354394	0	0	0	0	0.121	0.079	0.500	0.446	0.745
CSF1R	P2RY12	9606.ENSP00000286301	9606.ENSP00000307259	0	0	0	0	0.182	0	0	0.714	0.756
CSF1R	PIK3CG	9606.ENSP00000286301	9606.ENSP00000419260	0	0	0	0	0.140	0.087	0.500	0.455	0.757
CSF1R	CTSS	9606.ENSP00000286301	9606.ENSP00000357981	0	0	0	0	0.335	0.064	0	0.642	0.757
CSF1R	TLR4	9606.ENSP00000286301	9606.ENSP00000363089	0	0	0	0	0.296	0.064	0	0.720	0.800
CSF1R	PTPRC	9606.ENSP00000286301	9606.ENSP00000411355	0	0	0	0	0.332	0.051	0	0.736	0.818
CSF1R	SRC	9606.ENSP00000286301	9606.ENSP00000362680	0	0	0	0.684	0.104	0.357	0.500	0.488	0.833
CSF1R	PTPN11	9606.ENSP00000286301	9606.ENSP00000489597	0	0	0	0	0.140	0.051	0.500	0.693	0.858
CSF1R	HCK	9606.ENSP00000286301	9606.ENSP00000365012	0	0	0	0.706	0.433	0.074	0.500	0.588	0.877
CSF1R	PIK3R1	9606.ENSP00000286301	9606.ENSP00000428056	0	0	0	0	0.072	0.696	0.500	0.532	0.925
CSF1R	GRB2	9606.ENSP00000286301	9606.ENSP00000376345	0	0	0	0	0.108	0.653	0.650	0.600	0.950
CSNK2A1	SIRT1	9606.ENSP00000217244	9606.ENSP00000212015	0	0	0	0	0.049	0.789	0	0.243	0.835
CSNK2A1	MAPK1	9606.ENSP00000217244	9606.ENSP00000215832	0	0	0	0.714	0.144	0.335	0	0.433	0.649
CSNK2A1	GRIN2B	9606.ENSP00000217244	9606.ENSP00000477455	0	0	0	0	0	0.305	0	0.183	0.408
CSNK2A1	PRKCB	9606.ENSP00000217244	9606.ENSP00000496129	0	0	0	0.583	0.042	0	0	0.416	0.416
CSNK2A1	CXCR4	9606.ENSP00000217244	9606.ENSP00000386884	0	0	0	0	0	0	0	0.417	0.417
CSNK2A1	ROCK1	9606.ENSP00000217244	9606.ENSP00000382697	0	0	0	0.592	0.075	0.062	0	0.388	0.423
CSNK2A1	LCK	9606.ENSP00000217244	9606.ENSP00000477713	0	0	0	0.569	0.064	0.062	0	0.407	0.434
CSNK2A1	CYP19A1	9606.ENSP00000217244	9606.ENSP00000379683	0	0	0	0	0	0.075	0	0.424	0.445
CSNK2A1	GSK3A	9606.ENSP00000217244	9606.ENSP00000222330	0	0	0	0.698	0.062	0.062	0	0.421	0.446
CSNK2A1	ESR2	9606.ENSP00000217244	9606.ENSP00000343925	0	0	0	0	0	0	0	0.447	0.447
CSNK2A1	EPHX2	9606.ENSP00000217244	9606.ENSP00000430269	0	0	0	0	0.048	0.065	0	0.449	0.467
CSNK2A1	EP300	9606.ENSP00000217244	9606.ENSP00000263253	0	0	0	0	0.098	0.190	0	0.333	0.470
CSNK2A1	PTPRC	9606.ENSP00000217244	9606.ENSP00000411355	0	0	0	0	0.057	0.058	0	0.453	0.472
CSNK2A1	GSK3B	9606.ENSP00000217244	9606.ENSP00000324806	0	0	0	0.697	0.084	0.062	0	0.460	0.496
CSNK2A1	TOP1	9606.ENSP00000217244	9606.ENSP00000354522	0	0	0	0	0.163	0.314	0	0.200	0.500
CSNK2A1	PRKDC	9606.ENSP00000217244	9606.ENSP00000313420	0	0	0	0	0.098	0.315	0	0.259	0.503
CSNK2A1	ESR1	9606.ENSP00000217244	9606.ENSP00000405330	0	0	0	0	0	0	0	0.504	0.504
CSNK2A1	HSP90AB1	9606.ENSP00000217244	9606.ENSP00000360609	0	0	0	0	0.186	0.252	0	0.333	0.559
CSNK2A1	NFKB1	9606.ENSP00000217244	9606.ENSP00000226574	0	0	0	0	0.082	0.096	0	0.518	0.565
CSNK2A1	HDAC3	9606.ENSP00000217244	9606.ENSP00000302967	0	0	0	0	0.074	0.537	0	0.113	0.587
CSNK2A1	RELA	9606.ENSP00000217244	9606.ENSP00000384273	0	0	0	0	0.074	0.457	0	0.248	0.589
CSNK2A1	SRC	9606.ENSP00000217244	9606.ENSP00000362680	0	0	0	0.572	0.042	0.373	0	0.424	0.623
CSNK2A1	MAPK14	9606.ENSP00000217244	9606.ENSP00000229795	0	0	0	0.713	0.150	0.335	0	0.418	0.643
CSNK2A1	WEE1	9606.ENSP00000217244	9606.ENSP00000402084	0	0	0	0	0.060	0.303	0	0.498	0.643
CSNK2A1	TOP2A	9606.ENSP00000217244	9606.ENSP00000411532	0	0	0	0	0.064	0.657	0	0.174	0.711
CSNK2A1	MME	9606.ENSP00000217244	9606.ENSP00000418525	0	0	0	0	0	0.510	0	0.439	0.713
CSNK2A1	MDM2	9606.ENSP00000217244	9606.ENSP00000258149	0	0	0	0	0.067	0.625	0	0.286	0.728
CSNK2A1	HSP90AA1	9606.ENSP00000217244	9606.ENSP00000335153	0	0	0	0	0.164	0.789	0	0.375	0.880
CSNK2A1	HDAC1	9606.ENSP00000217244	9606.ENSP00000362649	0	0	0	0	0.115	0.794	0.720	0.335	0.961
CSNK2A1	HDAC2	9606.ENSP00000217244	9606.ENSP00000430432	0	0	0	0	0.185	0.841	0.720	0.318	0.972
CSNK2A1	CSNK2B	9606.ENSP00000217244	9606.ENSP00000365042	0	0	0	0	0.333	0.999	0.900	0.996	0.999
CSNK2B	SIRT1	9606.ENSP00000365042	9606.ENSP00000212015	0	0	0	0	0	0.387	0	0.143	0.452
CSNK2B	MAPK14	9606.ENSP00000365042	9606.ENSP00000229795	0	0	0	0	0.049	0.438	0	0.132	0.496
CSNK2B	CTBP2	9606.ENSP00000365042	9606.ENSP00000311825	0	0	0	0	0.049	0.187	0	0.417	0.509
CSNK2B	GSK3B	9606.ENSP00000365042	9606.ENSP00000324806	0	0	0	0	0.081	0.257	0	0.299	0.481
CSNK2B	HSP90AA1	9606.ENSP00000365042	9606.ENSP00000335153	0	0	0	0	0.115	0.292	0	0.424	0.608
CSNK2B	TOP1	9606.ENSP00000365042	9606.ENSP00000354522	0	0	0	0	0.050	0	0	0.399	0.405
CSNK2B	SRC	9606.ENSP00000365042	9606.ENSP00000362680	0	0	0	0	0.042	0.247	0	0.461	0.577
CSNK2B	IKBKB	9606.ENSP00000365042	9606.ENSP00000430684	0	0	0	0	0.042	0.442	0	0.105	0.480
CSNK2B	LYN	9606.ENSP00000365042	9606.ENSP00000428924	0	0	0	0	0.047	0.442	0	0.121	0.492
CSNK2B	WEE1	9606.ENSP00000365042	9606.ENSP00000402084	0	0	0	0	0.047	0.518	0	0.164	0.582
CSNK2B	TOP2A	9606.ENSP00000365042	9606.ENSP00000411532	0	0	0	0	0.062	0.600	0	0.071	0.621
CSNK2B	RPS6KA3	9606.ENSP00000365042	9606.ENSP00000368884	0	0	0	0	0.049	0.685	0	0.042	0.688
CSNK2B	RPS6KA1	9606.ENSP00000365042	9606.ENSP00000435412	0	0	0	0	0.044	0.733	0	0.108	0.752
CTBP2	MDM2	9606.ENSP00000311825	9606.ENSP00000258149	0	0	0	0	0	0.510	0	0.702	0.848
CTBP2	EP300	9606.ENSP00000311825	9606.ENSP00000263253	0	0	0	0	0.049	0.652	0	0.861	0.950
CTBP2	KAT2B	9606.ENSP00000311825	9606.ENSP00000263754	0	0	0	0	0	0.359	0	0.613	0.741
CTBP2	EGFR	9606.ENSP00000311825	9606.ENSP00000275493	0	0	0	0	0.044	0.130	0	0.421	0.476
CTBP2	GRIA2	9606.ENSP00000311825	9606.ENSP00000296526	0	0	0	0	0	0	0	0.688	0.688
CTBP2	TDP1	9606.ENSP00000311825	9606.ENSP00000337353	0	0	0	0	0.058	0.094	0	0.360	0.406
CTBP2	TYRP1	9606.ENSP00000311825	9606.ENSP00000373570	0	0	0	0	0	0.069	0	0.403	0.421
CTBP2	PGR	9606.ENSP00000311825	9606.ENSP00000325120	0	0	0	0	0	0.091	0	0.397	0.428
CTBP2	GRB2	9606.ENSP00000311825	9606.ENSP00000376345	0	0	0	0	0.044	0	0	0.433	0.434
CTBP2	FYN	9606.ENSP00000311825	9606.ENSP00000346671	0	0	0	0	0.059	0.058	0	0.453	0.473
CTBP2	GRM6	9606.ENSP00000311825	9606.ENSP00000497110	0	0	0	0	0	0	0	0.475	0.475
CTBP2	PARP1	9606.ENSP00000311825	9606.ENSP00000355759	0	0	0	0	0.067	0	0	0.500	0.513
CTBP2	HNF4A	9606.ENSP00000311825	9606.ENSP00000312987	0	0	0	0	0	0	0	0.540	0.540
CTBP2	XIAP	9606.ENSP00000311825	9606.ENSP00000360242	0	0	0	0	0.049	0.328	0	0.432	0.605
CTBP2	TYMS	9606.ENSP00000311825	9606.ENSP00000315644	0.105	0	0	0	0.074	0	0.673	0	0.705
CTBP2	HDAC1	9606.ENSP00000311825	9606.ENSP00000362649	0	0	0	0	0.068	0.331	0.800	0.816	0.974
CTBP2	HDAC2	9606.ENSP00000311825	9606.ENSP00000430432	0	0	0	0	0.056	0.509	0.800	0.815	0.980
CTSB	CTSG	9606.ENSP00000345672	9606.ENSP00000216336	0	0	0	0	0	0	0	0.610	0.610
CTSB	MMP2	9606.ENSP00000345672	9606.ENSP00000219070	0	0	0	0	0.111	0	0	0.518	0.553
CTSB	PLAT	9606.ENSP00000345672	9606.ENSP00000220809	0	0	0	0	0.068	0	0.540	0.389	0.715
CTSB	SERPINE1	9606.ENSP00000345672	9606.ENSP00000223095	0	0	0	0	0.085	0.052	0.540	0.392	0.725
CTSB	MPO	9606.ENSP00000345672	9606.ENSP00000225275	0	0	0	0	0.045	0	0	0.605	0.607
CTSB	LAP3	9606.ENSP00000345672	9606.ENSP00000226299	0	0	0	0	0.056	0.162	0	0.369	0.457
CTSB	NFKB1	9606.ENSP00000345672	9606.ENSP00000226574	0	0	0	0	0.069	0.051	0	0.403	0.427
CTSB	NR3C1	9606.ENSP00000345672	9606.ENSP00000231509	0	0	0	0	0.062	0.299	0	0.162	0.402
CTSB	CTSD	9606.ENSP00000345672	9606.ENSP00000236671	0	0	0	0	0.483	0.177	0.400	0.923	0.977
CTSB	TTR	9606.ENSP00000345672	9606.ENSP00000237014	0	0	0	0	0	0.292	0	0.360	0.527
CTSB	LGALS3	9606.ENSP00000345672	9606.ENSP00000254301	0	0	0	0	0.197	0.045	0	0.448	0.540
CTSB	MMP7	9606.ENSP00000345672	9606.ENSP00000260227	0	0	0	0	0.074	0	0.400	0.386	0.629
CTSB	MMP13	9606.ENSP00000345672	9606.ENSP00000260302	0	0	0	0	0.068	0	0.400	0.364	0.613
CTSB	ERBB2	9606.ENSP00000345672	9606.ENSP00000269571	0	0	0	0	0	0	0	0.417	0.416
CTSB	CTSK	9606.ENSP00000345672	9606.ENSP00000271651	0	0	0.108	0.640	0.170	0.092	0.400	0.376	0.703
CTSB	REN	9606.ENSP00000345672	9606.ENSP00000272190	0	0	0	0	0.109	0.129	0	0.486	0.566
CTSB	EGFR	9606.ENSP00000345672	9606.ENSP00000275493	0	0	0	0	0.049	0	0	0.616	0.619
CTSB	PPARG	9606.ENSP00000345672	9606.ENSP00000287820	0	0	0	0	0.057	0	0	0.399	0.410
CTSB	NCSTN	9606.ENSP00000345672	9606.ENSP00000294785	0	0	0	0	0.056	0	0	0.558	0.565
CTSB	MMP3	9606.ENSP00000345672	9606.ENSP00000299855	0	0	0	0	0.111	0	0.400	0.431	0.670
CTSB	GUSB	9606.ENSP00000345672	9606.ENSP00000302728	0	0	0	0	0.074	0.072	0	0.615	0.640
CTSB	PLG	9606.ENSP00000345672	9606.ENSP00000308938	0	0	0	0	0	0	0	0.724	0.724
CTSB	PPARD	9606.ENSP00000345672	9606.ENSP00000310928	0	0	0	0	0.062	0	0	0.457	0.469
CTSB	MMP1	9606.ENSP00000345672	9606.ENSP00000322788	0	0	0	0	0.111	0	0	0.394	0.439
CTSB	GSK3B	9606.ENSP00000345672	9606.ENSP00000324806	0	0	0	0	0.044	0	0	0.483	0.485
CTSB	PSEN1	9606.ENSP00000345672	9606.ENSP00000326366	0	0	0	0	0.049	0	0	0.467	0.472
CTSB	P2RX7	9606.ENSP00000345672	9606.ENSP00000330696	0	0	0	0	0.097	0	0	0.608	0.631
CTSB	HSP90AA1	9606.ENSP00000345672	9606.ENSP00000335153	0	0	0	0	0.081	0.045	0	0.394	0.422
CTSB	CTSL	9606.ENSP00000345672	9606.ENSP00000345344	0	0	0.129	0.648	0.212	0.095	0.900	0.647	0.974
CTSB	PREP	9606.ENSP00000345672	9606.ENSP00000499089	0	0	0	0	0.053	0	0	0.398	0.406
CTSB	ECE1	9606.ENSP00000345672	9606.ENSP00000364028	0	0	0	0	0.042	0	0	0.408	0.409
CTSB	IGF1R	9606.ENSP00000345672	9606.ENSP00000497069	0	0	0	0	0.052	0	0	0.406	0.412
CTSB	HSP90AB1	9606.ENSP00000345672	9606.ENSP00000360609	0	0	0	0	0.086	0.045	0	0.392	0.423
CTSB	MTOR	9606.ENSP00000345672	9606.ENSP00000354558	0	0	0	0	0.042	0	0	0.426	0.427
CTSB	PTGS1	9606.ENSP00000345672	9606.ENSP00000354612	0	0	0	0	0.095	0	0	0.394	0.428
CTSB	OGA	9606.ENSP00000345672	9606.ENSP00000354850	0	0	0	0	0.042	0	0	0.434	0.434
CTSB	TOP2A	9606.ENSP00000345672	9606.ENSP00000411532	0	0	0	0	0.042	0	0	0.444	0.444
CTSB	MME	9606.ENSP00000345672	9606.ENSP00000418525	0	0	0	0	0	0	0	0.500	0.500
CTSB	DPP4	9606.ENSP00000345672	9606.ENSP00000353731	0	0	0	0	0.092	0	0	0.480	0.508
CTSB	PSENEN	9606.ENSP00000345672	9606.ENSP00000468411	0	0	0	0	0	0	0	0.520	0.520
CTSB	PARP1	9606.ENSP00000345672	9606.ENSP00000355759	0	0	0	0	0.042	0.292	0	0.370	0.535
CTSB	CXCR4	9606.ENSP00000345672	9606.ENSP00000386884	0	0	0	0	0.067	0	0	0.528	0.541
CTSB	TLR4	9606.ENSP00000345672	9606.ENSP00000363089	0	0	0	0	0.114	0	0	0.516	0.553
CTSB	TNF	9606.ENSP00000345672	9606.ENSP00000398698	0	0	0	0	0.063	0	0	0.596	0.605
CTSB	TLR9	9606.ENSP00000345672	9606.ENSP00000353874	0	0	0	0	0	0	0.400	0.375	0.609
CTSB	FDFT1	9606.ENSP00000345672	9606.ENSP00000491537	0	0	0	0	0	0	0	0.612	0.612
CTSB	ELANE	9606.ENSP00000345672	9606.ENSP00000466090	0	0	0	0	0	0	0	0.692	0.692
CTSB	FURIN	9606.ENSP00000345672	9606.ENSP00000483552	0.042	0	0	0	0.086	0.058	0	0.676	0.697
CTSB	XIAP	9606.ENSP00000345672	9606.ENSP00000360242	0	0	0	0	0.042	0	0.650	0.307	0.747
CTSB	TYRP1	9606.ENSP00000345672	9606.ENSP00000373570	0	0	0	0	0	0.053	0	0.765	0.768
CTSB	PLAU	9606.ENSP00000345672	9606.ENSP00000361850	0	0	0	0	0.080	0	0.540	0.741	0.880
CTSB	MMP9	9606.ENSP00000345672	9606.ENSP00000361405	0	0	0	0	0.086	0.292	0.400	0.766	0.897
CTSB	CTSS	9606.ENSP00000345672	9606.ENSP00000357981	0	0	0.121	0.670	0.206	0.109	0.900	0.431	0.958
CTSD	CTSG	9606.ENSP00000236671	9606.ENSP00000216336	0	0	0	0	0.042	0.046	0	0.721	0.722
CTSD	MMP2	9606.ENSP00000236671	9606.ENSP00000219070	0	0	0	0	0.049	0	0	0.458	0.463
CTSD	SERPINE1	9606.ENSP00000236671	9606.ENSP00000223095	0	0	0	0	0.052	0	0	0.419	0.426
CTSD	ESR2	9606.ENSP00000236671	9606.ENSP00000343925	0	0	0	0	0.055	0	0	0.401	0.410
CTSD	HSP90AA1	9606.ENSP00000236671	9606.ENSP00000335153	0	0	0	0	0.054	0.054	0	0.402	0.419
CTSD	REN	9606.ENSP00000236671	9606.ENSP00000272190	0	0	0.086	0.909	0	0	0	0.401	0.430
CTSD	FURIN	9606.ENSP00000236671	9606.ENSP00000483552	0	0	0	0	0.111	0.157	0	0.316	0.442
CTSD	RARA	9606.ENSP00000236671	9606.ENSP00000254066	0	0	0	0	0.084	0	0	0.417	0.443
CTSD	MMP7	9606.ENSP00000236671	9606.ENSP00000260227	0	0	0	0	0.049	0	0	0.450	0.454
CTSD	FDFT1	9606.ENSP00000236671	9606.ENSP00000491537	0	0	0	0	0	0	0	0.456	0.456
CTSD	MTOR	9606.ENSP00000236671	9606.ENSP00000354558	0	0	0	0	0.042	0.066	0	0.444	0.459
CTSD	HDAC2	9606.ENSP00000236671	9606.ENSP00000430432	0	0	0	0	0.042	0.091	0	0.435	0.465
CTSD	TNF	9606.ENSP00000236671	9606.ENSP00000398698	0	0	0	0	0.064	0	0	0.453	0.467
CTSD	EGFR	9606.ENSP00000236671	9606.ENSP00000275493	0	0	0	0	0.042	0.100	0	0.433	0.468
CTSD	PLG	9606.ENSP00000236671	9606.ENSP00000308938	0	0	0	0	0.055	0.046	0	0.460	0.471
CTSD	TTR	9606.ENSP00000236671	9606.ENSP00000237014	0	0	0	0	0	0	0	0.487	0.487
CTSD	LRRK2	9606.ENSP00000236671	9606.ENSP00000298910	0	0	0	0	0.044	0.306	0	0.301	0.496
CTSD	PSEN1	9606.ENSP00000236671	9606.ENSP00000326366	0	0	0	0	0.080	0	0	0.477	0.499
CTSD	LGALS3	9606.ENSP00000236671	9606.ENSP00000254301	0	0	0	0	0.108	0	0	0.465	0.502
CTSD	ERBB2	9606.ENSP00000236671	9606.ENSP00000269571	0	0	0	0	0.049	0	0	0.505	0.509
CTSD	GUSB	9606.ENSP00000236671	9606.ENSP00000302728	0	0	0	0	0.082	0	0	0.502	0.523
CTSD	MMP9	9606.ENSP00000236671	9606.ENSP00000361405	0	0	0	0	0.116	0	0	0.483	0.523
CTSD	PGR	9606.ENSP00000236671	9606.ENSP00000325120	0	0	0	0	0	0	0	0.548	0.548
CTSD	EP300	9606.ENSP00000236671	9606.ENSP00000263253	0	0	0	0	0.055	0	0.500	0.144	0.560
CTSD	OGA	9606.ENSP00000236671	9606.ENSP00000354850	0	0	0	0	0.042	0	0	0.577	0.577
CTSD	HSP90AB1	9606.ENSP00000236671	9606.ENSP00000360609	0	0	0	0	0.056	0.054	0	0.606	0.618
CTSD	PLAU	9606.ENSP00000236671	9606.ENSP00000361850	0	0	0	0	0.063	0.046	0	0.700	0.709
CTSD	XIAP	9606.ENSP00000236671	9606.ENSP00000360242	0	0	0	0	0.044	0.057	0.650	0.203	0.714
CTSD	CTSK	9606.ENSP00000236671	9606.ENSP00000271651	0	0	0	0	0.104	0.115	0.400	0.572	0.769
CTSD	ESR1	9606.ENSP00000236671	9606.ENSP00000405330	0	0	0	0	0.055	0	0.500	0.597	0.793
CTSD	CTSL	9606.ENSP00000236671	9606.ENSP00000345344	0	0	0	0	0.126	0.115	0.400	0.805	0.897
CTSD	CTSS	9606.ENSP00000236671	9606.ENSP00000357981	0	0	0	0	0.115	0.115	0	0.882	0.900
CTSG	FPR1	9606.ENSP00000216336	9606.ENSP00000471493	0	0	0	0	0.067	0.052	0	0.377	0.401
CTSG	CXCR4	9606.ENSP00000216336	9606.ENSP00000386884	0	0	0	0	0.092	0.052	0	0.380	0.420
CTSG	ICAM1	9606.ENSP00000216336	9606.ENSP00000264832	0	0	0	0	0.064	0	0	0.412	0.426
CTSG	MMP2	9606.ENSP00000216336	9606.ENSP00000219070	0	0	0	0	0.057	0	0	0.419	0.429
CTSG	CTSK	9606.ENSP00000216336	9606.ENSP00000271651	0	0	0	0	0.056	0	0	0.438	0.447
CTSG	VCAM1	9606.ENSP00000216336	9606.ENSP00000294728	0	0	0	0	0.042	0.125	0	0.398	0.451
CTSG	REN	9606.ENSP00000216336	9606.ENSP00000272190	0	0	0	0	0	0.046	0	0.449	0.452
CTSG	CXCR2	9606.ENSP00000216336	9606.ENSP00000319635	0	0	0	0	0.071	0.052	0	0.432	0.456
CTSG	TLR4	9606.ENSP00000216336	9606.ENSP00000363089	0	0	0	0	0.087	0	0	0.449	0.476
CTSG	P2RY12	9606.ENSP00000216336	9606.ENSP00000307259	0	0	0	0	0	0	0	0.509	0.509
CTSG	F3	9606.ENSP00000216336	9606.ENSP00000334145	0	0	0	0	0	0	0	0.521	0.521
CTSG	PLAU	9606.ENSP00000216336	9606.ENSP00000361850	0	0	0.179	0.720	0.074	0	0	0.430	0.528
CTSG	PLG	9606.ENSP00000216336	9606.ENSP00000308938	0	0	0.099	0.738	0.053	0	0.400	0.196	0.533
CTSG	CTSL	9606.ENSP00000216336	9606.ENSP00000345344	0	0	0	0	0	0	0	0.540	0.540
CTSG	TNF	9606.ENSP00000216336	9606.ENSP00000398698	0	0	0	0	0.070	0.066	0	0.519	0.546
CTSG	ENPEP	9606.ENSP00000216336	9606.ENSP00000265162	0	0	0	0	0	0.045	0	0.556	0.558
CTSG	RARA	9606.ENSP00000216336	9606.ENSP00000254066	0	0	0	0	0	0	0	0.562	0.562
CTSG	SERPINE1	9606.ENSP00000216336	9606.ENSP00000223095	0	0	0	0	0	0.067	0	0.562	0.574
CTSG	MMP1	9606.ENSP00000216336	9606.ENSP00000322788	0	0	0	0	0.055	0	0.400	0.381	0.618
CTSG	HMGB1	9606.ENSP00000216336	9606.ENSP00000345347	0	0	0	0	0.043	0.045	0	0.635	0.637
CTSG	CTSS	9606.ENSP00000216336	9606.ENSP00000357981	0	0	0	0	0.086	0	0	0.671	0.686
CTSG	F2R	9606.ENSP00000216336	9606.ENSP00000321326	0	0	0	0	0	0.051	0.650	0.417	0.789
CTSG	MMP9	9606.ENSP00000216336	9606.ENSP00000361405	0	0	0	0	0.097	0	0.400	0.987	0.992
CTSG	ELANE	9606.ENSP00000216336	9606.ENSP00000466090	0	0	0.132	0.815	0.987	0	0.400	0.985	0.999
CTSG	MPO	9606.ENSP00000216336	9606.ENSP00000225275	0	0	0	0	0.961	0.044	0	0.997	0.999
CTSK	MMP2	9606.ENSP00000271651	9606.ENSP00000219070	0	0	0	0	0.281	0	0	0.461	0.596
CTSK	NFKB1	9606.ENSP00000271651	9606.ENSP00000226574	0	0	0	0	0.119	0.051	0	0.403	0.457
CTSK	MMP7	9606.ENSP00000271651	9606.ENSP00000260227	0	0	0	0	0.118	0	0.400	0.354	0.628
CTSK	MMP13	9606.ENSP00000271651	9606.ENSP00000260302	0	0	0	0	0.117	0	0.400	0.592	0.765
CTSK	ITGAV	9606.ENSP00000271651	9606.ENSP00000261023	0	0	0	0	0.099	0	0	0.470	0.502
CTSK	PPARG	9606.ENSP00000271651	9606.ENSP00000287820	0	0	0	0	0.088	0	0	0.379	0.410
CTSK	FPR1	9606.ENSP00000271651	9606.ENSP00000471493	0	0	0	0	0.089	0	0	0.388	0.418
CTSK	FKBP1A	9606.ENSP00000271651	9606.ENSP00000383003	0	0	0	0	0.074	0	0	0.403	0.423
CTSK	ESR1	9606.ENSP00000271651	9606.ENSP00000405330	0	0	0	0	0	0	0	0.424	0.424
CTSK	PTGS1	9606.ENSP00000271651	9606.ENSP00000354612	0	0	0	0	0.123	0	0	0.386	0.438
CTSK	CTSS	9606.ENSP00000271651	9606.ENSP00000357981	0	0	0.066	0.948	0.072	0	0.400	0.087	0.461
CTSK	MMP1	9606.ENSP00000271651	9606.ENSP00000322788	0	0	0	0	0.100	0	0	0.446	0.480
CTSK	SRC	9606.ENSP00000271651	9606.ENSP00000362680	0	0	0	0	0.091	0.055	0	0.561	0.590
CTSK	TNF	9606.ENSP00000271651	9606.ENSP00000398698	0	0	0	0	0.106	0	0	0.579	0.607
CTSK	ITGB3	9606.ENSP00000271651	9606.ENSP00000452786	0	0	0	0	0.128	0	0	0.595	0.632
CTSK	TLR9	9606.ENSP00000271651	9606.ENSP00000353874	0	0	0	0	0	0	0.400	0.462	0.663
CTSK	XIAP	9606.ENSP00000271651	9606.ENSP00000360242	0	0	0	0	0	0	0.650	0.098	0.670
CTSK	MMP3	9606.ENSP00000271651	9606.ENSP00000299855	0	0	0	0	0.132	0	0.400	0.492	0.712
CTSK	TLR4	9606.ENSP00000271651	9606.ENSP00000363089	0	0	0	0	0.133	0	0	0.801	0.820
CTSK	MMP9	9606.ENSP00000271651	9606.ENSP00000361405	0	0	0	0	0.181	0	0.400	0.786	0.886
CTSK	CTSL	9606.ENSP00000271651	9606.ENSP00000345344	0	0	0.071	0.937	0.068	0.741	0.400	0.426	0.908
CTSL	MAPK1	9606.ENSP00000345344	9606.ENSP00000215832	0	0	0	0	0.063	0.057	0	0.565	0.582
CTSL	MMP2	9606.ENSP00000345344	9606.ENSP00000219070	0	0	0	0	0.111	0	0	0.393	0.438
CTSL	LAP3	9606.ENSP00000345344	9606.ENSP00000226299	0	0	0	0	0.118	0	0	0.351	0.403
CTSL	MMP7	9606.ENSP00000345344	9606.ENSP00000260227	0	0	0	0	0.075	0	0.400	0.317	0.588
CTSL	MMP13	9606.ENSP00000345344	9606.ENSP00000260302	0	0	0	0	0.068	0	0.400	0.245	0.541
CTSL	REN	9606.ENSP00000345344	9606.ENSP00000272190	0	0	0	0	0.086	0.115	0	0.521	0.578
CTSL	MMP3	9606.ENSP00000345344	9606.ENSP00000299855	0	0	0	0	0.098	0	0.400	0.339	0.611
CTSL	P2RX7	9606.ENSP00000345344	9606.ENSP00000330696	0	0	0	0	0.060	0	0	0.457	0.467
CTSL	TLR4	9606.ENSP00000345344	9606.ENSP00000363089	0	0	0	0	0.132	0	0	0.363	0.424
CTSL	PLAU	9606.ENSP00000345344	9606.ENSP00000361850	0	0	0	0	0.086	0	0	0.418	0.445
CTSL	ELANE	9606.ENSP00000345344	9606.ENSP00000466090	0	0	0	0	0	0	0	0.465	0.465
CTSL	TNF	9606.ENSP00000345344	9606.ENSP00000398698	0	0	0	0	0.102	0	0	0.473	0.507
CTSL	TLR9	9606.ENSP00000345344	9606.ENSP00000353874	0	0	0	0	0	0	0.400	0.257	0.535
CTSL	DPP4	9606.ENSP00000345344	9606.ENSP00000353731	0	0	0	0	0.058	0	0	0.552	0.560
CTSL	TYRP1	9606.ENSP00000345344	9606.ENSP00000373570	0	0	0	0	0.042	0.053	0	0.603	0.608
CTSL	MMP9	9606.ENSP00000345344	9606.ENSP00000361405	0	0	0	0	0.090	0	0.400	0.469	0.685
CTSL	XIAP	9606.ENSP00000345344	9606.ENSP00000360242	0	0	0	0	0	0	0.650	0.153	0.690
CTSL	FURIN	9606.ENSP00000345344	9606.ENSP00000483552	0.042	0	0	0	0.055	0.058	0	0.794	0.800
CTSL	CTSS	9606.ENSP00000345344	9606.ENSP00000357981	0	0	0.074	0.932	0.044	0	0.900	0.108	0.910
CTSS	MMP2	9606.ENSP00000357981	9606.ENSP00000219070	0	0	0	0	0.068	0	0	0.581	0.593
CTSS	MPO	9606.ENSP00000357981	9606.ENSP00000225275	0	0	0	0	0.085	0	0	0.963	0.964
CTSS	NFKB1	9606.ENSP00000357981	9606.ENSP00000226574	0	0	0	0	0.144	0.051	0	0.402	0.472
CTSS	LGALS3	9606.ENSP00000357981	9606.ENSP00000254301	0	0	0	0	0.133	0.045	0	0.437	0.493
CTSS	MMP7	9606.ENSP00000357981	9606.ENSP00000260227	0	0	0	0	0.104	0	0.400	0.432	0.668
CTSS	MMP13	9606.ENSP00000357981	9606.ENSP00000260302	0	0	0	0	0.068	0	0.400	0.414	0.644
CTSS	ICAM1	9606.ENSP00000357981	9606.ENSP00000264832	0	0	0	0	0.149	0	0	0.592	0.638
CTSS	REN	9606.ENSP00000357981	9606.ENSP00000272190	0	0	0	0	0.086	0.115	0	0.539	0.595
CTSS	VCAM1	9606.ENSP00000357981	9606.ENSP00000294728	0	0	0	0	0.107	0	0	0.397	0.438
CTSS	MMP3	9606.ENSP00000357981	9606.ENSP00000299855	0	0	0	0	0.083	0	0.400	0.518	0.711
CTSS	PLG	9606.ENSP00000357981	9606.ENSP00000308938	0	0	0	0	0	0	0	0.607	0.607
CTSS	MMP1	9606.ENSP00000357981	9606.ENSP00000322788	0	0	0	0	0.070	0	0	0.457	0.474
CTSS	PSEN1	9606.ENSP00000357981	9606.ENSP00000326366	0	0	0	0	0.242	0	0	0.353	0.488
CTSS	DPP4	9606.ENSP00000357981	9606.ENSP00000353731	0	0	0	0	0.065	0	0	0.481	0.494
CTSS	TLR9	9606.ENSP00000357981	9606.ENSP00000353874	0	0	0	0	0.080	0	0.400	0.451	0.670
CTSS	STAT1	9606.ENSP00000357981	9606.ENSP00000354394	0	0	0	0	0.179	0	0	0.346	0.440
CTSS	PTGS2	9606.ENSP00000357981	9606.ENSP00000356438	0	0	0	0	0.127	0	0	0.348	0.406
CTSS	SRC	9606.ENSP00000357981	9606.ENSP00000362680	0	0	0	0	0.083	0.055	0	0.374	0.410
CTSS	SYK	9606.ENSP00000357981	9606.ENSP00000364898	0	0	0	0	0.238	0	0	0.281	0.429
CTSS	LYN	9606.ENSP00000357981	9606.ENSP00000428924	0	0	0	0	0.347	0.055	0	0.187	0.455
CTSS	CXCR4	9606.ENSP00000357981	9606.ENSP00000386884	0	0	0	0	0.171	0	0	0.378	0.462
CTSS	FDFT1	9606.ENSP00000357981	9606.ENSP00000491537	0	0	0	0	0.047	0	0	0.466	0.470
CTSS	MCL1	9606.ENSP00000357981	9606.ENSP00000358022	0	0	0	0	0.164	0	0	0.400	0.478
CTSS	HCK	9606.ENSP00000357981	9606.ENSP00000365012	0	0	0	0	0.349	0.055	0	0.238	0.491
CTSS	PLAU	9606.ENSP00000357981	9606.ENSP00000361850	0	0	0	0	0.049	0	0	0.584	0.587
CTSS	TLR4	9606.ENSP00000357981	9606.ENSP00000363089	0	0	0	0	0.258	0	0	0.516	0.626
CTSS	TNF	9606.ENSP00000357981	9606.ENSP00000398698	0	0	0	0	0.180	0	0	0.593	0.652
CTSS	TYRP1	9606.ENSP00000357981	9606.ENSP00000373570	0	0	0	0	0	0.053	0	0.661	0.665
CTSS	FURIN	9606.ENSP00000357981	9606.ENSP00000483552	0.042	0	0	0	0.057	0.058	0	0.704	0.714
CTSS	XIAP	9606.ENSP00000357981	9606.ENSP00000360242	0	0	0	0	0.054	0	0.650	0.293	0.745
CTSS	PTPRC	9606.ENSP00000357981	9606.ENSP00000411355	0	0	0	0	0.447	0	0	0.588	0.762
CTSS	MMP9	9606.ENSP00000357981	9606.ENSP00000361405	0	0	0	0	0.171	0	0.400	0.768	0.874
CTSS	ELANE	9606.ENSP00000357981	9606.ENSP00000466090	0	0	0	0	0.067	0	0	0.875	0.878
CXCR1	MIF	9606.ENSP00000295683	9606.ENSP00000215754	0	0	0	0	0	0	0	0.551	0.551
CXCR1	MPO	9606.ENSP00000295683	9606.ENSP00000225275	0	0	0	0	0.150	0	0	0.455	0.517
CXCR1	NFKB1	9606.ENSP00000295683	9606.ENSP00000226574	0	0	0	0	0.094	0.045	0	0.392	0.428
CXCR1	PDGFRA	9606.ENSP00000295683	9606.ENSP00000257290	0	0	0	0	0.103	0	0	0.502	0.534
CXCR1	PDGFRB	9606.ENSP00000295683	9606.ENSP00000261799	0	0	0	0	0.066	0	0	0.505	0.517
CXCR1	KDR	9606.ENSP00000295683	9606.ENSP00000263923	0	0	0	0	0.074	0	0	0.596	0.609
CXCR1	ICAM1	9606.ENSP00000295683	9606.ENSP00000264832	0	0	0	0	0.090	0	0	0.662	0.680
CXCR1	ERBB2	9606.ENSP00000295683	9606.ENSP00000269571	0	0	0	0	0.063	0.048	0	0.590	0.602
CXCR1	EGFR	9606.ENSP00000295683	9606.ENSP00000275493	0	0	0	0	0.063	0.048	0	0.606	0.617
CXCR1	FLT1	9606.ENSP00000295683	9606.ENSP00000282397	0	0	0	0	0.074	0	0	0.575	0.589
CXCR1	VCAM1	9606.ENSP00000295683	9606.ENSP00000294728	0	0	0	0	0	0.098	0	0.376	0.413
CXCR1	PTPRC	9606.ENSP00000295683	9606.ENSP00000411355	0	0	0	0	0.166	0	0	0.395	0.474
CXCR1	ELANE	9606.ENSP00000295683	9606.ENSP00000466090	0	0	0	0	0.088	0.052	0	0.448	0.481
CXCR1	FPR2	9606.ENSP00000295683	9606.ENSP00000468897	0	0	0	0.739	0.461	0	0	0.147	0.521
CXCR1	SELE	9606.ENSP00000295683	9606.ENSP00000331736	0	0	0	0	0.062	0	0	0.543	0.553
CXCR1	HCK	9606.ENSP00000295683	9606.ENSP00000365012	0	0	0	0	0.223	0	0	0.463	0.565
CXCR1	TLR4	9606.ENSP00000295683	9606.ENSP00000363089	0	0	0	0	0.211	0	0	0.479	0.571
CXCR1	FGR	9606.ENSP00000295683	9606.ENSP00000363117	0	0	0	0	0.262	0	0	0.455	0.580
CXCR1	ITGAL	9606.ENSP00000295683	9606.ENSP00000349252	0	0	0	0	0.115	0	0	0.570	0.603
CXCR1	MMP9	9606.ENSP00000295683	9606.ENSP00000361405	0	0	0	0	0.200	0	0	0.527	0.605
CXCR1	TNF	9606.ENSP00000295683	9606.ENSP00000398698	0	0	0	0	0.134	0	0	0.584	0.625
CXCR1	SRC	9606.ENSP00000295683	9606.ENSP00000362680	0	0	0	0	0.089	0	0.500	0.348	0.677
CXCR1	F2	9606.ENSP00000295683	9606.ENSP00000308541	0	0	0	0	0	0.052	0.650	0.113	0.680
CXCR1	JAK3	9606.ENSP00000295683	9606.ENSP00000432511	0	0	0	0	0.107	0	0.650	0.185	0.723
CXCR1	JAK2	9606.ENSP00000295683	9606.ENSP00000371067	0	0	0	0	0.124	0	0.650	0.294	0.764
CXCR1	FPR1	9606.ENSP00000295683	9606.ENSP00000471493	0	0	0	0.740	0.334	0	0.500	0.566	0.842
CXCR1	CXCR4	9606.ENSP00000295683	9606.ENSP00000386884	0	0	0	0.846	0.137	0	0.500	0.695	0.857
CXCR1	CXCR3	9606.ENSP00000295683	9606.ENSP00000362795	0	0	0	0.865	0.084	0	0.500	0.887	0.943
CXCR1	CXCR2	9606.ENSP00000295683	9606.ENSP00000319635	0	0	0.052	0.976	0.771	0	0.900	0.980	0.999
CXCR2	MIF	9606.ENSP00000319635	9606.ENSP00000215754	0	0	0	0	0	0.292	0	0.991	0.993
CXCR2	MMP2	9606.ENSP00000319635	9606.ENSP00000219070	0	0	0	0	0.074	0	0	0.417	0.437
CXCR2	MPO	9606.ENSP00000319635	9606.ENSP00000225275	0	0	0	0	0.137	0	0	0.591	0.632
CXCR2	NFKB1	9606.ENSP00000319635	9606.ENSP00000226574	0	0	0	0	0.098	0.045	0	0.447	0.482
CXCR2	PDGFRA	9606.ENSP00000319635	9606.ENSP00000257290	0	0	0	0	0.103	0	0	0.529	0.559
CXCR2	PDGFRB	9606.ENSP00000319635	9606.ENSP00000261799	0	0	0	0	0.066	0	0	0.541	0.552
CXCR2	MAP3K8	9606.ENSP00000319635	9606.ENSP00000263056	0	0	0	0	0.092	0	0	0.433	0.463
CXCR2	KDR	9606.ENSP00000319635	9606.ENSP00000263923	0	0	0	0	0.077	0	0	0.418	0.440
CXCR2	ICAM1	9606.ENSP00000319635	9606.ENSP00000264832	0	0	0	0	0.074	0	0	0.582	0.596
CXCR2	EGFR	9606.ENSP00000319635	9606.ENSP00000275493	0	0	0	0	0.063	0.048	0	0.447	0.463
CXCR2	FLT1	9606.ENSP00000319635	9606.ENSP00000282397	0	0	0	0	0.074	0	0	0.608	0.621
CXCR2	VCAM1	9606.ENSP00000319635	9606.ENSP00000294728	0	0	0	0	0	0.098	0	0.506	0.535
CXCR2	MMP3	9606.ENSP00000319635	9606.ENSP00000299855	0	0	0	0	0.074	0	0	0.577	0.591
CXCR2	MAP2K1	9606.ENSP00000319635	9606.ENSP00000302486	0	0	0	0	0.069	0	0	0.494	0.508
CXCR2	F2	9606.ENSP00000319635	9606.ENSP00000308541	0	0	0	0	0	0.052	0.650	0.134	0.687
CXCR2	TLR9	9606.ENSP00000319635	9606.ENSP00000353874	0	0	0	0	0.062	0	0	0.400	0.413
CXCR2	HMGB1	9606.ENSP00000319635	9606.ENSP00000345347	0	0	0	0	0	0	0	0.416	0.416
CXCR2	STAT1	9606.ENSP00000319635	9606.ENSP00000354394	0	0	0	0	0.100	0	0	0.400	0.437
CXCR2	IDO1	9606.ENSP00000319635	9606.ENSP00000430950	0	0	0	0	0.085	0	0	0.445	0.470
CXCR2	RXRA	9606.ENSP00000319635	9606.ENSP00000419692	0	0	0	0	0.062	0	0	0.459	0.470
CXCR2	SELE	9606.ENSP00000319635	9606.ENSP00000331736	0	0	0	0	0.074	0	0	0.474	0.492
CXCR2	MMP1	9606.ENSP00000319635	9606.ENSP00000322788	0	0	0	0	0.141	0	0	0.541	0.589
CXCR2	ELANE	9606.ENSP00000319635	9606.ENSP00000466090	0	0	0	0	0.066	0.052	0	0.586	0.602
CXCR2	PTPRC	9606.ENSP00000319635	9606.ENSP00000411355	0	0	0	0	0.194	0	0	0.528	0.603
CXCR2	ITGAL	9606.ENSP00000319635	9606.ENSP00000349252	0	0	0	0	0.125	0	0	0.604	0.639
CXCR2	FPR2	9606.ENSP00000319635	9606.ENSP00000468897	0	0	0	0.756	0.392	0	0	0.479	0.669
CXCR2	PTGS2	9606.ENSP00000319635	9606.ENSP00000356438	0	0	0	0	0.158	0	0	0.641	0.685
CXCR2	SRC	9606.ENSP00000319635	9606.ENSP00000362680	0	0	0	0	0.084	0	0.500	0.417	0.709
CXCR2	JAK3	9606.ENSP00000319635	9606.ENSP00000432511	0	0	0	0	0.111	0	0.650	0.184	0.724
CXCR2	MMP9	9606.ENSP00000319635	9606.ENSP00000361405	0	0	0	0	0.165	0	0	0.747	0.780
CXCR2	JAK2	9606.ENSP00000319635	9606.ENSP00000371067	0	0	0	0	0.131	0	0.650	0.368	0.791
CXCR2	TLR4	9606.ENSP00000319635	9606.ENSP00000363089	0	0	0	0	0.192	0	0	0.771	0.807
CXCR2	FPR1	9606.ENSP00000319635	9606.ENSP00000471493	0	0	0	0.748	0.392	0	0.500	0.505	0.836
CXCR2	CXCR3	9606.ENSP00000319635	9606.ENSP00000362795	0	0	0	0.870	0.063	0	0.500	0.726	0.860
CXCR2	TNF	9606.ENSP00000319635	9606.ENSP00000398698	0	0	0	0	0.128	0	0	0.849	0.862
CXCR2	CXCR4	9606.ENSP00000319635	9606.ENSP00000386884	0	0	0	0.838	0.122	0	0.500	0.984	0.992
CXCR3	MIF	9606.ENSP00000362795	9606.ENSP00000215754	0	0	0	0	0.042	0	0	0.599	0.599
CXCR3	NFKB1	9606.ENSP00000362795	9606.ENSP00000226574	0	0	0	0	0.048	0.045	0	0.396	0.402
CXCR3	ICAM1	9606.ENSP00000362795	9606.ENSP00000264832	0	0	0	0	0.048	0	0	0.740	0.742
CXCR3	ZAP70	9606.ENSP00000362795	9606.ENSP00000264972	0	0	0	0	0.233	0	0	0.491	0.593
CXCR3	FLT1	9606.ENSP00000362795	9606.ENSP00000282397	0	0	0	0	0	0	0	0.492	0.491
CXCR3	VCAM1	9606.ENSP00000362795	9606.ENSP00000294728	0	0	0	0	0.056	0.098	0	0.722	0.742
CXCR3	PLG	9606.ENSP00000362795	9606.ENSP00000308938	0	0	0	0	0	0.052	0	0.441	0.447
CXCR3	SELE	9606.ENSP00000362795	9606.ENSP00000331736	0	0	0	0	0.047	0	0	0.617	0.619
CXCR3	ITGAL	9606.ENSP00000362795	9606.ENSP00000349252	0	0	0	0	0.208	0	0	0.569	0.644
CXCR3	DPP4	9606.ENSP00000362795	9606.ENSP00000353731	0	0	0	0	0.062	0	0	0.420	0.432
CXCR3	TLR9	9606.ENSP00000362795	9606.ENSP00000353874	0	0	0	0	0.087	0	0	0.476	0.501
CXCR3	STAT1	9606.ENSP00000362795	9606.ENSP00000354394	0	0	0	0	0.050	0	0	0.580	0.583
CXCR3	MMP9	9606.ENSP00000362795	9606.ENSP00000361405	0	0	0	0	0.070	0	0	0.437	0.454
CXCR3	SRC	9606.ENSP00000362795	9606.ENSP00000362680	0	0	0	0	0	0	0.500	0.291	0.630
CXCR3	TLR4	9606.ENSP00000362795	9606.ENSP00000363089	0	0	0	0	0.060	0	0	0.480	0.490
CXCR3	LCK	9606.ENSP00000362795	9606.ENSP00000477713	0	0	0	0	0.257	0	0	0.366	0.509
CXCR3	IDO1	9606.ENSP00000362795	9606.ENSP00000430950	0	0	0	0	0.060	0	0	0.507	0.516
CXCR3	ITGA4	9606.ENSP00000362795	9606.ENSP00000380227	0	0	0	0	0.074	0	0	0.707	0.717
CXCR3	PTPRC	9606.ENSP00000362795	9606.ENSP00000411355	0	0	0	0	0.139	0	0	0.690	0.721
CXCR3	JAK3	9606.ENSP00000362795	9606.ENSP00000432511	0	0	0	0	0.085	0	0.650	0.273	0.746
CXCR3	JAK2	9606.ENSP00000362795	9606.ENSP00000371067	0	0	0	0	0.044	0	0.650	0.324	0.754
CXCR3	TNF	9606.ENSP00000362795	9606.ENSP00000398698	0	0	0	0	0.108	0	0	0.804	0.817
CXCR3	CXCR4	9606.ENSP00000362795	9606.ENSP00000386884	0	0	0	0.854	0.083	0.322	0.500	0.913	0.969
CXCR4	SIRT1	9606.ENSP00000386884	9606.ENSP00000212015	0	0	0	0	0.055	0	0	0.515	0.522
CXCR4	MIF	9606.ENSP00000386884	9606.ENSP00000215754	0	0	0	0	0.056	0	0	0.991	0.991
CXCR4	MMP2	9606.ENSP00000386884	9606.ENSP00000219070	0	0	0	0	0.048	0	0	0.608	0.610
CXCR4	MPO	9606.ENSP00000386884	9606.ENSP00000225275	0	0	0	0	0.067	0	0	0.407	0.423
CXCR4	NFKB1	9606.ENSP00000386884	9606.ENSP00000226574	0	0	0	0	0.107	0.045	0	0.714	0.734
CXCR4	FLT3	9606.ENSP00000386884	9606.ENSP00000241453	0	0	0	0	0.072	0	0	0.511	0.527
CXCR4	LGALS3	9606.ENSP00000386884	9606.ENSP00000254301	0	0	0	0	0.099	0	0	0.379	0.416
CXCR4	PDGFRA	9606.ENSP00000386884	9606.ENSP00000257290	0	0	0	0	0	0	0	0.493	0.493
CXCR4	MMP7	9606.ENSP00000386884	9606.ENSP00000260227	0	0	0	0	0.105	0	0	0.410	0.449
CXCR4	MMP13	9606.ENSP00000386884	9606.ENSP00000260302	0	0	0	0	0.043	0	0	0.629	0.629
CXCR4	PDGFRB	9606.ENSP00000386884	9606.ENSP00000261799	0	0	0	0	0	0	0	0.707	0.707
CXCR4	FLT4	9606.ENSP00000386884	9606.ENSP00000261937	0	0	0	0	0	0	0	0.438	0.438
CXCR4	KCNH2	9606.ENSP00000386884	9606.ENSP00000262186	0	0	0	0	0.043	0	0	0.482	0.483
CXCR4	ITGA2B	9606.ENSP00000386884	9606.ENSP00000262407	0	0	0	0	0.086	0	0	0.417	0.444
CXCR4	KAT2B	9606.ENSP00000386884	9606.ENSP00000263754	0	0	0	0	0.049	0	0	0.425	0.429
CXCR4	KDR	9606.ENSP00000386884	9606.ENSP00000263923	0	0	0	0	0.048	0	0	0.673	0.675
CXCR4	PIK3CA	9606.ENSP00000386884	9606.ENSP00000263967	0	0	0	0	0.083	0.087	0	0.413	0.466
CXCR4	ICAM1	9606.ENSP00000386884	9606.ENSP00000264832	0	0	0	0	0.115	0	0	0.823	0.837
CXCR4	ZAP70	9606.ENSP00000386884	9606.ENSP00000264972	0	0	0	0	0.165	0	0	0.440	0.513
CXCR4	ENPEP	9606.ENSP00000386884	9606.ENSP00000265162	0	0	0	0	0.043	0	0	0.901	0.901
CXCR4	ERBB2	9606.ENSP00000386884	9606.ENSP00000269571	0	0	0	0	0	0.048	0	0.728	0.729
CXCR4	EGFR	9606.ENSP00000386884	9606.ENSP00000275493	0	0	0	0	0	0.048	0	0.624	0.627
CXCR4	FLT1	9606.ENSP00000386884	9606.ENSP00000282397	0	0	0	0	0.049	0	0	0.700	0.702
CXCR4	PPARG	9606.ENSP00000386884	9606.ENSP00000287820	0	0	0	0	0.099	0	0	0.417	0.452
CXCR4	VCAM1	9606.ENSP00000386884	9606.ENSP00000294728	0	0	0	0	0.056	0.098	0	0.976	0.978
CXCR4	NOS3	9606.ENSP00000386884	9606.ENSP00000297494	0	0	0	0	0	0	0	0.424	0.424
CXCR4	MMP3	9606.ENSP00000386884	9606.ENSP00000299855	0	0	0	0	0	0	0	0.418	0.418
CXCR4	F2	9606.ENSP00000386884	9606.ENSP00000308541	0	0	0	0	0	0.052	0.900	0.206	0.918
CXCR4	MET	9606.ENSP00000386884	9606.ENSP00000317272	0	0	0	0	0	0	0	0.797	0.797
CXCR4	MMP1	9606.ENSP00000386884	9606.ENSP00000322788	0	0	0	0	0	0	0	0.469	0.469
CXCR4	GSK3B	9606.ENSP00000386884	9606.ENSP00000324806	0	0	0	0	0	0.045	0	0.446	0.448
CXCR4	PGR	9606.ENSP00000386884	9606.ENSP00000325120	0	0	0	0	0	0	0	0.545	0.545
CXCR4	SELE	9606.ENSP00000386884	9606.ENSP00000331736	0	0	0	0	0.077	0	0	0.548	0.565
CXCR4	HSP90AA1	9606.ENSP00000386884	9606.ENSP00000335153	0	0	0	0	0	0	0	0.746	0.746
CXCR4	PTK2	9606.ENSP00000386884	9606.ENSP00000341189	0	0	0	0	0	0.292	0	0.448	0.592
CXCR4	ESR2	9606.ENSP00000386884	9606.ENSP00000343925	0	0	0	0	0	0	0	0.515	0.515
CXCR4	HMGB1	9606.ENSP00000386884	9606.ENSP00000345347	0	0	0	0	0.061	0.292	0	0.906	0.932
CXCR4	FYN	9606.ENSP00000386884	9606.ENSP00000346671	0	0	0	0	0.116	0	0	0.350	0.401
CXCR4	RET	9606.ENSP00000386884	9606.ENSP00000347942	0	0	0	0	0	0	0	0.538	0.538
CXCR4	ITGAL	9606.ENSP00000386884	9606.ENSP00000349252	0	0	0	0	0.147	0	0	0.788	0.811
CXCR4	DPP4	9606.ENSP00000386884	9606.ENSP00000353731	0	0	0	0	0	0	0	0.985	0.985
CXCR4	TLR9	9606.ENSP00000386884	9606.ENSP00000353874	0	0	0	0	0.083	0	0	0.479	0.501
CXCR4	STAT1	9606.ENSP00000386884	9606.ENSP00000354394	0	0	0	0	0.088	0	0	0.487	0.513
CXCR4	MTOR	9606.ENSP00000386884	9606.ENSP00000354558	0	0	0	0	0	0.075	0	0.482	0.501
CXCR4	DRD2	9606.ENSP00000386884	9606.ENSP00000354859	0	0	0	0	0.071	0	0	0.583	0.596
CXCR4	PTGS2	9606.ENSP00000386884	9606.ENSP00000356438	0	0	0	0	0.119	0	0	0.537	0.575
CXCR4	MCL1	9606.ENSP00000386884	9606.ENSP00000358022	0	0	0	0	0.190	0	0	0.431	0.519
CXCR4	HSP90AB1	9606.ENSP00000386884	9606.ENSP00000360609	0	0	0	0	0.042	0	0	0.600	0.600
CXCR4	MMP9	9606.ENSP00000386884	9606.ENSP00000361405	0	0	0	0	0.148	0	0	0.824	0.844
CXCR4	MPL	9606.ENSP00000386884	9606.ENSP00000361548	0	0	0	0	0	0	0	0.555	0.555
CXCR4	PLAU	9606.ENSP00000386884	9606.ENSP00000361850	0	0	0	0	0.108	0.052	0	0.473	0.515
CXCR4	SRC	9606.ENSP00000386884	9606.ENSP00000362680	0	0	0	0	0.091	0	0.500	0.725	0.864
CXCR4	TLR4	9606.ENSP00000386884	9606.ENSP00000363089	0	0	0	0	0.128	0	0	0.807	0.824
CXCR4	SYK	9606.ENSP00000386884	9606.ENSP00000364898	0	0	0	0	0.145	0	0	0.454	0.514
CXCR4	PIK3CD	9606.ENSP00000386884	9606.ENSP00000366563	0	0	0	0	0.104	0.087	0	0.449	0.510
CXCR4	JAK2	9606.ENSP00000386884	9606.ENSP00000371067	0	0	0	0	0.111	0.292	0.650	0.498	0.874
CXCR4	DRD3	9606.ENSP00000386884	9606.ENSP00000373169	0	0	0	0.573	0.071	0	0	0.419	0.437
CXCR4	ITGB1	9606.ENSP00000386884	9606.ENSP00000379350	0	0	0	0	0.060	0	0	0.815	0.819
CXCR4	CYP19A1	9606.ENSP00000386884	9606.ENSP00000379683	0	0	0	0	0	0	0	0.504	0.504
CXCR4	ITGA4	9606.ENSP00000386884	9606.ENSP00000380227	0	0	0	0	0.126	0	0	0.744	0.767
CXCR4	RELA	9606.ENSP00000386884	9606.ENSP00000384273	0	0	0	0	0.097	0.297	0	0.398	0.585
CXCR4	ITGB3	9606.ENSP00000386884	9606.ENSP00000452786	0	0	0	0	0.060	0	0	0.403	0.415
CXCR4	ITK	9606.ENSP00000386884	9606.ENSP00000398655	0	0	0	0	0.196	0	0	0.320	0.430
CXCR4	MME	9606.ENSP00000386884	9606.ENSP00000418525	0	0	0	0	0.042	0	0	0.434	0.434
CXCR4	LYN	9606.ENSP00000386884	9606.ENSP00000428924	0	0	0	0	0.104	0	0	0.400	0.440
CXCR4	ELANE	9606.ENSP00000386884	9606.ENSP00000466090	0	0	0	0	0.064	0.052	0	0.446	0.465
CXCR4	PTPN6	9606.ENSP00000386884	9606.ENSP00000391592	0	0	0	0	0.156	0.292	0	0.202	0.481
CXCR4	JAK1	9606.ENSP00000386884	9606.ENSP00000499900	0	0	0	0	0.126	0.076	0	0.409	0.481
CXCR4	PTPN11	9606.ENSP00000386884	9606.ENSP00000489597	0	0	0	0	0.102	0.292	0	0.292	0.510
CXCR4	PIK3CG	9606.ENSP00000386884	9606.ENSP00000419260	0	0	0	0	0.149	0.095	0	0.445	0.536
CXCR4	IDO1	9606.ENSP00000386884	9606.ENSP00000430950	0	0	0	0	0.094	0	0	0.547	0.573
CXCR4	LCK	9606.ENSP00000386884	9606.ENSP00000477713	0	0	0	0	0.174	0	0	0.506	0.574
CXCR4	TGFBR1	9606.ENSP00000386884	9606.ENSP00000447297	0	0	0	0	0.098	0	0	0.555	0.581
CXCR4	IGF1R	9606.ENSP00000386884	9606.ENSP00000497069	0	0	0	0	0.042	0	0	0.697	0.697
CXCR4	ESR1	9606.ENSP00000386884	9606.ENSP00000405330	0	0	0	0	0	0	0	0.702	0.702
CXCR4	TNF	9606.ENSP00000386884	9606.ENSP00000398698	0	0	0	0	0.131	0	0	0.795	0.814
CXCR4	JAK3	9606.ENSP00000386884	9606.ENSP00000432511	0	0	0	0	0.099	0.292	0.650	0.662	0.914
CXCR4	PTPRC	9606.ENSP00000386884	9606.ENSP00000411355	0	0	0	0	0.268	0.292	0	0.881	0.933
CYP11B1	HSD17B2	9606.ENSP00000292427	9606.ENSP00000199936	0	0	0	0	0.056	0.045	0.900	0.399	0.938
CYP11B1	HSD17B1	9606.ENSP00000292427	9606.ENSP00000225929	0	0	0	0	0.097	0	0.155	0.533	0.612
CYP11B1	NR3C1	9606.ENSP00000292427	9606.ENSP00000231509	0	0	0	0	0	0.056	0	0.478	0.486
CYP11B1	REN	9606.ENSP00000292427	9606.ENSP00000272190	0	0	0	0	0.057	0.052	0	0.794	0.800
CYP11B1	SRD5A1	9606.ENSP00000292427	9606.ENSP00000274192	0	0	0	0	0	0	0.900	0.474	0.945
CYP11B1	CYP2D6	9606.ENSP00000292427	9606.ENSP00000496150	0	0	0.246	0.571	0.076	0.091	0	0.168	0.403
CYP11B1	CYP3A4	9606.ENSP00000292427	9606.ENSP00000498939	0	0	0.238	0.595	0.055	0.099	0	0.214	0.422
CYP11B1	CYP1A2	9606.ENSP00000292427	9606.ENSP00000342007	0	0	0.252	0.564	0.076	0.091	0	0.230	0.452
CYP11B1	NR3C2	9606.ENSP00000292427	9606.ENSP00000350815	0	0	0	0	0	0.056	0	0.628	0.633
CYP11B1	CYP11B2	9606.ENSP00000292427	9606.ENSP00000325822	0	0	0.048	0.985	0.142	0	0.900	0.055	0.912
CYP11B1	CYP19A1	9606.ENSP00000292427	9606.ENSP00000379683	0	0	0.249	0.570	0.067	0.067	0.900	0.346	0.949
CYP11B1	SRD5A2	9606.ENSP00000292427	9606.ENSP00000477587	0	0	0	0	0.047	0	0.900	0.532	0.951
CYP11B1	CYP17A1	9606.ENSP00000292427	9606.ENSP00000358903	0	0	0.248	0.574	0.156	0.091	0.900	0.474	0.964
CYP11B1	HSD11B1	9606.ENSP00000292427	9606.ENSP00000355995	0	0	0	0	0.091	0	0.911	0.625	0.967
CYP11B1	HSD17B3	9606.ENSP00000292427	9606.ENSP00000364412	0	0	0	0	0.068	0.105	0.906	0.668	0.970
CYP11B1	HSD11B2	9606.ENSP00000292427	9606.ENSP00000316786	0	0	0	0	0.056	0.045	0.900	0.919	0.991
CYP11B2	HSD17B2	9606.ENSP00000325822	9606.ENSP00000199936	0	0	0	0	0.056	0.045	0.900	0.289	0.927
CYP11B2	HSD17B1	9606.ENSP00000325822	9606.ENSP00000225929	0	0	0	0	0.091	0	0.155	0.506	0.588
CYP11B2	NR3C1	9606.ENSP00000325822	9606.ENSP00000231509	0	0	0	0	0	0.056	0	0.425	0.434
CYP11B2	CYP2C9	9606.ENSP00000325822	9606.ENSP00000260682	0	0	0.242	0.583	0.062	0.091	0	0.184	0.403
CYP11B2	REN	9606.ENSP00000325822	9606.ENSP00000272190	0	0	0	0	0.052	0.052	0	0.912	0.914
CYP11B2	SRD5A1	9606.ENSP00000325822	9606.ENSP00000274192	0	0	0	0	0	0	0.900	0.386	0.936
CYP11B2	HSD11B2	9606.ENSP00000325822	9606.ENSP00000316786	0	0	0	0	0.056	0.045	0.900	0.900	0.989
CYP11B2	CYP1A2	9606.ENSP00000325822	9606.ENSP00000342007	0	0	0.252	0.563	0.064	0.091	0	0.223	0.440
CYP11B2	PIK3CD	9606.ENSP00000325822	9606.ENSP00000366563	0	0	0	0	0	0	0	0.547	0.547
CYP11B2	NR3C2	9606.ENSP00000325822	9606.ENSP00000350815	0	0	0	0	0	0.056	0	0.792	0.795
CYP11B2	SRD5A2	9606.ENSP00000325822	9606.ENSP00000477587	0	0	0	0	0.055	0	0.900	0.398	0.938
CYP11B2	CYP19A1	9606.ENSP00000325822	9606.ENSP00000379683	0	0	0.250	0.567	0.056	0.067	0.900	0.323	0.947
CYP11B2	HSD11B1	9606.ENSP00000325822	9606.ENSP00000355995	0	0	0	0	0.091	0	0.911	0.532	0.959
CYP11B2	HSD17B3	9606.ENSP00000325822	9606.ENSP00000364412	0	0	0	0	0.068	0.105	0.906	0.567	0.961
CYP11B2	CYP17A1	9606.ENSP00000325822	9606.ENSP00000358903	0	0	0.249	0.571	0.159	0.091	0.900	0.458	0.963
CYP17A1	HSD17B2	9606.ENSP00000358903	9606.ENSP00000199936	0	0	0	0	0.062	0.045	0.900	0.732	0.972
CYP17A1	STS	9606.ENSP00000358903	9606.ENSP00000217961	0	0	0	0	0	0	0.900	0.473	0.945
CYP17A1	HSD17B1	9606.ENSP00000358903	9606.ENSP00000225929	0	0	0	0	0.091	0.053	0.155	0.821	0.852
CYP17A1	GNRHR	9606.ENSP00000358903	9606.ENSP00000226413	0	0	0	0	0.116	0	0	0.435	0.479
CYP17A1	SQLE	9606.ENSP00000358903	9606.ENSP00000265896	0	0	0	0	0.131	0.113	0.111	0.315	0.468
CYP17A1	REN	9606.ENSP00000358903	9606.ENSP00000272190	0	0	0	0	0.071	0.052	0	0.443	0.467
CYP17A1	SRD5A1	9606.ENSP00000358903	9606.ENSP00000274192	0	0	0	0	0	0	0.900	0.929	0.992
CYP17A1	HMGCR	9606.ENSP00000358903	9606.ENSP00000287936	0	0	0	0	0.068	0	0	0.413	0.429
CYP17A1	FASN	9606.ENSP00000358903	9606.ENSP00000304592	0.052	0	0	0	0.067	0.056	0.217	0.303	0.461
CYP17A1	PRKACA	9606.ENSP00000358903	9606.ENSP00000309591	0	0	0	0	0.086	0.046	0	0.376	0.408
CYP17A1	HSD11B2	9606.ENSP00000358903	9606.ENSP00000316786	0	0	0	0	0.113	0.045	0	0.855	0.867
CYP17A1	PGR	9606.ENSP00000358903	9606.ENSP00000325120	0	0	0	0	0	0.056	0	0.599	0.605
CYP17A1	NR1I2	9606.ENSP00000358903	9606.ENSP00000336528	0	0	0	0	0.104	0.056	0	0.370	0.420
CYP17A1	CYP1A2	9606.ENSP00000358903	9606.ENSP00000342007	0	0	0.150	0.779	0.101	0	0.900	0.183	0.929
CYP17A1	ESR2	9606.ENSP00000358903	9606.ENSP00000343925	0	0	0	0	0.042	0.056	0	0.641	0.646
CYP17A1	NR3C2	9606.ENSP00000358903	9606.ENSP00000350815	0	0	0	0	0	0.056	0	0.455	0.464
CYP17A1	HSD11B1	9606.ENSP00000358903	9606.ENSP00000355995	0	0	0	0	0.091	0.069	0.155	0.700	0.757
CYP17A1	NR4A1	9606.ENSP00000358903	9606.ENSP00000440864	0	0	0	0	0	0	0	0.446	0.446
CYP17A1	GSTP1	9606.ENSP00000358903	9606.ENSP00000381607	0	0	0	0	0.109	0.045	0	0.612	0.641
CYP17A1	ESR1	9606.ENSP00000358903	9606.ENSP00000405330	0	0	0	0	0	0.056	0	0.656	0.661
CYP17A1	CYP3A4	9606.ENSP00000358903	9606.ENSP00000498939	0	0	0.225	0.628	0.103	0.076	0.905	0.279	0.948
CYP17A1	CYP19A1	9606.ENSP00000358903	9606.ENSP00000379683	0	0	0.249	0.577	0.048	0.052	0.906	0.614	0.971
CYP17A1	SRD5A2	9606.ENSP00000358903	9606.ENSP00000477587	0	0	0	0	0	0	0.900	0.866	0.986
CYP17A1	HSD17B3	9606.ENSP00000358903	9606.ENSP00000364412	0	0	0	0	0.068	0.105	0.906	0.905	0.991
CYP19A1	HSD17B2	9606.ENSP00000379683	9606.ENSP00000199936	0	0	0	0	0.056	0.051	0.900	0.674	0.966
CYP19A1	STS	9606.ENSP00000379683	9606.ENSP00000217961	0	0	0	0	0.047	0	0	0.735	0.737
CYP19A1	HSD17B1	9606.ENSP00000379683	9606.ENSP00000225929	0	0	0	0	0.106	0	0.911	0.821	0.984
CYP19A1	GNRHR	9606.ENSP00000379683	9606.ENSP00000226413	0	0	0	0	0.068	0	0	0.467	0.482
CYP19A1	CYP2C9	9606.ENSP00000379683	9606.ENSP00000260682	0	0	0.249	0.575	0.042	0.052	0.120	0.245	0.465
CYP19A1	PIK3CA	9606.ENSP00000379683	9606.ENSP00000263967	0	0	0	0	0	0	0	0.517	0.517
CYP19A1	SQLE	9606.ENSP00000379683	9606.ENSP00000265896	0	0	0	0	0.131	0.286	0.111	0.309	0.567
CYP19A1	ERBB2	9606.ENSP00000379683	9606.ENSP00000269571	0	0	0	0	0.056	0	0	0.806	0.809
CYP19A1	SRD5A1	9606.ENSP00000379683	9606.ENSP00000274192	0	0	0	0	0	0	0.900	0.732	0.972
CYP19A1	EGFR	9606.ENSP00000379683	9606.ENSP00000275493	0	0	0	0	0.086	0	0	0.608	0.626
CYP19A1	PPARG	9606.ENSP00000379683	9606.ENSP00000287820	0	0	0	0	0.044	0.056	0	0.508	0.518
CYP19A1	HMGCR	9606.ENSP00000379683	9606.ENSP00000287936	0	0	0	0	0.068	0.139	0	0.395	0.472
CYP19A1	FASN	9606.ENSP00000379683	9606.ENSP00000304592	0.052	0	0	0	0.103	0.067	0.217	0.306	0.490
CYP19A1	PRKACA	9606.ENSP00000379683	9606.ENSP00000309591	0	0	0	0	0.055	0.046	0	0.433	0.445
CYP19A1	HSD11B2	9606.ENSP00000379683	9606.ENSP00000316786	0	0	0	0	0.056	0.051	0	0.645	0.655
CYP19A1	PGR	9606.ENSP00000379683	9606.ENSP00000325120	0	0	0	0	0.044	0.056	0	0.881	0.883
CYP19A1	CYP1A2	9606.ENSP00000379683	9606.ENSP00000342007	0	0	0.252	0.564	0	0.052	0.172	0.282	0.522
CYP19A1	ESR2	9606.ENSP00000379683	9606.ENSP00000343925	0	0	0	0	0.048	0.056	0	0.923	0.925
CYP19A1	MTOR	9606.ENSP00000379683	9606.ENSP00000354558	0	0	0	0	0	0	0	0.507	0.507
CYP19A1	PARP1	9606.ENSP00000379683	9606.ENSP00000355759	0	0	0	0	0	0	0	0.415	0.414
CYP19A1	HSD11B1	9606.ENSP00000379683	9606.ENSP00000355995	0	0	0	0	0.092	0	0.155	0.437	0.531
CYP19A1	PTGS2	9606.ENSP00000379683	9606.ENSP00000356438	0	0	0	0	0.067	0	0	0.586	0.597
CYP19A1	CYP2C19	9606.ENSP00000379683	9606.ENSP00000360372	0	0	0.249	0.574	0.047	0.052	0.120	0.318	0.519
CYP19A1	SRC	9606.ENSP00000379683	9606.ENSP00000362680	0	0	0	0	0.104	0.051	0	0.436	0.478
CYP19A1	HSD17B3	9606.ENSP00000379683	9606.ENSP00000364412	0	0	0	0	0.109	0.129	0.906	0.660	0.972
CYP19A1	GRM2	9606.ENSP00000379683	9606.ENSP00000378492	0	0	0	0	0	0	0	0.732	0.732
CYP19A1	TNF	9606.ENSP00000379683	9606.ENSP00000398698	0	0	0	0	0	0	0	0.479	0.479
CYP19A1	CYP2D6	9606.ENSP00000379683	9606.ENSP00000496150	0	0	0.250	0.570	0	0.052	0.154	0.303	0.525
CYP19A1	IGF1R	9606.ENSP00000379683	9606.ENSP00000497069	0	0	0	0	0.055	0.051	0	0.545	0.556
CYP19A1	ESR1	9606.ENSP00000379683	9606.ENSP00000405330	0	0	0	0	0.042	0.056	0	0.925	0.927
CYP19A1	CYP3A4	9606.ENSP00000379683	9606.ENSP00000498939	0	0	0.248	0.580	0.042	0.062	0.909	0.307	0.950
CYP19A1	SRD5A2	9606.ENSP00000379683	9606.ENSP00000477587	0	0	0	0	0	0	0.900	0.627	0.961
CYP1A2	STS	9606.ENSP00000342007	9606.ENSP00000217961	0	0	0	0	0.067	0	0.900	0.192	0.918
CYP1A2	HSD17B1	9606.ENSP00000342007	9606.ENSP00000225929	0	0	0	0	0.091	0.053	0.155	0.315	0.435
CYP1A2	CYP2C9	9606.ENSP00000342007	9606.ENSP00000260682	0	0	0.156	0.765	0.159	0	0.908	0.286	0.947
CYP1A2	SLC6A4	9606.ENSP00000342007	9606.ENSP00000261707	0	0	0	0	0.051	0	0	0.648	0.651
CYP1A2	KCNH2	9606.ENSP00000342007	9606.ENSP00000262186	0	0	0	0	0.060	0	0	0.576	0.584
CYP1A2	HTR2C	9606.ENSP00000342007	9606.ENSP00000276198	0	0	0	0	0	0	0	0.432	0.432
CYP1A2	FASN	9606.ENSP00000342007	9606.ENSP00000304592	0.052	0	0	0	0.067	0.056	0.217	0.269	0.435
CYP1A2	P2RY12	9606.ENSP00000342007	9606.ENSP00000307259	0	0	0	0	0	0	0	0.411	0.410
CYP1A2	F2	9606.ENSP00000342007	9606.ENSP00000308541	0	0	0	0	0.158	0.078	0	0.305	0.414
CYP1A2	HNF4A	9606.ENSP00000342007	9606.ENSP00000312987	0	0	0	0	0.106	0	0	0.642	0.667
CYP1A2	MET	9606.ENSP00000342007	9606.ENSP00000317272	0	0	0	0	0	0.091	0	0.476	0.504
CYP1A2	HSP90AA1	9606.ENSP00000342007	9606.ENSP00000335153	0	0	0	0	0.054	0.091	0	0.377	0.417
CYP1A2	GSTA1	9606.ENSP00000342007	9606.ENSP00000335620	0	0	0	0	0.069	0.045	0.900	0.590	0.958
CYP1A2	NR1I2	9606.ENSP00000342007	9606.ENSP00000336528	0	0	0	0	0.136	0.056	0	0.812	0.834
CYP1A2	MAOA	9606.ENSP00000342007	9606.ENSP00000340684	0	0	0	0	0.062	0	0	0.530	0.540
CYP1A2	HSP90AB1	9606.ENSP00000342007	9606.ENSP00000360609	0	0	0	0	0.054	0.091	0	0.365	0.406
CYP1A2	CYP2D6	9606.ENSP00000342007	9606.ENSP00000496150	0	0	0.147	0.784	0.094	0	0.154	0.248	0.443
CYP1A2	PPARA	9606.ENSP00000342007	9606.ENSP00000385523	0	0	0	0	0	0.056	0	0.441	0.450
CYP1A2	NR1H4	9606.ENSP00000342007	9606.ENSP00000447149	0	0	0	0	0.128	0.056	0	0.395	0.458
CYP1A2	HTR2A	9606.ENSP00000342007	9606.ENSP00000437737	0	0	0	0	0	0	0	0.479	0.479
CYP1A2	ESR1	9606.ENSP00000342007	9606.ENSP00000405330	0	0	0	0	0.080	0.056	0	0.462	0.492
CYP1A2	MAOB	9606.ENSP00000342007	9606.ENSP00000367309	0	0	0	0	0.062	0	0	0.528	0.539
CYP1A2	DRD3	9606.ENSP00000342007	9606.ENSP00000373169	0	0	0	0	0	0	0	0.552	0.552
CYP1A2	HSD11B1	9606.ENSP00000342007	9606.ENSP00000355995	0	0	0	0	0.098	0.069	0.155	0.447	0.555
CYP1A2	PLA2G4B	9606.ENSP00000342007	9606.ENSP00000396045	0	0	0	0	0	0	0.650	0	0.650
CYP1A2	PLA2G2A	9606.ENSP00000342007	9606.ENSP00000383364	0	0	0	0	0.057	0	0.650	0.073	0.667
CYP1A2	IDO1	9606.ENSP00000342007	9606.ENSP00000430950	0	0	0	0	0.103	0	0.900	0.287	0.930
CYP1A2	XDH	9606.ENSP00000342007	9606.ENSP00000368727	0	0	0	0	0.077	0	0.910	0.432	0.948
CYP1A2	CYP2C19	9606.ENSP00000342007	9606.ENSP00000360372	0	0	0.167	0.743	0.172	0	0.908	0.320	0.951
CYP1A2	GSTP1	9606.ENSP00000342007	9606.ENSP00000381607	0	0	0	0	0.109	0.045	0.900	0.585	0.960
CYP1A2	CYP3A4	9606.ENSP00000342007	9606.ENSP00000498939	0	0	0.233	0.604	0.250	0.076	0.909	0.442	0.968
CYP2C19	CYP2C9	9606.ENSP00000360372	9606.ENSP00000260682	0	0	0.048	0.985	0.514	0.661	0.900	0.370	0.988
CYP2C19	SLC6A4	9606.ENSP00000360372	9606.ENSP00000261707	0	0	0	0	0.051	0	0	0.555	0.560
CYP2C19	KCNH2	9606.ENSP00000360372	9606.ENSP00000262186	0	0	0	0	0.060	0	0	0.570	0.578
CYP2C19	HTR2C	9606.ENSP00000360372	9606.ENSP00000276198	0	0	0	0	0	0	0	0.403	0.403
CYP2C19	HMGCR	9606.ENSP00000360372	9606.ENSP00000287936	0	0	0	0	0.068	0	0	0.433	0.449
CYP2C19	P2RY1	9606.ENSP00000360372	9606.ENSP00000304767	0	0	0	0	0.103	0	0	0.542	0.571
CYP2C19	P2RY12	9606.ENSP00000360372	9606.ENSP00000307259	0	0	0	0	0	0	0	0.912	0.912
CYP2C19	HTR1A	9606.ENSP00000360372	9606.ENSP00000316244	0	0	0	0	0	0	0	0.403	0.403
CYP2C19	GSTA1	9606.ENSP00000360372	9606.ENSP00000335620	0	0	0	0	0.134	0.045	0.650	0.377	0.795
CYP2C19	NR1I2	9606.ENSP00000360372	9606.ENSP00000336528	0	0	0	0	0.143	0.056	0	0.714	0.749
CYP2C19	MAOA	9606.ENSP00000360372	9606.ENSP00000340684	0	0	0	0	0.062	0	0.900	0.496	0.948
CYP2C19	PTGS1	9606.ENSP00000360372	9606.ENSP00000354612	0	0	0	0	0.056	0	0.900	0.369	0.935
CYP2C19	PTGS2	9606.ENSP00000360372	9606.ENSP00000356438	0	0	0	0	0.056	0	0.900	0.293	0.927
CYP2C19	NR1H4	9606.ENSP00000360372	9606.ENSP00000447149	0	0	0	0	0.138	0.056	0	0.331	0.409
CYP2C19	IDO1	9606.ENSP00000360372	9606.ENSP00000430950	0	0	0	0	0.056	0	0	0.414	0.423
CYP2C19	ITGB3	9606.ENSP00000360372	9606.ENSP00000452786	0	0	0	0	0	0	0	0.490	0.489
CYP2C19	HTR2A	9606.ENSP00000360372	9606.ENSP00000437737	0	0	0	0	0	0	0	0.510	0.510
CYP2C19	PLA2G4B	9606.ENSP00000360372	9606.ENSP00000396045	0	0	0	0	0	0	0.650	0	0.650
CYP2C19	EPHX2	9606.ENSP00000360372	9606.ENSP00000430269	0.059	0	0	0	0.057	0.068	0.104	0.602	0.651
CYP2C19	PLA2G2A	9606.ENSP00000360372	9606.ENSP00000383364	0	0	0	0	0.080	0	0.650	0.064	0.672
CYP2C19	GSTP1	9606.ENSP00000360372	9606.ENSP00000381607	0	0	0	0	0.109	0.045	0.650	0.464	0.819
CYP2C19	CYP2D6	9606.ENSP00000360372	9606.ENSP00000496150	0	0	0.096	0.888	0.074	0	0.907	0.147	0.925
CYP2C19	MAOB	9606.ENSP00000360372	9606.ENSP00000367309	0	0	0	0	0.062	0	0.900	0.457	0.944
CYP2C19	CYP3A4	9606.ENSP00000360372	9606.ENSP00000498939	0	0	0.221	0.634	0.326	0.076	0.906	0.408	0.968
CYP2C9	TTR	9606.ENSP00000260682	9606.ENSP00000237014	0	0	0	0	0.099	0	0	0.417	0.452
CYP2C9	HSP90AA1	9606.ENSP00000260682	9606.ENSP00000335153	0	0	0	0	0.054	0.091	0	0.363	0.405
CYP2C9	PTPN1	9606.ENSP00000260682	9606.ENSP00000360683	0	0	0	0	0	0.087	0	0.386	0.416
CYP2C9	XDH	9606.ENSP00000260682	9606.ENSP00000368727	0	0	0	0	0.120	0	0.101	0.339	0.432
CYP2C9	PPARA	9606.ENSP00000260682	9606.ENSP00000385523	0	0	0	0	0	0.056	0	0.427	0.436
CYP2C9	MAOB	9606.ENSP00000260682	9606.ENSP00000367309	0	0	0	0	0.075	0	0	0.434	0.454
CYP2C9	MAOA	9606.ENSP00000260682	9606.ENSP00000340684	0	0	0	0	0.070	0	0	0.441	0.458
CYP2C9	HNF4A	9606.ENSP00000260682	9606.ENSP00000312987	0	0	0	0	0.092	0	0	0.441	0.471
CYP2C9	NR1H4	9606.ENSP00000260682	9606.ENSP00000447149	0	0	0	0	0.184	0.056	0	0.405	0.502
CYP2C9	P2RY12	9606.ENSP00000260682	9606.ENSP00000307259	0	0	0	0	0	0	0	0.506	0.506
CYP2C9	HMGCR	9606.ENSP00000260682	9606.ENSP00000287936	0	0	0	0	0.068	0	0	0.531	0.544
CYP2C9	KCNH2	9606.ENSP00000260682	9606.ENSP00000262186	0	0	0	0	0.060	0	0	0.581	0.589
CYP2C9	F2	9606.ENSP00000260682	9606.ENSP00000308541	0	0	0	0	0.117	0.078	0	0.546	0.598
CYP2C9	SLC6A4	9606.ENSP00000260682	9606.ENSP00000261707	0	0	0	0	0.051	0	0	0.624	0.628
CYP2C9	F7	9606.ENSP00000260682	9606.ENSP00000364731	0	0	0	0	0.074	0.078	0	0.616	0.643
CYP2C9	PLA2G4B	9606.ENSP00000260682	9606.ENSP00000396045	0	0	0	0	0	0	0.650	0	0.650
CYP2C9	PLA2G2A	9606.ENSP00000260682	9606.ENSP00000383364	0	0	0	0	0.073	0	0.650	0.117	0.688
CYP2C9	CYP2D6	9606.ENSP00000260682	9606.ENSP00000496150	0	0	0.097	0.887	0.087	0.292	0.112	0.643	0.781
CYP2C9	NR1I2	9606.ENSP00000260682	9606.ENSP00000336528	0	0	0	0	0.128	0.056	0	0.833	0.850
CYP2C9	PTGS2	9606.ENSP00000260682	9606.ENSP00000356438	0	0	0	0	0.056	0	0.900	0.377	0.936
CYP2C9	PTGS1	9606.ENSP00000260682	9606.ENSP00000354612	0	0	0	0	0.056	0	0.900	0.379	0.936
CYP2C9	GSTA1	9606.ENSP00000260682	9606.ENSP00000335620	0	0	0	0	0.121	0.045	0.900	0.452	0.947
CYP2C9	GSTP1	9606.ENSP00000260682	9606.ENSP00000381607	0	0	0	0	0.109	0.045	0.900	0.494	0.951
CYP2C9	EPHX2	9606.ENSP00000260682	9606.ENSP00000430269	0.059	0	0	0	0.063	0.068	0.906	0.645	0.967
CYP2C9	CYP3A4	9606.ENSP00000260682	9606.ENSP00000498939	0	0	0.216	0.644	0.446	0.317	0.906	0.401	0.980
CYP2D6	SLC6A4	9606.ENSP00000496150	9606.ENSP00000261707	0	0	0	0	0.051	0	0	0.620	0.623
CYP2D6	KCNH2	9606.ENSP00000496150	9606.ENSP00000262186	0	0	0	0	0.060	0	0	0.663	0.670
CYP2D6	SLC6A3	9606.ENSP00000496150	9606.ENSP00000270349	0	0	0	0	0.051	0	0	0.456	0.462
CYP2D6	HTR2C	9606.ENSP00000496150	9606.ENSP00000276198	0	0	0	0	0	0	0	0.571	0.571
CYP2D6	SIGMAR1	9606.ENSP00000496150	9606.ENSP00000277010	0	0	0	0	0.053	0.146	0	0.398	0.471
CYP2D6	HMGCR	9606.ENSP00000496150	9606.ENSP00000287936	0	0	0	0	0.068	0	0	0.421	0.437
CYP2D6	LRRK2	9606.ENSP00000496150	9606.ENSP00000298910	0	0	0	0	0	0.051	0	0.494	0.500
CYP2D6	P2RY12	9606.ENSP00000496150	9606.ENSP00000307259	0	0	0	0	0	0	0	0.563	0.563
CYP2D6	HNF4A	9606.ENSP00000496150	9606.ENSP00000312987	0	0	0	0	0.087	0	0	0.377	0.407
CYP2D6	HTR1A	9606.ENSP00000496150	9606.ENSP00000316244	0	0	0	0	0.042	0	0	0.579	0.580
CYP2D6	NR1I2	9606.ENSP00000496150	9606.ENSP00000336528	0	0	0	0	0.110	0.056	0	0.634	0.666
CYP2D6	MAOA	9606.ENSP00000496150	9606.ENSP00000340684	0	0	0	0	0.062	0	0.900	0.641	0.963
CYP2D6	DRD2	9606.ENSP00000496150	9606.ENSP00000354859	0	0	0	0	0.042	0	0	0.577	0.578
CYP2D6	HSD11B1	9606.ENSP00000496150	9606.ENSP00000355995	0	0	0	0	0.091	0.095	0.911	0.121	0.927
CYP2D6	HTR1B	9606.ENSP00000496150	9606.ENSP00000358963	0	0	0	0	0.049	0	0	0.397	0.402
CYP2D6	MAOB	9606.ENSP00000496150	9606.ENSP00000367309	0	0	0	0	0.067	0	0.900	0.620	0.961
CYP2D6	DRD3	9606.ENSP00000496150	9606.ENSP00000373169	0	0	0	0	0.047	0	0	0.500	0.503
CYP2D6	GSTP1	9606.ENSP00000496150	9606.ENSP00000381607	0	0	0	0	0.109	0.045	0	0.713	0.734
CYP2D6	ESR1	9606.ENSP00000496150	9606.ENSP00000405330	0	0	0	0	0	0.056	0	0.707	0.712
CYP2D6	TOP2A	9606.ENSP00000496150	9606.ENSP00000411532	0	0	0	0	0.055	0	0	0.401	0.410
CYP2D6	HTR2A	9606.ENSP00000496150	9606.ENSP00000437737	0	0	0	0	0	0	0	0.662	0.662
CYP2D6	SRD5A2	9606.ENSP00000496150	9606.ENSP00000477587	0	0	0	0	0.083	0	0	0.395	0.421
CYP2D6	CYP3A4	9606.ENSP00000496150	9606.ENSP00000498939	0	0	0.230	0.615	0.118	0.076	0.907	0.430	0.961
CYP3A4	HSD17B2	9606.ENSP00000498939	9606.ENSP00000199936	0	0	0	0	0.086	0.045	0.900	0.314	0.932
CYP3A4	STS	9606.ENSP00000498939	9606.ENSP00000217961	0	0	0	0	0.055	0	0.900	0.256	0.923
CYP3A4	HSD17B1	9606.ENSP00000498939	9606.ENSP00000225929	0	0	0	0	0.091	0	0.911	0.310	0.939
CYP3A4	NR3C1	9606.ENSP00000498939	9606.ENSP00000231509	0	0	0	0	0	0.071	0	0.457	0.474
CYP3A4	TTR	9606.ENSP00000498939	9606.ENSP00000237014	0	0	0	0	0.162	0	0	0.370	0.450
CYP3A4	SLC6A4	9606.ENSP00000498939	9606.ENSP00000261707	0	0	0	0	0.058	0	0	0.610	0.617
CYP3A4	KCNH2	9606.ENSP00000498939	9606.ENSP00000262186	0	0	0	0	0.055	0	0	0.727	0.730
CYP3A4	SQLE	9606.ENSP00000498939	9606.ENSP00000265896	0	0	0	0	0.131	0.113	0.111	0.243	0.412
CYP3A4	ERBB2	9606.ENSP00000498939	9606.ENSP00000269571	0	0	0	0	0	0	0	0.414	0.414
CYP3A4	REN	9606.ENSP00000498939	9606.ENSP00000272190	0	0	0	0	0.055	0.052	0	0.454	0.468
CYP3A4	EGFR	9606.ENSP00000498939	9606.ENSP00000275493	0	0	0	0	0.048	0	0	0.474	0.477
CYP3A4	HTR2C	9606.ENSP00000498939	9606.ENSP00000276198	0	0	0	0	0	0	0	0.400	0.400
CYP3A4	PPARG	9606.ENSP00000498939	9606.ENSP00000287820	0	0	0	0	0.063	0.071	0	0.428	0.459
CYP3A4	HMGCR	9606.ENSP00000498939	9606.ENSP00000287936	0	0	0	0	0.068	0	0	0.678	0.687
CYP3A4	FASN	9606.ENSP00000498939	9606.ENSP00000304592	0.052	0	0	0	0.074	0.056	0.217	0.306	0.468
CYP3A4	P2RY12	9606.ENSP00000498939	9606.ENSP00000307259	0	0	0	0	0	0	0	0.597	0.597
CYP3A4	F2	9606.ENSP00000498939	9606.ENSP00000308541	0	0	0	0	0.138	0.071	0	0.508	0.572
CYP3A4	PRKACA	9606.ENSP00000498939	9606.ENSP00000309591	0	0	0	0	0.055	0.295	0	0.219	0.434
CYP3A4	HNF4A	9606.ENSP00000498939	9606.ENSP00000312987	0	0	0	0	0.135	0	0	0.588	0.629
CYP3A4	HTR1A	9606.ENSP00000498939	9606.ENSP00000316244	0	0	0	0	0	0	0	0.447	0.447
CYP3A4	PGR	9606.ENSP00000498939	9606.ENSP00000325120	0	0	0	0	0.082	0.071	0	0.598	0.627
CYP3A4	NOS2	9606.ENSP00000498939	9606.ENSP00000327251	0	0.299	0	0	0.045	0.045	0	0.194	0.416
CYP3A4	GSTA1	9606.ENSP00000498939	9606.ENSP00000335620	0	0	0	0	0.168	0	0.900	0.513	0.956
CYP3A4	NR1I2	9606.ENSP00000498939	9606.ENSP00000336528	0	0	0	0	0.162	0.071	0	0.955	0.962
CYP3A4	MAOA	9606.ENSP00000498939	9606.ENSP00000340684	0	0	0	0	0.086	0	0.900	0.536	0.953
CYP3A4	PDE5A	9606.ENSP00000498939	9606.ENSP00000347046	0	0	0	0	0	0.063	0	0.434	0.446
CYP3A4	DPP4	9606.ENSP00000498939	9606.ENSP00000353731	0	0	0	0	0.056	0	0	0.451	0.460
CYP3A4	MTOR	9606.ENSP00000498939	9606.ENSP00000354558	0	0	0	0	0	0	0	0.400	0.400
CYP3A4	DRD2	9606.ENSP00000498939	9606.ENSP00000354859	0	0	0	0	0	0	0	0.593	0.593
CYP3A4	HSD11B1	9606.ENSP00000498939	9606.ENSP00000355995	0	0	0	0	0.123	0	0.911	0.308	0.941
CYP3A4	PTGS2	9606.ENSP00000498939	9606.ENSP00000356438	0	0	0	0	0.056	0	0	0.396	0.406
CYP3A4	HSD17B3	9606.ENSP00000498939	9606.ENSP00000364412	0	0	0	0	0.075	0.105	0.104	0.303	0.414
CYP3A4	F10	9606.ENSP00000498939	9606.ENSP00000364709	0	0	0	0	0.124	0.071	0	0.374	0.446
CYP3A4	MAOB	9606.ENSP00000498939	9606.ENSP00000367309	0	0	0	0	0.089	0	0.900	0.530	0.953
CYP3A4	XDH	9606.ENSP00000498939	9606.ENSP00000368727	0	0	0	0	0.097	0	0.116	0.370	0.453
CYP3A4	GSTP1	9606.ENSP00000498939	9606.ENSP00000381607	0	0	0	0	0.142	0	0.900	0.750	0.976
CYP3A4	PLA2G2A	9606.ENSP00000498939	9606.ENSP00000383364	0	0	0	0	0.067	0	0.650	0.075	0.671
CYP3A4	PPARA	9606.ENSP00000498939	9606.ENSP00000385523	0	0	0	0	0.080	0.071	0	0.514	0.549
CYP3A4	PLA2G4B	9606.ENSP00000498939	9606.ENSP00000396045	0	0	0	0	0.067	0	0.650	0.047	0.661
CYP3A4	TNF	9606.ENSP00000498939	9606.ENSP00000398698	0	0	0	0	0	0	0	0.434	0.434
CYP3A4	ESR1	9606.ENSP00000498939	9606.ENSP00000405330	0	0	0	0	0.051	0.071	0	0.667	0.681
CYP3A4	RXRA	9606.ENSP00000498939	9606.ENSP00000419692	0	0	0	0	0	0.071	0	0.444	0.462
CYP3A4	EPHX2	9606.ENSP00000498939	9606.ENSP00000430269	0.059	0	0	0	0.069	0.068	0.104	0.341	0.431
CYP3A4	HTR2A	9606.ENSP00000498939	9606.ENSP00000437737	0	0	0	0	0.042	0	0	0.506	0.506
CYP3A4	NR1H4	9606.ENSP00000498939	9606.ENSP00000447149	0	0	0	0	0.208	0.071	0	0.600	0.680
CYP3A4	SRD5A2	9606.ENSP00000498939	9606.ENSP00000477587	0	0	0	0	0.096	0	0	0.670	0.689
CYP3A4	FDFT1	9606.ENSP00000498939	9606.ENSP00000491537	0.045	0	0	0	0.055	0.129	0	0.385	0.452
DHFR	SERPINE1	9606.ENSP00000396308	9606.ENSP00000223095	0	0	0	0	0	0	0	0.400	0.400
DHFR	LAP3	9606.ENSP00000396308	9606.ENSP00000226299	0.057	0	0	0	0.074	0	0	0.510	0.535
DHFR	NR3C1	9606.ENSP00000396308	9606.ENSP00000231509	0	0	0	0	0.042	0	0	0.524	0.524
DHFR	MDM2	9606.ENSP00000396308	9606.ENSP00000258149	0	0	0	0	0	0.292	0	0.415	0.568
DHFR	KIF11	9606.ENSP00000396308	9606.ENSP00000260731	0	0	0	0	0.351	0	0	0.146	0.423
DHFR	EGFR	9606.ENSP00000396308	9606.ENSP00000275493	0	0	0	0	0.042	0.161	0	0.418	0.492
DHFR	HMGCR	9606.ENSP00000396308	9606.ENSP00000287936	0.118	0	0	0	0.060	0	0	0.370	0.432
DHFR	NOS3	9606.ENSP00000396308	9606.ENSP00000297494	0	0	0	0	0	0	0	0.446	0.446
DHFR	PRKDC	9606.ENSP00000396308	9606.ENSP00000313420	0	0	0	0	0.136	0	0	0.460	0.514
DHFR	TYMS	9606.ENSP00000396308	9606.ENSP00000315644	0.120	0	0.513	0	0.857	0	0.978	0.995	0.999
DHFR	IMPDH2	9606.ENSP00000396308	9606.ENSP00000321584	0	0	0	0	0.123	0	0	0.507	0.549
DHFR	HSP90AA1	9606.ENSP00000396308	9606.ENSP00000335153	0.061	0	0	0	0.067	0	0	0.421	0.449
DHFR	PTGS1	9606.ENSP00000396308	9606.ENSP00000354612	0	0	0	0	0	0	0	0.405	0.405
DHFR	PTGS2	9606.ENSP00000396308	9606.ENSP00000356438	0	0	0	0	0	0	0	0.490	0.489
DHFR	FKBP1A	9606.ENSP00000396308	9606.ENSP00000383003	0	0	0	0	0.060	0.292	0	0.516	0.650
DHFR	TOP2A	9606.ENSP00000396308	9606.ENSP00000411532	0.099	0	0	0	0.225	0	0	0.525	0.639
DNMT1	SIRT1	9606.ENSP00000352516	9606.ENSP00000212015	0	0	0	0	0.047	0.597	0	0.815	0.922
DNMT1	NFKB1	9606.ENSP00000352516	9606.ENSP00000226574	0	0	0	0	0.089	0	0	0.484	0.510
DNMT1	NR3C1	9606.ENSP00000352516	9606.ENSP00000231509	0	0	0	0	0.042	0	0	0.622	0.622
DNMT1	SIRT2	9606.ENSP00000352516	9606.ENSP00000249396	0	0	0	0	0	0	0	0.400	0.400
DNMT1	RARA	9606.ENSP00000352516	9606.ENSP00000254066	0	0	0	0	0	0	0	0.764	0.764
DNMT1	MDM2	9606.ENSP00000352516	9606.ENSP00000258149	0	0	0	0	0.049	0	0	0.658	0.660
DNMT1	EP300	9606.ENSP00000352516	9606.ENSP00000263253	0	0	0	0	0.060	0.074	0	0.603	0.625
DNMT1	KAT2B	9606.ENSP00000352516	9606.ENSP00000263754	0	0	0	0	0.055	0.292	0	0.489	0.628
DNMT1	HDAC4	9606.ENSP00000352516	9606.ENSP00000264606	0	0	0	0	0	0.095	0	0.744	0.759
DNMT1	ERBB2	9606.ENSP00000352516	9606.ENSP00000269571	0	0	0	0	0	0	0	0.447	0.447
DNMT1	EGFR	9606.ENSP00000352516	9606.ENSP00000275493	0	0	0	0	0.042	0.103	0	0.480	0.514
DNMT1	PPARG	9606.ENSP00000352516	9606.ENSP00000287820	0	0	0	0	0	0	0	0.446	0.446
DNMT1	LRRK2	9606.ENSP00000352516	9606.ENSP00000298910	0	0	0	0	0.108	0.310	0	0.148	0.430
DNMT1	HDAC3	9606.ENSP00000352516	9606.ENSP00000302967	0	0	0	0	0.056	0.312	0	0.432	0.599
DNMT1	TERT	9606.ENSP00000352516	9606.ENSP00000309572	0	0	0	0	0.072	0	0	0.514	0.530
DNMT1	HNF4A	9606.ENSP00000352516	9606.ENSP00000312987	0	0	0	0	0	0	0	0.530	0.530
DNMT1	PRKDC	9606.ENSP00000352516	9606.ENSP00000313420	0	0	0	0	0.212	0	0	0.275	0.404
DNMT1	TYMS	9606.ENSP00000352516	9606.ENSP00000315644	0	0	0	0	0.218	0	0	0.362	0.481
DNMT1	GSK3B	9606.ENSP00000352516	9606.ENSP00000324806	0	0.005	0	0	0.103	0.136	0	0.431	0.521
DNMT1	RARB	9606.ENSP00000352516	9606.ENSP00000332296	0	0	0	0	0	0	0	0.507	0.507
DNMT1	HSP90AA1	9606.ENSP00000352516	9606.ENSP00000335153	0	0	0	0	0.077	0	0	0.630	0.644
DNMT1	ESR2	9606.ENSP00000352516	9606.ENSP00000343925	0	0	0	0	0	0.095	0	0.620	0.642
DNMT1	IGF1R	9606.ENSP00000352516	9606.ENSP00000497069	0	0	0	0	0.103	0.066	0	0.380	0.435
DNMT1	MMP9	9606.ENSP00000352516	9606.ENSP00000361405	0	0	0	0	0.048	0	0	0.435	0.439
DNMT1	SRC	9606.ENSP00000352516	9606.ENSP00000362680	0	0	0	0	0.103	0.066	0	0.388	0.443
DNMT1	TOP2A	9606.ENSP00000352516	9606.ENSP00000411532	0	0	0	0	0.216	0	0	0.323	0.447
DNMT1	KDM3A	9606.ENSP00000352516	9606.ENSP00000386660	0	0	0	0	0.042	0	0	0.453	0.453
DNMT1	KDM4A	9606.ENSP00000352516	9606.ENSP00000361473	0	0	0	0	0	0	0	0.471	0.471
DNMT1	MTOR	9606.ENSP00000352516	9606.ENSP00000354558	0	0	0	0	0.074	0	0	0.455	0.473
DNMT1	TNF	9606.ENSP00000352516	9606.ENSP00000398698	0	0	0	0	0.042	0	0	0.474	0.474
DNMT1	JAK2	9606.ENSP00000352516	9606.ENSP00000371067	0	0	0	0	0.103	0.066	0	0.429	0.480
DNMT1	PTPN6	9606.ENSP00000352516	9606.ENSP00000391592	0	0	0	0	0.054	0	0	0.500	0.506
DNMT1	GSTP1	9606.ENSP00000352516	9606.ENSP00000381607	0	0	0	0	0.044	0	0	0.541	0.542
DNMT1	STAT1	9606.ENSP00000352516	9606.ENSP00000354394	0	0	0	0	0.063	0.045	0	0.532	0.545
DNMT1	HDAC6	9606.ENSP00000352516	9606.ENSP00000365804	0	0	0	0	0.049	0.076	0	0.568	0.587
DNMT1	RELA	9606.ENSP00000352516	9606.ENSP00000384273	0	0	0	0	0.055	0.071	0	0.584	0.602
DNMT1	ESR1	9606.ENSP00000352516	9606.ENSP00000405330	0	0	0	0	0	0.091	0	0.605	0.625
DNMT1	HSP90AB1	9606.ENSP00000352516	9606.ENSP00000360609	0	0	0	0	0.082	0	0	0.630	0.646
DNMT1	PARP1	9606.ENSP00000352516	9606.ENSP00000355759	0	0	0	0	0.326	0.634	0	0.822	0.952
DNMT1	HDAC2	9606.ENSP00000352516	9606.ENSP00000430432	0	0	0	0	0.057	0.742	0.800	0.996	0.999
DNMT1	HDAC1	9606.ENSP00000352516	9606.ENSP00000362649	0	0	0	0	0.146	0.885	0.800	0.998	0.999
DPP4	SIRT1	9606.ENSP00000353731	9606.ENSP00000212015	0	0	0	0	0	0	0	0.413	0.413
DPP4	SERPINE1	9606.ENSP00000353731	9606.ENSP00000223095	0	0	0	0	0.042	0	0	0.450	0.451
DPP4	GCK	9606.ENSP00000353731	9606.ENSP00000223366	0	0	0	0	0	0	0	0.431	0.431
DPP4	NFKB1	9606.ENSP00000353731	9606.ENSP00000226574	0	0	0	0	0.048	0.062	0	0.385	0.402
DPP4	LGALS3	9606.ENSP00000353731	9606.ENSP00000254301	0	0	0	0	0.058	0	0	0.569	0.576
DPP4	MMP13	9606.ENSP00000353731	9606.ENSP00000260302	0	0	0	0	0.067	0	0	0.502	0.516
DPP4	DPP9	9606.ENSP00000353731	9606.ENSP00000262960	0	0	0.186	0.604	0.063	0	0	0.456	0.549
DPP4	TYR	9606.ENSP00000353731	9606.ENSP00000263321	0	0	0	0	0.087	0.073	0	0.482	0.523
DPP4	ICAM1	9606.ENSP00000353731	9606.ENSP00000264832	0	0	0	0	0.049	0	0	0.628	0.631
DPP4	ENPEP	9606.ENSP00000353731	9606.ENSP00000265162	0	0	0	0	0.142	0.053	0	0.762	0.790
DPP4	SLC5A1	9606.ENSP00000353731	9606.ENSP00000266088	0	0	0	0	0.042	0	0	0.762	0.762
DPP4	ERBB2	9606.ENSP00000353731	9606.ENSP00000269571	0	0	0	0	0	0	0	0.475	0.475
DPP4	REN	9606.ENSP00000353731	9606.ENSP00000272190	0	0	0	0	0	0	0	0.705	0.705
DPP4	PPARG	9606.ENSP00000353731	9606.ENSP00000287820	0	0	0	0	0.055	0.052	0	0.613	0.623
DPP4	VCAM1	9606.ENSP00000353731	9606.ENSP00000294728	0	0	0	0	0.104	0	0	0.646	0.669
DPP4	NOS3	9606.ENSP00000353731	9606.ENSP00000297494	0	0	0	0	0.042	0	0	0.435	0.435
DPP4	PLG	9606.ENSP00000353731	9606.ENSP00000308938	0	0	0	0	0.044	0	0	0.903	0.904
DPP4	PRKACA	9606.ENSP00000353731	9606.ENSP00000309591	0	0	0	0	0	0	0	0.423	0.423
DPP4	MET	9606.ENSP00000353731	9606.ENSP00000317272	0	0	0	0	0.074	0	0	0.438	0.457
DPP4	MMP1	9606.ENSP00000353731	9606.ENSP00000322788	0	0	0	0	0.097	0	0	0.508	0.536
DPP4	SLC5A2	9606.ENSP00000353731	9606.ENSP00000327943	0	0	0	0	0.042	0	0	0.909	0.909
DPP4	DPP8	9606.ENSP00000353731	9606.ENSP00000339208	0	0	0.198	0.617	0.063	0	0	0.446	0.547
DPP4	MAOA	9606.ENSP00000353731	9606.ENSP00000340684	0	0	0	0	0.074	0	0	0.506	0.522
DPP4	NR3C2	9606.ENSP00000353731	9606.ENSP00000350815	0	0	0	0	0.074	0.052	0	0.458	0.483
DPP4	NR1H4	9606.ENSP00000353731	9606.ENSP00000447149	0	0	0	0	0.064	0.052	0	0.394	0.416
DPP4	TLR4	9606.ENSP00000353731	9606.ENSP00000363089	0	0	0	0	0.064	0	0	0.431	0.445
DPP4	IKBKB	9606.ENSP00000353731	9606.ENSP00000430684	0	0	0	0	0.059	0.292	0	0.239	0.449
DPP4	GPBAR1	9606.ENSP00000353731	9606.ENSP00000430886	0	0	0	0	0	0	0	0.455	0.455
DPP4	MMP9	9606.ENSP00000353731	9606.ENSP00000361405	0	0	0	0	0.057	0	0	0.459	0.468
DPP4	PTPN1	9606.ENSP00000353731	9606.ENSP00000360683	0	0	0	0	0.071	0	0	0.455	0.472
DPP4	PPARA	9606.ENSP00000353731	9606.ENSP00000385523	0	0	0	0	0.054	0.052	0	0.464	0.478
DPP4	TNF	9606.ENSP00000353731	9606.ENSP00000398698	0	0	0	0	0	0	0	0.589	0.589
DPP4	ITGA4	9606.ENSP00000353731	9606.ENSP00000380227	0	0	0	0	0.104	0	0	0.580	0.607
DPP4	FURIN	9606.ENSP00000353731	9606.ENSP00000483552	0	0	0	0	0	0	0	0.659	0.659
DPP4	NOX1	9606.ENSP00000353731	9606.ENSP00000362057	0	0	0	0	0	0	0	0.876	0.876
DPP4	PREP	9606.ENSP00000353731	9606.ENSP00000499089	0	0	0	0	0	0.062	0	0.940	0.941
DPP4	MME	9606.ENSP00000353731	9606.ENSP00000418525	0	0	0	0	0.073	0	0.900	0.624	0.962
DPP4	ITGB1	9606.ENSP00000353731	9606.ENSP00000379350	0	0	0	0	0.047	0	0	0.967	0.967
DPP4	PRCP	9606.ENSP00000353731	9606.ENSP00000377055	0	0	0	0	0	0	0.900	0.693	0.967
DPP4	PTPRC	9606.ENSP00000353731	9606.ENSP00000411355	0	0	0	0	0.058	0.292	0	0.987	0.990
DPP8	PRCP	9606.ENSP00000339208	9606.ENSP00000377055	0	0	0	0	0	0	0	0.465	0.465
DPP8	PREP	9606.ENSP00000339208	9606.ENSP00000499089	0	0	0	0	0.140	0	0	0.950	0.955
DPP9	PRCP	9606.ENSP00000262960	9606.ENSP00000377055	0	0	0	0	0.042	0	0	0.440	0.441
DPP9	TYK2	9606.ENSP00000262960	9606.ENSP00000431885	0	0	0	0	0.087	0	0	0.492	0.516
DPP9	PREP	9606.ENSP00000262960	9606.ENSP00000499089	0	0	0	0	0.060	0	0	0.945	0.946
DRD1	SLC6A4	9606.ENSP00000377353	9606.ENSP00000261707	0	0	0	0	0	0	0	0.763	0.763
DRD1	SLC6A3	9606.ENSP00000377353	9606.ENSP00000270349	0	0	0	0	0	0	0	0.906	0.906
DRD1	SIGMAR1	9606.ENSP00000377353	9606.ENSP00000277010	0	0	0	0	0	0.043	0	0.592	0.593
DRD1	GRIA2	9606.ENSP00000377353	9606.ENSP00000296526	0	0	0	0	0.134	0.061	0	0.624	0.668
DRD1	PRKACA	9606.ENSP00000377353	9606.ENSP00000309591	0	0	0	0	0	0.292	0	0.490	0.623
DRD1	HTR1A	9606.ENSP00000377353	9606.ENSP00000316244	0	0	0	0.797	0.133	0.045	0	0.492	0.543
DRD1	GSK3B	9606.ENSP00000377353	9606.ENSP00000324806	0	0	0	0	0	0.052	0	0.513	0.518
DRD1	MAOA	9606.ENSP00000377353	9606.ENSP00000340684	0	0	0	0	0.058	0	0	0.622	0.628
DRD1	ESR2	9606.ENSP00000377353	9606.ENSP00000343925	0	0	0	0	0.059	0	0	0.398	0.409
DRD1	RXRG	9606.ENSP00000377353	9606.ENSP00000352900	0	0	0	0	0.110	0	0	0.410	0.453
DRD1	DRD2	9606.ENSP00000377353	9606.ENSP00000354859	0	0	0	0.720	0.134	0.091	0	0.568	0.630
DRD1	PDE10A	9606.ENSP00000377353	9606.ENSP00000355847	0	0	0	0	0.127	0.046	0	0.442	0.495
DRD1	GRIN1	9606.ENSP00000377353	9606.ENSP00000360608	0	0	0	0	0.161	0.128	0	0.622	0.699
DRD1	SRC	9606.ENSP00000377353	9606.ENSP00000362680	0	0	0	0	0.047	0	0.500	0.177	0.573
DRD1	MAOB	9606.ENSP00000377353	9606.ENSP00000367309	0	0	0	0	0.104	0	0	0.562	0.590
DRD1	DRD3	9606.ENSP00000377353	9606.ENSP00000373169	0	0	0	0.750	0.106	0.328	0	0.696	0.801
DRD1	GRM2	9606.ENSP00000377353	9606.ENSP00000378492	0	0	0	0	0.080	0	0	0.432	0.455
DRD1	GRIN2B	9606.ENSP00000377353	9606.ENSP00000477455	0	0	0	0	0.113	0.072	0	0.599	0.641
DRD2	DRD4	9606.ENSP00000354859	9606.ENSP00000176183	0	0	0	0.850	0	0.322	0	0.741	0.816
DRD2	NR3C1	9606.ENSP00000354859	9606.ENSP00000231509	0	0	0	0	0.067	0	0	0.482	0.496
DRD2	SMO	9606.ENSP00000354859	9606.ENSP00000249373	0	0	0	0	0.042	0	0	0.470	0.471
DRD2	SLC6A4	9606.ENSP00000354859	9606.ENSP00000261707	0	0	0	0	0.054	0	0	0.908	0.910
DRD2	PDGFRB	9606.ENSP00000354859	9606.ENSP00000261799	0	0	0	0	0	0	0	0.409	0.409
DRD2	SLC6A3	9606.ENSP00000354859	9606.ENSP00000270349	0	0	0	0	0.054	0.380	0.900	0.995	0.999
DRD2	EGFR	9606.ENSP00000354859	9606.ENSP00000275493	0	0	0	0	0	0.106	0	0.472	0.508
DRD2	HTR2C	9606.ENSP00000354859	9606.ENSP00000276198	0	0	0	0.742	0.123	0	0	0.506	0.548
DRD2	SIGMAR1	9606.ENSP00000354859	9606.ENSP00000277010	0	0	0	0	0	0.331	0	0.622	0.736
DRD2	GRIA2	9606.ENSP00000354859	9606.ENSP00000296526	0	0	0	0	0.126	0.095	0	0.415	0.497
DRD2	PRKACA	9606.ENSP00000354859	9606.ENSP00000309591	0	0	0	0	0	0.066	0	0.492	0.505
DRD2	HTR1A	9606.ENSP00000354859	9606.ENSP00000316244	0	0	0	0.805	0.129	0	0	0.516	0.560
DRD2	GSK3B	9606.ENSP00000354859	9606.ENSP00000324806	0	0	0	0	0	0.057	0	0.448	0.458
DRD2	RARB	9606.ENSP00000354859	9606.ENSP00000332296	0	0	0	0	0.073	0	0	0.521	0.537
DRD2	MAOA	9606.ENSP00000354859	9606.ENSP00000340684	0	0	0	0	0	0	0	0.736	0.736
DRD2	RXRG	9606.ENSP00000354859	9606.ENSP00000352900	0	0	0	0	0.134	0	0	0.554	0.597
DRD2	ITGB3	9606.ENSP00000354859	9606.ENSP00000452786	0	0	0	0	0.055	0	0	0.396	0.404
DRD2	PRKCB	9606.ENSP00000354859	9606.ENSP00000496129	0	0	0	0	0.055	0.294	0	0.198	0.419
DRD2	PTPN11	9606.ENSP00000354859	9606.ENSP00000489597	0	0	0	0	0.065	0	0	0.411	0.425
DRD2	RXRB	9606.ENSP00000354859	9606.ENSP00000363817	0	0	0	0	0.067	0	0	0.428	0.443
DRD2	DRD3	9606.ENSP00000354859	9606.ENSP00000373169	0	0	0.052	0.936	0.044	0	0	0.443	0.451
DRD2	NTRK1	9606.ENSP00000354859	9606.ENSP00000431418	0	0	0	0	0.056	0	0	0.447	0.456
DRD2	HTR1D	9606.ENSP00000354859	9606.ENSP00000363748	0	0	0	0.808	0.153	0	0	0.462	0.525
DRD2	PDE10A	9606.ENSP00000354859	9606.ENSP00000355847	0	0	0	0	0.111	0.046	0	0.496	0.536
DRD2	RARG	9606.ENSP00000354859	9606.ENSP00000388510	0	0	0	0	0.058	0	0	0.531	0.539
DRD2	HTR1B	9606.ENSP00000354859	9606.ENSP00000358963	0	0	0	0.783	0.126	0	0	0.499	0.543
DRD2	GRIN1	9606.ENSP00000354859	9606.ENSP00000360608	0	0	0	0	0.139	0.094	0	0.519	0.592
DRD2	ESR1	9606.ENSP00000354859	9606.ENSP00000405330	0	0	0	0	0.055	0	0	0.587	0.593
DRD2	GRM2	9606.ENSP00000354859	9606.ENSP00000378492	0	0	0	0	0.104	0	0	0.589	0.616
DRD2	GRIN2B	9606.ENSP00000354859	9606.ENSP00000477455	0	0	0	0	0.056	0.054	0	0.626	0.637
DRD2	MAOB	9606.ENSP00000354859	9606.ENSP00000367309	0	0	0	0	0.060	0	0	0.640	0.647
DRD2	HTR2A	9606.ENSP00000354859	9606.ENSP00000437737	0	0	0	0.727	0.104	0.322	0	0.696	0.799
DRD3	DRD4	9606.ENSP00000373169	9606.ENSP00000176183	0	0	0	0.864	0.056	0	0.900	0.454	0.943
DRD3	SLC6A4	9606.ENSP00000373169	9606.ENSP00000261707	0	0	0	0	0.054	0	0	0.784	0.787
DRD3	SLC6A3	9606.ENSP00000373169	9606.ENSP00000270349	0	0	0	0	0.054	0.052	0	0.778	0.784
DRD3	MAOA	9606.ENSP00000373169	9606.ENSP00000340684	0	0	0	0	0	0	0	0.640	0.640
DRD3	SRC	9606.ENSP00000373169	9606.ENSP00000362680	0	0	0	0	0.047	0	0.500	0.104	0.535
DRD3	MAOB	9606.ENSP00000373169	9606.ENSP00000367309	0	0	0	0	0	0	0	0.691	0.691
DRD3	PRKCB	9606.ENSP00000373169	9606.ENSP00000496129	0	0	0	0	0.055	0.294	0	0.206	0.425
DRD3	GRM2	9606.ENSP00000373169	9606.ENSP00000378492	0	0	0	0	0.088	0	0	0.396	0.426
DRD3	GRIN2B	9606.ENSP00000373169	9606.ENSP00000477455	0	0	0	0	0.042	0.054	0	0.649	0.654
DRD4	NR3C1	9606.ENSP00000176183	9606.ENSP00000231509	0	0	0	0	0.067	0	0	0.418	0.434
DRD4	HTR2C	9606.ENSP00000176183	9606.ENSP00000276198	0	0	0	0.745	0.055	0	0	0.440	0.448
DRD4	GRIN2B	9606.ENSP00000176183	9606.ENSP00000477455	0	0	0	0	0	0.054	0	0.474	0.482
DRD4	GRIN1	9606.ENSP00000176183	9606.ENSP00000360608	0	0	0	0	0.074	0.094	0	0.433	0.483
DRD4	SRC	9606.ENSP00000176183	9606.ENSP00000362680	0	0	0	0	0.047	0	0.500	0.149	0.559
DRD4	GRB2	9606.ENSP00000176183	9606.ENSP00000376345	0	0	0	0	0	0.292	0	0.455	0.597
DRD4	MAOB	9606.ENSP00000176183	9606.ENSP00000367309	0	0	0	0	0	0	0	0.785	0.785
DRD4	MAOA	9606.ENSP00000176183	9606.ENSP00000340684	0	0	0	0	0	0	0	0.892	0.892
DRD4	SLC6A3	9606.ENSP00000176183	9606.ENSP00000270349	0	0	0	0	0.054	0	0	0.960	0.960
DRD4	SLC6A4	9606.ENSP00000176183	9606.ENSP00000261707	0	0	0	0	0.054	0	0	0.978	0.978
DUSP16	MAPK1	9606.ENSP00000298573	9606.ENSP00000215832	0	0	0	0	0.060	0.441	0.650	0.326	0.859
DUSP16	MAPK14	9606.ENSP00000298573	9606.ENSP00000229795	0	0	0	0	0.060	0.798	0.650	0.338	0.950
DUSP16	MAPK11	9606.ENSP00000298573	9606.ENSP00000333685	0	0	0	0	0.060	0.300	0.650	0.548	0.882
DUSP16	MAPK9	9606.ENSP00000298573	9606.ENSP00000394560	0	0	0	0	0.075	0.682	0.900	0.552	0.985
DUSP16	MAPK8	9606.ENSP00000298573	9606.ENSP00000378974	0	0	0	0	0.086	0.966	0.900	0.638	0.998
DUSP3	MAPK1	9606.ENSP00000226004	9606.ENSP00000215832	0	0	0	0	0.078	0.613	0.900	0.502	0.979
DUSP3	EGFR	9606.ENSP00000226004	9606.ENSP00000275493	0	0	0	0	0.042	0.303	0	0.217	0.433
DUSP3	PTPN11	9606.ENSP00000226004	9606.ENSP00000489597	0	0	0	0	0.067	0.071	0	0.458	0.490
DUSP3	ZAP70	9606.ENSP00000226004	9606.ENSP00000264972	0	0	0	0	0.046	0.092	0	0.574	0.599
DUSP3	PTPN2	9606.ENSP00000226004	9606.ENSP00000311857	0	0	0	0	0.064	0.071	0	0.582	0.605
DUSP3	PTPN1	9606.ENSP00000226004	9606.ENSP00000360683	0	0	0	0	0.080	0.071	0	0.676	0.699
DUSP3	MAPK11	9606.ENSP00000226004	9606.ENSP00000333685	0	0	0	0	0.060	0.243	0.900	0.117	0.928
DUSP3	MAPK9	9606.ENSP00000226004	9606.ENSP00000394560	0	0	0	0	0.088	0.130	0.900	0.217	0.929
DUSP3	MAPK8	9606.ENSP00000226004	9606.ENSP00000378974	0	0	0	0	0.072	0.130	0.900	0.294	0.935
DUSP3	MAPK14	9606.ENSP00000226004	9606.ENSP00000229795	0	0	0	0	0.083	0.243	0.900	0.190	0.936
DUSP3	PTPN7	9606.ENSP00000226004	9606.ENSP00000309116	0	0	0	0	0.055	0.071	0.900	0.640	0.964
ECE1	PLAT	9606.ENSP00000364028	9606.ENSP00000220809	0	0	0	0	0.067	0	0	0.434	0.450
ECE1	LGALS3	9606.ENSP00000364028	9606.ENSP00000254301	0	0	0	0	0.094	0.445	0	0.084	0.500
ECE1	REN	9606.ENSP00000364028	9606.ENSP00000272190	0	0	0	0	0	0.050	0	0.578	0.582
ECE1	NOS3	9606.ENSP00000364028	9606.ENSP00000297494	0	0	0	0	0	0	0	0.407	0.407
ECE1	PRKCE	9606.ENSP00000364028	9606.ENSP00000306124	0	0	0	0	0.049	0	0	0.532	0.535
ECE1	EDNRA	9606.ENSP00000364028	9606.ENSP00000315011	0	0	0	0	0.042	0	0	0.916	0.916
ECE1	PSEN1	9606.ENSP00000364028	9606.ENSP00000326366	0	0	0	0	0.111	0	0	0.422	0.465
ECE1	NOS2	9606.ENSP00000364028	9606.ENSP00000327251	0	0	0	0	0	0	0	0.464	0.464
ECE1	FURIN	9606.ENSP00000364028	9606.ENSP00000483552	0	0	0	0	0.134	0	0	0.381	0.442
ECE1	EDNRB	9606.ENSP00000364028	9606.ENSP00000366416	0	0	0	0	0	0	0	0.905	0.905
EDNRA	MAPK1	9606.ENSP00000315011	9606.ENSP00000215832	0	0	0	0	0.055	0	0	0.426	0.434
EDNRA	MMP2	9606.ENSP00000315011	9606.ENSP00000219070	0	0	0	0	0.183	0	0	0.348	0.444
EDNRA	PDGFRB	9606.ENSP00000315011	9606.ENSP00000261799	0	0	0	0	0.193	0	0	0.524	0.599
EDNRA	REN	9606.ENSP00000315011	9606.ENSP00000272190	0	0	0	0	0	0	0	0.574	0.574
EDNRA	FLT1	9606.ENSP00000315011	9606.ENSP00000282397	0	0	0	0	0.089	0	0	0.474	0.500
EDNRA	NOS3	9606.ENSP00000315011	9606.ENSP00000297494	0	0	0	0	0.096	0	0	0.575	0.599
EDNRA	MMP3	9606.ENSP00000315011	9606.ENSP00000299855	0	0	0	0	0.092	0	0	0.510	0.536
EDNRA	F2	9606.ENSP00000315011	9606.ENSP00000308541	0	0	0	0	0	0.052	0.900	0.101	0.907
EDNRA	PRKAA1	9606.ENSP00000315011	9606.ENSP00000346148	0	0	0	0	0	0	0	0.432	0.432
EDNRA	EPHX2	9606.ENSP00000315011	9606.ENSP00000430269	0	0	0	0	0.044	0	0	0.432	0.434
EDNRA	TNF	9606.ENSP00000315011	9606.ENSP00000398698	0	0	0	0	0	0	0	0.476	0.476
EDNRA	SRC	9606.ENSP00000315011	9606.ENSP00000362680	0	0	0	0	0	0.299	0	0.326	0.508
EDNRA	MCL1	9606.ENSP00000315011	9606.ENSP00000358022	0	0	0	0	0	0.502	0	0.081	0.522
EDNRA	PDE5A	9606.ENSP00000315011	9606.ENSP00000347046	0	0	0	0	0.062	0.046	0	0.572	0.583
EDNRA	EDNRB	9606.ENSP00000315011	9606.ENSP00000366416	0	0	0.053	0.950	0.121	0	0.900	0.943	0.994
EDNRB	TYR	9606.ENSP00000366416	9606.ENSP00000263321	0	0	0	0	0.110	0.049	0	0.664	0.691
EDNRB	KDR	9606.ENSP00000366416	9606.ENSP00000263923	0	0	0	0	0.257	0	0	0.335	0.485
EDNRB	REN	9606.ENSP00000366416	9606.ENSP00000272190	0	0	0	0	0.055	0	0	0.507	0.514
EDNRB	HTR2C	9606.ENSP00000366416	9606.ENSP00000276198	0	0	0	0	0	0	0	0.440	0.440
EDNRB	EPHA4	9606.ENSP00000366416	9606.ENSP00000281821	0	0	0	0	0.055	0	0	0.416	0.425
EDNRB	PPARG	9606.ENSP00000366416	9606.ENSP00000287820	0	0	0.206	0	0.104	0	0	0.278	0.441
EDNRB	NOS3	9606.ENSP00000366416	9606.ENSP00000297494	0	0	0	0	0.102	0	0	0.681	0.701
EDNRB	F2	9606.ENSP00000366416	9606.ENSP00000308541	0	0	0	0	0.060	0.052	0.900	0.116	0.910
EDNRB	PDE5A	9606.ENSP00000366416	9606.ENSP00000347046	0	0	0	0	0.044	0.046	0	0.478	0.482
EDNRB	RET	9606.ENSP00000366416	9606.ENSP00000347942	0	0	0	0	0	0	0	0.847	0.847
EDNRB	HTR1B	9606.ENSP00000366416	9606.ENSP00000358963	0	0	0	0.581	0	0	0	0.445	0.445
EDNRB	NOS1	9606.ENSP00000366416	9606.ENSP00000477999	0	0	0	0	0.102	0	0	0.395	0.434
EDNRB	NR4A1	9606.ENSP00000366416	9606.ENSP00000440864	0	0	0	0	0.054	0.045	0	0.485	0.494
EDNRB	MC1R	9606.ENSP00000366416	9606.ENSP00000451605	0	0	0	0	0	0	0	0.527	0.527
EDNRB	TYRP1	9606.ENSP00000366416	9606.ENSP00000373570	0	0	0	0	0.100	0.049	0	0.520	0.554
EDNRB	EPHX2	9606.ENSP00000366416	9606.ENSP00000430269	0	0	0	0	0	0	0	0.613	0.613
EGFR	SIRT1	9606.ENSP00000275493	9606.ENSP00000212015	0	0	0	0	0	0	0	0.498	0.498
EGFR	MIF	9606.ENSP00000275493	9606.ENSP00000215754	0	0	0	0	0.049	0.292	0	0.333	0.511
EGFR	MAPK1	9606.ENSP00000275493	9606.ENSP00000215832	0	0	0	0.579	0.047	0.042	0	0.609	0.612
EGFR	MMP2	9606.ENSP00000275493	9606.ENSP00000219070	0	0	0	0	0.099	0	0	0.674	0.693
EGFR	SERPINE1	9606.ENSP00000275493	9606.ENSP00000223095	0	0	0	0	0.106	0	0	0.678	0.699
EGFR	HSD17B1	9606.ENSP00000275493	9606.ENSP00000225929	0	0	0	0	0	0	0	0.414	0.414
EGFR	NFKB1	9606.ENSP00000275493	9606.ENSP00000226574	0	0	0	0	0.050	0.045	0	0.835	0.837
EGFR	MAPK14	9606.ENSP00000275493	9606.ENSP00000229795	0	0	0	0.579	0.042	0.600	0	0.519	0.799
EGFR	NR3C1	9606.ENSP00000275493	9606.ENSP00000231509	0	0	0	0	0.042	0.648	0	0.646	0.870
EGFR	TTR	9606.ENSP00000275493	9606.ENSP00000237014	0	0	0	0	0	0	0	0.620	0.620
EGFR	FLT3	9606.ENSP00000275493	9606.ENSP00000241453	0	0	0	0.579	0.067	0.139	0	0.531	0.591
EGFR	SMO	9606.ENSP00000275493	9606.ENSP00000249373	0	0	0	0	0.081	0.055	0	0.520	0.547
EGFR	RARA	9606.ENSP00000275493	9606.ENSP00000254066	0	0	0	0	0	0.092	0	0.410	0.441
EGFR	LGALS3	9606.ENSP00000275493	9606.ENSP00000254301	0	0	0	0	0.073	0.600	0	0.913	0.964
EGFR	PDGFRA	9606.ENSP00000275493	9606.ENSP00000257290	0	0	0	0.566	0.108	0.663	0.900	0.590	0.986
EGFR	MDM2	9606.ENSP00000275493	9606.ENSP00000258149	0	0	0	0	0	0	0.650	0.718	0.897
EGFR	MMP7	9606.ENSP00000275493	9606.ENSP00000260227	0	0	0	0	0.060	0	0	0.554	0.563
EGFR	ITGAV	9606.ENSP00000275493	9606.ENSP00000261023	0	0	0	0	0.145	0.163	0	0.597	0.686
EGFR	PDGFRB	9606.ENSP00000275493	9606.ENSP00000261799	0	0	0	0.565	0.093	0.558	0.900	0.971	0.998
EGFR	MAP2K2	9606.ENSP00000275493	9606.ENSP00000262948	0	0	0	0.593	0.042	0.181	0	0.520	0.591
EGFR	MAP3K8	9606.ENSP00000275493	9606.ENSP00000263056	0	0	0	0	0	0	0	0.419	0.418
EGFR	EP300	9606.ENSP00000275493	9606.ENSP00000263253	0	0	0	0	0.042	0.189	0	0.512	0.588
EGFR	NOX4	9606.ENSP00000275493	9606.ENSP00000263317	0	0	0	0	0.055	0	0	0.408	0.417
EGFR	TYR	9606.ENSP00000275493	9606.ENSP00000263321	0	0	0	0	0	0.075	0	0.379	0.401
EGFR	KDR	9606.ENSP00000275493	9606.ENSP00000263923	0	0	0	0.564	0.075	0.139	0	0.774	0.805
EGFR	PIK3CA	9606.ENSP00000275493	9606.ENSP00000263967	0	0	0	0	0	0.790	0.900	0.976	0.999
EGFR	SLC9A1	9606.ENSP00000275493	9606.ENSP00000263980	0	0	0	0	0	0	0	0.595	0.595
EGFR	THRA	9606.ENSP00000275493	9606.ENSP00000264637	0	0	0	0	0.067	0.092	0	0.406	0.453
EGFR	ICAM1	9606.ENSP00000275493	9606.ENSP00000264832	0	0	0	0	0.042	0.135	0	0.864	0.877
EGFR	ZAP70	9606.ENSP00000275493	9606.ENSP00000264972	0	0	0	0.685	0	0.763	0	0.508	0.879
EGFR	SLC5A1	9606.ENSP00000275493	9606.ENSP00000266088	0	0	0	0	0.056	0.292	0	0.938	0.954
EGFR	ERBB2	9606.ENSP00000275493	9606.ENSP00000269571	0	0	0.064	0.939	0.080	0.998	0.900	0.983	0.999
EGFR	KLF5	9606.ENSP00000275493	9606.ENSP00000366915	0	0	0	0	0.086	0.045	0	0.373	0.405
EGFR	PTGS1	9606.ENSP00000275493	9606.ENSP00000354612	0	0	0	0	0.057	0	0	0.396	0.406
EGFR	TLR9	9606.ENSP00000275493	9606.ENSP00000353874	0	0	0	0	0	0.094	0	0.377	0.411
EGFR	TOP1	9606.ENSP00000275493	9606.ENSP00000354522	0	0	0	0	0.042	0.078	0	0.393	0.417
EGFR	RARB	9606.ENSP00000275493	9606.ENSP00000332296	0	0	0	0	0.059	0.092	0	0.376	0.420
EGFR	PPARA	9606.ENSP00000275493	9606.ENSP00000385523	0	0	0	0	0.079	0.092	0	0.374	0.431
EGFR	P2RY12	9606.ENSP00000275493	9606.ENSP00000307259	0	0	0	0	0	0	0	0.440	0.440
EGFR	F3	9606.ENSP00000275493	9606.ENSP00000334145	0	0	0	0	0.099	0	0	0.404	0.440
EGFR	PRKCD	9606.ENSP00000275493	9606.ENSP00000331602	0	0	0	0.558	0.042	0	0	0.440	0.441
EGFR	ROCK2	9606.ENSP00000275493	9606.ENSP00000317985	0	0	0	0	0.067	0.209	0	0.310	0.447
EGFR	ROCK1	9606.ENSP00000275493	9606.ENSP00000382697	0	0	0	0	0.042	0.091	0	0.416	0.447
EGFR	HMGB1	9606.ENSP00000275493	9606.ENSP00000345347	0	0	0	0	0.042	0.139	0	0.386	0.449
EGFR	FCGRT	9606.ENSP00000275493	9606.ENSP00000410798	0	0	0	0	0	0.078	0	0.428	0.450
EGFR	WEE1	9606.ENSP00000275493	9606.ENSP00000402084	0	0	0	0	0.042	0	0	0.452	0.453
EGFR	FASN	9606.ENSP00000275493	9606.ENSP00000304592	0	0	0	0	0.063	0	0	0.444	0.456
EGFR	PLG	9606.ENSP00000275493	9606.ENSP00000308938	0	0	0	0	0.084	0	0	0.448	0.473
EGFR	FGFR1	9606.ENSP00000275493	9606.ENSP00000393312	0	0	0	0.604	0.067	0.215	0	0.346	0.479
EGFR	SYK	9606.ENSP00000275493	9606.ENSP00000364898	0	0	0	0.688	0.042	0.400	0	0.174	0.484
EGFR	EPHB2	9606.ENSP00000275493	9606.ENSP00000383053	0	0	0	0.599	0.064	0.091	0	0.443	0.484
EGFR	EPHB3	9606.ENSP00000275493	9606.ENSP00000332118	0	0	0	0.601	0.067	0.091	0	0.447	0.490
EGFR	TRPV1	9606.ENSP00000275493	9606.ENSP00000459962	0	0	0	0	0.044	0.292	0	0.314	0.495
EGFR	FPR1	9606.ENSP00000275493	9606.ENSP00000471493	0	0	0	0	0	0.048	0	0.503	0.506
EGFR	IDO1	9606.ENSP00000275493	9606.ENSP00000430950	0	0	0	0	0	0	0	0.507	0.507
EGFR	FURIN	9606.ENSP00000275493	9606.ENSP00000483552	0	0	0	0	0	0.163	0	0.438	0.509
EGFR	ITGA4	9606.ENSP00000275493	9606.ENSP00000380227	0	0	0	0	0.042	0	0	0.518	0.518
EGFR	HNF4A	9606.ENSP00000275493	9606.ENSP00000312987	0	0	0	0	0.057	0	0	0.521	0.530
EGFR	HDAC2	9606.ENSP00000275493	9606.ENSP00000430432	0	0	0	0	0.047	0	0	0.528	0.531
EGFR	VCAM1	9606.ENSP00000275493	9606.ENSP00000294728	0	0	0	0	0.072	0	0	0.517	0.532
EGFR	MDM4	9606.ENSP00000275493	9606.ENSP00000356150	0	0	0	0	0	0	0	0.543	0.543
EGFR	GRIN2B	9606.ENSP00000275493	9606.ENSP00000477455	0	0	0	0	0	0.292	0	0.384	0.545
EGFR	IKBKB	9606.ENSP00000275493	9606.ENSP00000430684	0	0	0	0.552	0.042	0.091	0	0.534	0.559
EGFR	EGLN1	9606.ENSP00000275493	9606.ENSP00000355601	0	0	0	0	0.042	0.078	0	0.543	0.561
EGFR	GSK3B	9606.ENSP00000275493	9606.ENSP00000324806	0	0	0	0.568	0.047	0.091	0	0.548	0.574
EGFR	MAP2K1	9606.ENSP00000275493	9606.ENSP00000302486	0	0	0	0.597	0.049	0.098	0	0.549	0.579
EGFR	PRKCB	9606.ENSP00000275493	9606.ENSP00000496129	0	0	0	0.558	0.042	0.299	0	0.424	0.579
EGFR	LRRK2	9606.ENSP00000275493	9606.ENSP00000298910	0	0	0	0.549	0	0.091	0.500	0.151	0.580
EGFR	GPBAR1	9606.ENSP00000275493	9606.ENSP00000430886	0	0	0	0	0	0	0	0.584	0.584
EGFR	PLAU	9606.ENSP00000275493	9606.ENSP00000361850	0	0	0	0	0.083	0	0	0.571	0.589
EGFR	TYMS	9606.ENSP00000275493	9606.ENSP00000315644	0	0	0	0	0.042	0	0	0.592	0.593
EGFR	PPARD	9606.ENSP00000275493	9606.ENSP00000310928	0	0	0	0	0.048	0.092	0	0.579	0.604
EGFR	FLT1	9606.ENSP00000275493	9606.ENSP00000282397	0	0	0	0.564	0.055	0.139	0	0.555	0.607
EGFR	NTRK1	9606.ENSP00000275493	9606.ENSP00000431418	0	0	0	0.603	0.107	0.109	0	0.571	0.628
EGFR	XIAP	9606.ENSP00000275493	9606.ENSP00000360242	0	0	0	0	0.049	0.244	0	0.534	0.636
EGFR	TOP2A	9606.ENSP00000275493	9606.ENSP00000411532	0	0	0	0	0.042	0.103	0	0.623	0.647
EGFR	PLA2G2A	9606.ENSP00000275493	9606.ENSP00000383364	0	0	0	0	0.049	0.292	0	0.521	0.649
EGFR	ITGB3	9606.ENSP00000275493	9606.ENSP00000452786	0	0	0	0	0.055	0.100	0	0.621	0.650
EGFR	EPHB4	9606.ENSP00000275493	9606.ENSP00000350896	0	0	0	0.607	0.068	0.263	0	0.540	0.656
EGFR	TGFBR1	9606.ENSP00000275493	9606.ENSP00000447297	0	0	0	0	0	0.093	0	0.656	0.675
EGFR	MCL1	9606.ENSP00000275493	9606.ENSP00000358022	0	0	0	0	0.048	0.103	0	0.650	0.675
EGFR	MAPK9	9606.ENSP00000275493	9606.ENSP00000394560	0	0	0	0.565	0.044	0.621	0	0.218	0.692
EGFR	MMP1	9606.ENSP00000275493	9606.ENSP00000322788	0	0	0	0	0.080	0	0	0.681	0.694
EGFR	TERT	9606.ENSP00000275493	9606.ENSP00000309572	0	0	0	0	0	0	0	0.697	0.697
EGFR	ITGB5	9606.ENSP00000275493	9606.ENSP00000296181	0	0	0	0	0.122	0.090	0	0.654	0.699
EGFR	RELA	9606.ENSP00000275493	9606.ENSP00000384273	0	0	0	0	0.044	0.075	0	0.689	0.701
EGFR	ITK	9606.ENSP00000275493	9606.ENSP00000398655	0	0	0	0.660	0	0.640	0	0.217	0.706
EGFR	FGR	9606.ENSP00000275493	9606.ENSP00000363117	0	0	0	0.663	0	0.657	0	0.177	0.706
EGFR	PRKACA	9606.ENSP00000275493	9606.ENSP00000309591	0	0	0	0.594	0.042	0.510	0	0.427	0.707
EGFR	PTPN22	9606.ENSP00000275493	9606.ENSP00000352833	0	0	0	0	0	0.656	0	0.185	0.708
EGFR	GSTP1	9606.ENSP00000275493	9606.ENSP00000381607	0	0	0	0	0.055	0.510	0	0.431	0.713
EGFR	PTPN2	9606.ENSP00000275493	9606.ENSP00000311857	0	0	0	0	0.042	0.546	0	0.395	0.714
EGFR	PRKCE	9606.ENSP00000275493	9606.ENSP00000306124	0	0	0	0	0	0.621	0	0.307	0.726
EGFR	MMP3	9606.ENSP00000275493	9606.ENSP00000299855	0	0	0	0	0.073	0	0.500	0.479	0.737
EGFR	TLR4	9606.ENSP00000275493	9606.ENSP00000363089	0	0	0	0	0	0.331	0	0.626	0.739
EGFR	INSR	9606.ENSP00000275493	9606.ENSP00000303830	0	0	0	0.577	0.058	0.091	0.400	0.566	0.747
EGFR	LCK	9606.ENSP00000275493	9606.ENSP00000477713	0	0	0	0.677	0.044	0.253	0.400	0.482	0.748
EGFR	PIK3CG	9606.ENSP00000275493	9606.ENSP00000419260	0	0	0	0	0	0	0	0.748	0.748
EGFR	PTPRC	9606.ENSP00000275493	9606.ENSP00000411355	0	0	0	0	0	0.258	0	0.676	0.749
EGFR	PARP1	9606.ENSP00000275493	9606.ENSP00000355759	0	0	0	0	0.044	0.100	0	0.734	0.751
EGFR	ESR2	9606.ENSP00000275493	9606.ENSP00000343925	0	0	0	0	0	0.329	0	0.650	0.755
EGFR	HDAC1	9606.ENSP00000275493	9606.ENSP00000362649	0	0	0	0	0.047	0.100	0	0.748	0.765
EGFR	HCK	9606.ENSP00000275493	9606.ENSP00000365012	0	0	0	0.673	0	0.759	0	0.183	0.795
EGFR	MTOR	9606.ENSP00000275493	9606.ENSP00000354558	0	0	0	0	0.042	0.181	0	0.769	0.802
EGFR	TUBA1A	9606.ENSP00000275493	9606.ENSP00000439020	0	0	0	0	0.042	0.785	0	0.186	0.817
EGFR	TYK2	9606.ENSP00000275493	9606.ENSP00000431885	0	0	0	0.569	0	0.095	0.650	0.482	0.821
EGFR	RET	9606.ENSP00000275493	9606.ENSP00000347942	0	0	0	0.594	0	0.735	0	0.369	0.826
EGFR	MMP9	9606.ENSP00000275493	9606.ENSP00000361405	0	0	0	0	0.055	0	0	0.825	0.827
EGFR	MAPK8	9606.ENSP00000275493	9606.ENSP00000378974	0	0	0	0.567	0.047	0.621	0	0.567	0.830
EGFR	PGR	9606.ENSP00000275493	9606.ENSP00000325120	0	0	0	0	0	0.092	0	0.820	0.830
EGFR	PTGS2	9606.ENSP00000275493	9606.ENSP00000356438	0	0	0	0	0.068	0	0	0.831	0.836
EGFR	PPARG	9606.ENSP00000275493	9606.ENSP00000287820	0	0	0	0	0.112	0.329	0	0.758	0.843
EGFR	RAF1	9606.ENSP00000275493	9606.ENSP00000401888	0	0	0	0.575	0.042	0.645	0	0.590	0.848
EGFR	LYN	9606.ENSP00000275493	9606.ENSP00000428924	0	0	0	0.674	0.042	0.830	0	0.208	0.859
EGFR	TNK2	9606.ENSP00000275493	9606.ENSP00000371341	0	0	0	0.609	0.055	0.838	0	0.205	0.868
EGFR	FYN	9606.ENSP00000275493	9606.ENSP00000346671	0	0	0	0.670	0	0.115	0.400	0.780	0.873
EGFR	TNF	9606.ENSP00000275493	9606.ENSP00000398698	0	0	0	0	0	0	0	0.890	0.890
EGFR	PTPN6	9606.ENSP00000275493	9606.ENSP00000391592	0	0	0	0	0	0.784	0	0.641	0.919
EGFR	HDAC6	9606.ENSP00000275493	9606.ENSP00000365804	0	0	0	0	0	0.781	0	0.645	0.919
EGFR	PRKDC	9606.ENSP00000275493	9606.ENSP00000313420	0	0	0	0	0.044	0.361	0	0.904	0.936
EGFR	PIK3CD	9606.ENSP00000275493	9606.ENSP00000366563	0	0	0	0	0.042	0	0.900	0.443	0.942
EGFR	JAK3	9606.ENSP00000275493	9606.ENSP00000432511	0	0	0	0.583	0	0.161	0.900	0.522	0.956
EGFR	ITGB1	9606.ENSP00000275493	9606.ENSP00000379350	0	0	0	0	0.096	0.593	0	0.916	0.966
EGFR	JAK1	9606.ENSP00000275493	9606.ENSP00000499900	0	0	0	0.572	0.045	0.417	0.900	0.537	0.970
EGFR	STAT1	9606.ENSP00000275493	9606.ENSP00000354394	0	0	0	0	0.042	0.840	0	0.851	0.975
EGFR	JAK2	9606.ENSP00000275493	9606.ENSP00000371067	0	0	0	0.576	0	0.723	0.900	0.564	0.986
EGFR	ESR1	9606.ENSP00000275493	9606.ENSP00000405330	0	0	0	0	0	0.583	0	0.974	0.988
EGFR	IGF1R	9606.ENSP00000275493	9606.ENSP00000497069	0	0	0	0.571	0.113	0.585	0	0.972	0.989
EGFR	PIK3CB	9606.ENSP00000275493	9606.ENSP00000501150	0	0	0	0	0	0.622	0.900	0.842	0.993
EGFR	MET	9606.ENSP00000275493	9606.ENSP00000317272	0	0	0	0.582	0.250	0.806	0	0.978	0.996
EGFR	PTPN1	9606.ENSP00000275493	9606.ENSP00000360683	0	0	0	0	0.044	0.869	0	0.978	0.997
EGFR	PIK3R1	9606.ENSP00000275493	9606.ENSP00000428056	0	0	0	0	0.042	0.900	0.900	0.901	0.998
EGFR	HSP90AB1	9606.ENSP00000275493	9606.ENSP00000360609	0	0	0	0	0.054	0.837	0	0.993	0.998
EGFR	PTPN11	9606.ENSP00000275493	9606.ENSP00000489597	0	0	0	0	0.042	0.995	0.900	0.991	0.999
EGFR	GRB2	9606.ENSP00000275493	9606.ENSP00000376345	0	0	0	0	0.042	0.996	0.900	0.996	0.999
EGFR	HSP90AA1	9606.ENSP00000275493	9606.ENSP00000335153	0	0	0	0	0.049	0.854	0.500	0.993	0.999
EGFR	SRC	9606.ENSP00000275493	9606.ENSP00000362680	0	0	0	0.665	0.042	0.928	0.900	0.988	0.999
EGFR	PTK2	9606.ENSP00000275493	9606.ENSP00000341189	0	0	0	0.597	0.086	0.994	0.900	0.926	0.999
EGLN1	SIRT2	9606.ENSP00000355601	9606.ENSP00000249396	0	0	0	0	0	0	0	0.449	0.449
EGLN1	EP300	9606.ENSP00000355601	9606.ENSP00000263253	0	0	0	0	0.061	0	0	0.645	0.652
EGLN1	TYR	9606.ENSP00000355601	9606.ENSP00000263321	0	0	0	0	0.075	0.061	0	0.383	0.417
EGLN1	PRKCG	9606.ENSP00000355601	9606.ENSP00000263431	0	0	0	0	0	0	0.900	0.051	0.901
EGLN1	KAT2B	9606.ENSP00000355601	9606.ENSP00000263754	0	0	0	0	0.108	0	0	0.460	0.497
EGLN1	THRA	9606.ENSP00000355601	9606.ENSP00000264637	0	0	0	0	0.060	0.045	0	0.560	0.570
EGLN1	FLT1	9606.ENSP00000355601	9606.ENSP00000282397	0	0	0	0	0	0	0	0.414	0.414
EGLN1	HSP90AA1	9606.ENSP00000355601	9606.ENSP00000335153	0	0	0	0	0.042	0.510	0	0.574	0.782
EGLN1	PRKAA1	9606.ENSP00000355601	9606.ENSP00000346148	0	0	0	0	0.091	0	0	0.519	0.544
EGLN1	RET	9606.ENSP00000355601	9606.ENSP00000347942	0	0	0	0	0	0	0	0.450	0.450
EGLN1	KDM3A	9606.ENSP00000355601	9606.ENSP00000386660	0	0	0	0	0.101	0	0	0.369	0.408
EGLN1	SRC	9606.ENSP00000355601	9606.ENSP00000362680	0	0	0	0	0	0.292	0	0.225	0.428
EGLN1	KDM4A	9606.ENSP00000355601	9606.ENSP00000361473	0	0	0	0	0.056	0	0	0.447	0.455
EGLN1	THRB	9606.ENSP00000355601	9606.ENSP00000379904	0	0	0	0	0	0.045	0	0.462	0.464
EGLN1	PPARA	9606.ENSP00000355601	9606.ENSP00000385523	0	0	0	0	0.074	0.045	0	0.462	0.483
EGLN1	HSP90AB1	9606.ENSP00000355601	9606.ENSP00000360609	0	0	0	0	0.042	0.625	0	0.574	0.833
EGLN1	PRKCB	9606.ENSP00000355601	9606.ENSP00000496129	0	0	0	0	0.056	0	0.900	0.075	0.905
ELANE	TUBB1	9606.ENSP00000466090	9606.ENSP00000217133	0	0	0	0	0.062	0.113	0	0.588	0.627
ELANE	MMP2	9606.ENSP00000466090	9606.ENSP00000219070	0	0	0	0	0.055	0	0	0.516	0.523
ELANE	SERPINE1	9606.ENSP00000466090	9606.ENSP00000223095	0	0	0	0	0	0.067	0	0.623	0.633
ELANE	MPO	9606.ENSP00000466090	9606.ENSP00000225275	0	0	0	0	0.999	0.164	0	0.999	0.999
ELANE	NFKB1	9606.ENSP00000466090	9606.ENSP00000226574	0	0	0	0	0	0.094	0	0.381	0.415
ELANE	RARA	9606.ENSP00000466090	9606.ENSP00000254066	0	0	0	0	0.042	0	0	0.442	0.442
ELANE	MMP7	9606.ENSP00000466090	9606.ENSP00000260227	0	0	0	0	0.055	0	0.400	0.433	0.650
ELANE	ICAM1	9606.ENSP00000466090	9606.ENSP00000264832	0	0	0	0	0	0	0	0.541	0.541
ELANE	ENPEP	9606.ENSP00000466090	9606.ENSP00000265162	0	0	0	0	0	0.045	0	0.441	0.443
ELANE	VCAM1	9606.ENSP00000466090	9606.ENSP00000294728	0	0	0	0	0	0.125	0	0.443	0.491
ELANE	MMP3	9606.ENSP00000466090	9606.ENSP00000299855	0	0	0	0	0.055	0	0	0.444	0.452
ELANE	F2	9606.ENSP00000466090	9606.ENSP00000308541	0	0	0.177	0.615	0.055	0.053	0.800	0.171	0.855
ELANE	PLG	9606.ENSP00000466090	9606.ENSP00000308938	0	0	0.079	0.767	0.053	0	0.400	0.157	0.500
ELANE	MMP1	9606.ENSP00000466090	9606.ENSP00000322788	0	0	0	0	0.055	0	0.400	0.444	0.657
ELANE	SELE	9606.ENSP00000466090	9606.ENSP00000331736	0	0	0	0	0	0.046	0	0.421	0.424
ELANE	F3	9606.ENSP00000466090	9606.ENSP00000334145	0	0	0	0	0	0	0	0.571	0.571
ELANE	HMGB1	9606.ENSP00000466090	9606.ENSP00000345347	0	0	0	0	0.044	0.045	0	0.868	0.869
ELANE	TLR9	9606.ENSP00000466090	9606.ENSP00000353874	0	0	0	0	0.067	0	0	0.399	0.415
ELANE	MMP9	9606.ENSP00000466090	9606.ENSP00000361405	0	0	0	0	0.085	0	0	0.972	0.973
ELANE	TLR4	9606.ENSP00000466090	9606.ENSP00000363089	0	0	0	0	0.074	0	0	0.723	0.732
ELANE	TNF	9606.ENSP00000466090	9606.ENSP00000398698	0	0	0	0	0.060	0.066	0	0.666	0.681
ELANE	ESR1	9606.ENSP00000466090	9606.ENSP00000405330	0	0	0	0	0	0	0	0.448	0.448
ELANE	PTPRC	9606.ENSP00000466090	9606.ENSP00000411355	0	0	0	0	0.080	0	0	0.430	0.453
ELANE	PIK3CG	9606.ENSP00000466090	9606.ENSP00000419260	0	0	0	0	0.072	0	0	0.397	0.416
ELANE	FURIN	9606.ENSP00000466090	9606.ENSP00000483552	0	0	0	0	0.054	0	0	0.420	0.429
ENPEP	LAP3	9606.ENSP00000265162	9606.ENSP00000226299	0	0	0	0	0.102	0.071	0	0.502	0.549
ENPEP	PDGFRB	9606.ENSP00000265162	9606.ENSP00000261799	0	0	0	0	0.072	0	0	0.408	0.427
ENPEP	PTGS2	9606.ENSP00000265162	9606.ENSP00000356438	0	0	0	0	0	0	0	0.406	0.406
ENPEP	PRCP	9606.ENSP00000265162	9606.ENSP00000377055	0	0	0	0	0.044	0	0	0.424	0.426
ENPEP	TLR4	9606.ENSP00000265162	9606.ENSP00000363089	0	0	0	0	0.049	0	0	0.443	0.448
ENPEP	PLG	9606.ENSP00000265162	9606.ENSP00000308938	0	0	0	0	0.062	0.045	0	0.533	0.545
ENPEP	PREP	9606.ENSP00000265162	9606.ENSP00000499089	0.058	0	0	0	0	0	0	0.546	0.554
ENPEP	MME	9606.ENSP00000265162	9606.ENSP00000418525	0.043	0	0	0	0.066	0	0	0.545	0.558
ENPEP	FURIN	9606.ENSP00000265162	9606.ENSP00000483552	0	0	0	0	0.055	0	0	0.638	0.643
ENPEP	REN	9606.ENSP00000265162	9606.ENSP00000272190	0	0	0	0	0.063	0.045	0	0.642	0.652
EP300	SIRT1	9606.ENSP00000263253	9606.ENSP00000212015	0	0	0	0	0.138	0.698	0	0.902	0.972
EP300	MAPK1	9606.ENSP00000263253	9606.ENSP00000215832	0	0	0	0	0.082	0.510	0	0.629	0.818
EP300	RPS6KB1	9606.ENSP00000263253	9606.ENSP00000225577	0	0	0	0	0.049	0.292	0	0.294	0.483
EP300	NFKB1	9606.ENSP00000263253	9606.ENSP00000226574	0	0	0	0	0.058	0.833	0.500	0.981	0.998
EP300	MAPK14	9606.ENSP00000263253	9606.ENSP00000229795	0	0	0	0	0.049	0.510	0	0.489	0.741
EP300	NR3C1	9606.ENSP00000263253	9606.ENSP00000231509	0	0	0	0	0.049	0.755	0	0.663	0.914
EP300	SIRT2	9606.ENSP00000263253	9606.ENSP00000249396	0	0	0	0	0.049	0.643	0	0.749	0.907
EP300	RARA	9606.ENSP00000263253	9606.ENSP00000254066	0	0	0	0	0.049	0.533	0	0.757	0.883
EP300	MDM2	9606.ENSP00000263253	9606.ENSP00000258149	0	0	0	0	0.152	0.820	0	0.994	0.999
EP300	ITGAV	9606.ENSP00000263253	9606.ENSP00000261023	0	0	0	0	0.062	0.292	0	0.417	0.579
EP300	RORA	9606.ENSP00000263253	9606.ENSP00000261523	0	0	0	0	0.044	0.292	0.900	0.491	0.960
EP300	PDGFRB	9606.ENSP00000263253	9606.ENSP00000261799	0	0	0	0	0	0.041	0	0.524	0.524
EP300	ITGA2B	9606.ENSP00000263253	9606.ENSP00000262407	0	0	0	0	0	0	0.500	0.075	0.517
EP300	PDPK1	9606.ENSP00000263253	9606.ENSP00000344220	0	0	0	0	0.235	0	0	0.249	0.401
EP300	TERT	9606.ENSP00000263253	9606.ENSP00000309572	0	0	0	0	0	0	0	0.401	0.401
EP300	PRKAA1	9606.ENSP00000263253	9606.ENSP00000346148	0	0	0	0	0.096	0.292	0	0.146	0.406
EP300	PIK3CB	9606.ENSP00000263253	9606.ENSP00000501150	0	0	0	0	0.083	0	0	0.390	0.417
EP300	NR3C2	9606.ENSP00000263253	9606.ENSP00000350815	0	0	0	0	0.042	0.325	0	0.169	0.417
EP300	RORB	9606.ENSP00000263253	9606.ENSP00000366093	0	0	0	0	0	0	0	0.418	0.418
EP300	IGF1R	9606.ENSP00000263253	9606.ENSP00000497069	0	0	0	0	0.080	0.120	0	0.343	0.423
EP300	NR1I2	9606.ENSP00000263253	9606.ENSP00000336528	0	0	0	0	0	0.325	0	0.187	0.428
EP300	PDE4B	9606.ENSP00000263253	9606.ENSP00000342637	0	0	0	0	0.044	0	0	0.428	0.429
EP300	POLB	9606.ENSP00000263253	9606.ENSP00000265421	0	0	0	0	0.060	0.292	0	0.220	0.435
EP300	PRKCD	9606.ENSP00000263253	9606.ENSP00000331602	0	0	0	0	0.063	0.292	0	0.224	0.440
EP300	SELE	9606.ENSP00000263253	9606.ENSP00000331736	0	0	0	0	0.060	0.328	0	0.194	0.447
EP300	JAK2	9606.ENSP00000263253	9606.ENSP00000371067	0	0	0	0	0.087	0.047	0	0.424	0.456
EP300	JAK1	9606.ENSP00000263253	9606.ENSP00000499900	0	0	0	0	0.138	0.047	0	0.391	0.456
EP300	HMGB1	9606.ENSP00000263253	9606.ENSP00000345347	0	0	0	0	0.062	0.322	0	0.213	0.456
EP300	IKBKB	9606.ENSP00000263253	9606.ENSP00000430684	0	0	0	0	0.098	0.047	0	0.437	0.474
EP300	RARB	9606.ENSP00000263253	9606.ENSP00000332296	0	0	0	0	0	0.095	0	0.476	0.505
EP300	GSTA1	9606.ENSP00000263253	9606.ENSP00000335620	0	0	0	0	0	0	0.500	0.067	0.513
EP300	MAP2K1	9606.ENSP00000263253	9606.ENSP00000302486	0	0	0	0	0.062	0	0	0.512	0.522
EP300	RPS6KA1	9606.ENSP00000263253	9606.ENSP00000435412	0	0	0	0	0.049	0.045	0	0.517	0.523
EP300	PLIN1	9606.ENSP00000263253	9606.ENSP00000300055	0	0	0	0	0	0	0.500	0.086	0.523
EP300	FYN	9606.ENSP00000263253	9606.ENSP00000346671	0	0	0	0	0.078	0.047	0	0.501	0.523
EP300	NR1H4	9606.ENSP00000263253	9606.ENSP00000447149	0	0	0	0	0	0.330	0	0.320	0.525
EP300	PIK3CA	9606.ENSP00000263253	9606.ENSP00000263967	0	0	0	0	0.067	0	0	0.513	0.526
EP300	GSK3B	9606.ENSP00000263253	9606.ENSP00000324806	0	0	0	0	0.144	0.071	0	0.474	0.546
EP300	MDM4	9606.ENSP00000263253	9606.ENSP00000356150	0	0	0	0	0.121	0.292	0	0.353	0.562
EP300	PRKDC	9606.ENSP00000263253	9606.ENSP00000313420	0	0	0	0	0.075	0.371	0	0.364	0.598
EP300	GRB2	9606.ENSP00000263253	9606.ENSP00000376345	0	0	0	0	0.078	0.202	0	0.502	0.601
EP300	ROCK2	9606.ENSP00000263253	9606.ENSP00000317985	0	0	0	0	0.074	0.325	0	0.420	0.606
EP300	KDM4A	9606.ENSP00000263253	9606.ENSP00000361473	0	0	0	0	0.071	0	0	0.604	0.616
EP300	TNF	9606.ENSP00000263253	9606.ENSP00000398698	0	0	0	0	0.047	0.292	0	0.507	0.638
EP300	MTOR	9606.ENSP00000263253	9606.ENSP00000354558	0	0	0	0	0.155	0.292	0	0.444	0.638
EP300	PPARD	9606.ENSP00000263253	9606.ENSP00000310928	0	0	0	0	0.067	0.499	0	0.295	0.642
EP300	PRKCB	9606.ENSP00000263253	9606.ENSP00000496129	0	0	0	0	0.069	0.292	0	0.513	0.651
EP300	ERBB2	9606.ENSP00000263253	9606.ENSP00000269571	0	0	0	0	0.049	0.071	0	0.638	0.652
EP300	PIK3R1	9606.ENSP00000263253	9606.ENSP00000428056	0	0	0	0	0.060	0.301	0	0.515	0.653
EP300	PLK1	9606.ENSP00000263253	9606.ENSP00000300093	0	0	0	0	0.074	0.079	0.500	0.284	0.654
EP300	MCL1	9606.ENSP00000263253	9606.ENSP00000358022	0	0	0	0	0.098	0.510	0	0.324	0.675
EP300	RXRB	9606.ENSP00000263253	9606.ENSP00000363817	0	0	0	0	0	0.087	0.650	0.098	0.686
EP300	PTGS2	9606.ENSP00000263253	9606.ENSP00000356438	0	0	0	0	0.044	0.512	0	0.393	0.692
EP300	MAPK8	9606.ENSP00000263253	9606.ENSP00000378974	0	0	0	0	0.082	0.292	0	0.576	0.700
EP300	RXRG	9606.ENSP00000263253	9606.ENSP00000352900	0	0	0	0	0	0.087	0.650	0.166	0.710
EP300	OGA	9606.ENSP00000263253	9606.ENSP00000354850	0	0	0	0	0.044	0	0	0.712	0.712
EP300	TGFBR1	9606.ENSP00000263253	9606.ENSP00000447297	0	0	0	0	0.055	0.310	0	0.594	0.712
EP300	NR1H3	9606.ENSP00000263253	9606.ENSP00000477707	0	0	0	0	0	0.357	0.500	0.208	0.723
EP300	THRB	9606.ENSP00000263253	9606.ENSP00000379904	0	0	0	0	0	0.087	0.650	0.228	0.731
EP300	HSP90AB1	9606.ENSP00000263253	9606.ENSP00000360609	0	0.021	0	0	0.065	0	0.500	0.487	0.739
EP300	KDM3A	9606.ENSP00000263253	9606.ENSP00000386660	0	0	0	0	0.113	0.301	0	0.619	0.743
EP300	PGR	9606.ENSP00000263253	9606.ENSP00000325120	0	0	0	0	0	0.325	0.500	0.389	0.776
EP300	THRA	9606.ENSP00000263253	9606.ENSP00000264637	0	0	0	0	0	0.325	0.650	0.163	0.785
EP300	HSP90AA1	9606.ENSP00000263253	9606.ENSP00000335153	0	0.003	0	0	0.066	0.292	0.500	0.490	0.809
EP300	ESR2	9606.ENSP00000263253	9606.ENSP00000343925	0	0	0	0	0	0.563	0	0.586	0.811
EP300	PPARA	9606.ENSP00000263253	9606.ENSP00000385523	0	0	0	0	0.049	0.636	0	0.547	0.829
EP300	PRKACA	9606.ENSP00000263253	9606.ENSP00000309591	0	0	0	0	0.047	0	0.650	0.589	0.851
EP300	PARP1	9606.ENSP00000263253	9606.ENSP00000355759	0	0	0	0	0.076	0.786	0	0.447	0.881
EP300	HDAC4	9606.ENSP00000263253	9606.ENSP00000264606	0	0	0	0	0.060	0.090	0.500	0.767	0.887
EP300	KLF5	9606.ENSP00000263253	9606.ENSP00000366915	0	0	0	0	0.047	0.749	0	0.738	0.931
EP300	RXRA	9606.ENSP00000263253	9606.ENSP00000419692	0	0	0	0	0.063	0.325	0.650	0.739	0.934
EP300	HDAC2	9606.ENSP00000263253	9606.ENSP00000430432	0	0	0	0	0.049	0.210	0.500	0.870	0.944
EP300	HDAC3	9606.ENSP00000263253	9606.ENSP00000302967	0	0	0	0	0.047	0.645	0.500	0.783	0.958
EP300	SRC	9606.ENSP00000263253	9606.ENSP00000362680	0	0	0	0	0.064	0.299	0	0.942	0.959
EP300	HNF4A	9606.ENSP00000263253	9606.ENSP00000312987	0	0	0	0	0	0.063	0	0.978	0.978
EP300	NR4A1	9606.ENSP00000263253	9606.ENSP00000440864	0	0	0	0	0.042	0.613	0	0.961	0.984
EP300	HDAC6	9606.ENSP00000263253	9606.ENSP00000365804	0	0	0	0	0.060	0.748	0.500	0.925	0.990
EP300	ESR1	9606.ENSP00000263253	9606.ENSP00000405330	0	0	0	0	0	0.926	0.500	0.943	0.997
EP300	PPARG	9606.ENSP00000263253	9606.ENSP00000287820	0	0	0	0	0	0.860	0.500	0.963	0.997
EP300	STAT1	9606.ENSP00000263253	9606.ENSP00000354394	0	0	0	0	0.049	0.868	0.650	0.977	0.998
EP300	RELA	9606.ENSP00000263253	9606.ENSP00000384273	0	0	0	0	0.103	0.950	0.500	0.994	0.999
EP300	HDAC1	9606.ENSP00000263253	9606.ENSP00000362649	0	0	0	0	0.049	0.806	0.500	0.995	0.999
EP300	KAT2B	9606.ENSP00000263253	9606.ENSP00000263754	0	0	0	0	0.049	0.841	0.900	0.998	0.999
EPHA4	TUBB2B	9606.ENSP00000281821	9606.ENSP00000259818	0	0	0	0	0.072	0.384	0	0.049	0.409
EPHA4	ERBB2	9606.ENSP00000281821	9606.ENSP00000269571	0	0	0	0.611	0	0.617	0	0.152	0.661
EPHA4	ITK	9606.ENSP00000281821	9606.ENSP00000398655	0	0	0	0.693	0.054	0.071	0	0.386	0.413
EPHA4	FGR	9606.ENSP00000281821	9606.ENSP00000363117	0	0	0	0.722	0	0.055	0	0.415	0.423
EPHA4	SYK	9606.ENSP00000281821	9606.ENSP00000364898	0	0	0	0.663	0	0	0	0.431	0.431
EPHA4	JAK2	9606.ENSP00000281821	9606.ENSP00000371067	0	0	0	0.582	0	0	0	0.441	0.441
EPHA4	FYN	9606.ENSP00000281821	9606.ENSP00000346671	0	0	0.080	0.757	0.055	0.389	0	0.120	0.470
EPHA4	EPHB3	9606.ENSP00000281821	9606.ENSP00000332118	0	0	0.061	0.957	0.056	0.045	0.500	0.069	0.534
EPHA4	EPHB4	9606.ENSP00000281821	9606.ENSP00000350896	0	0	0.069	0.941	0	0.045	0.500	0.282	0.638
EPHA4	EPHX2	9606.ENSP00000281821	9606.ENSP00000430269	0	0	0	0	0.074	0	0	0.637	0.650
EPHA4	FGFR1	9606.ENSP00000281821	9606.ENSP00000393312	0	0	0	0.606	0.050	0.526	0	0.687	0.847
EPHA4	EPHB2	9606.ENSP00000281821	9606.ENSP00000383053	0	0	0.060	0.960	0	0.235	0.500	0.792	0.915
EPHB2	MMP2	9606.ENSP00000383053	9606.ENSP00000219070	0	0	0	0	0.074	0	0.400	0.225	0.532
EPHB2	ERBB2	9606.ENSP00000383053	9606.ENSP00000269571	0	0	0	0.601	0.042	0.617	0	0.169	0.668
EPHB2	NCSTN	9606.ENSP00000383053	9606.ENSP00000294785	0	0	0	0	0.074	0.044	0.400	0.195	0.515
EPHB2	HNF4A	9606.ENSP00000383053	9606.ENSP00000312987	0	0	0	0	0.058	0.050	0	0.508	0.521
EPHB2	GSK3B	9606.ENSP00000383053	9606.ENSP00000324806	0	0	0	0	0	0	0	0.497	0.497
EPHB2	PSEN1	9606.ENSP00000383053	9606.ENSP00000326366	0	0	0	0	0	0.049	0.400	0.257	0.539
EPHB2	EPHB3	9606.ENSP00000383053	9606.ENSP00000332118	0	0	0.054	0.973	0.060	0.096	0.400	0.432	0.676
EPHB2	FYN	9606.ENSP00000383053	9606.ENSP00000346671	0	0	0	0.751	0	0.044	0.500	0.425	0.701
EPHB2	EPHB4	9606.ENSP00000383053	9606.ENSP00000350896	0	0	0.062	0.955	0	0	0.400	0.694	0.812
EPHB2	PSEN2	9606.ENSP00000383053	9606.ENSP00000355747	0	0	0	0	0.042	0.049	0.400	0.160	0.479
EPHB2	GRIN1	9606.ENSP00000383053	9606.ENSP00000360608	0	0	0	0	0.059	0.299	0	0.257	0.467
EPHB2	MMP9	9606.ENSP00000383053	9606.ENSP00000361405	0	0	0	0	0.054	0	0.400	0.277	0.554
EPHB2	SRC	9606.ENSP00000383053	9606.ENSP00000362680	0	0	0	0.754	0.067	0.565	0.500	0.443	0.871
EPHB2	FGR	9606.ENSP00000383053	9606.ENSP00000363117	0	0	0	0.731	0	0.044	0	0.405	0.406
EPHB2	SYK	9606.ENSP00000383053	9606.ENSP00000364898	0	0	0	0.669	0	0	0	0.422	0.422
EPHB2	ITGB1	9606.ENSP00000383053	9606.ENSP00000379350	0	0	0	0	0.056	0.052	0	0.386	0.403
EPHB2	GRIN2B	9606.ENSP00000383053	9606.ENSP00000477455	0	0	0	0	0.056	0	0	0.403	0.413
EPHB2	PLA2G2A	9606.ENSP00000383053	9606.ENSP00000383364	0	0	0	0	0.042	0	0	0.452	0.452
EPHB2	NTRK1	9606.ENSP00000383053	9606.ENSP00000431418	0	0	0	0.636	0.055	0	0	0.463	0.470
EPHB2	PSENEN	9606.ENSP00000383053	9606.ENSP00000468411	0	0	0	0	0	0	0.400	0.167	0.478
EPHB3	MMP2	9606.ENSP00000332118	9606.ENSP00000219070	0	0	0	0	0.057	0	0.400	0.367	0.611
EPHB3	PDGFRB	9606.ENSP00000332118	9606.ENSP00000261799	0	0	0	0.572	0.072	0.074	0	0.439	0.476
EPHB3	ERBB2	9606.ENSP00000332118	9606.ENSP00000269571	0	0	0	0.610	0.122	0.617	0	0.142	0.686
EPHB3	NCSTN	9606.ENSP00000332118	9606.ENSP00000294785	0	0	0	0	0.074	0.044	0.400	0	0.422
EPHB3	HNF4A	9606.ENSP00000332118	9606.ENSP00000312987	0	0	0	0	0	0.050	0	0.561	0.565
EPHB3	PSEN1	9606.ENSP00000332118	9606.ENSP00000326366	0	0	0	0	0	0.049	0.400	0.072	0.424
EPHB3	PSENEN	9606.ENSP00000332118	9606.ENSP00000468411	0	0	0	0	0	0	0.400	0	0.400
EPHB3	SYK	9606.ENSP00000332118	9606.ENSP00000364898	0	0	0	0.663	0.042	0	0	0.405	0.405
EPHB3	PSEN2	9606.ENSP00000332118	9606.ENSP00000355747	0	0	0	0	0	0.049	0.400	0.072	0.424
EPHB3	LYN	9606.ENSP00000332118	9606.ENSP00000428924	0	0	0	0.752	0	0.133	0	0.376	0.436
EPHB3	MMP9	9606.ENSP00000332118	9606.ENSP00000361405	0	0	0	0	0.059	0	0.400	0.121	0.461
EPHB3	SRC	9606.ENSP00000332118	9606.ENSP00000362680	0	0	0	0.746	0.067	0.045	0.500	0.106	0.548
EPHB3	EPHB4	9606.ENSP00000332118	9606.ENSP00000350896	0	0	0.061	0.958	0.075	0.099	0.400	0.404	0.669
EPHB3	FYN	9606.ENSP00000332118	9606.ENSP00000346671	0	0	0	0.743	0	0.294	0.500	0.457	0.791
EPHB4	MMP2	9606.ENSP00000350896	9606.ENSP00000219070	0	0	0	0	0.078	0	0.400	0.269	0.560
EPHB4	ITGAV	9606.ENSP00000350896	9606.ENSP00000261023	0	0	0	0	0	0.058	0	0.496	0.505
EPHB4	NCSTN	9606.ENSP00000350896	9606.ENSP00000294785	0	0	0	0	0.074	0.044	0.400	0.128	0.474
EPHB4	ITGB5	9606.ENSP00000350896	9606.ENSP00000296181	0	0	0	0	0.090	0.052	0	0.411	0.448
EPHB4	PSEN1	9606.ENSP00000350896	9606.ENSP00000326366	0	0	0	0	0	0.049	0.400	0.118	0.453
EPHB4	PTK2	9606.ENSP00000350896	9606.ENSP00000341189	0	0	0	0.625	0.078	0.094	0	0.544	0.586
EPHB4	FYN	9606.ENSP00000350896	9606.ENSP00000346671	0	0	0	0.744	0	0.044	0.500	0.373	0.674
EPHB4	PSENEN	9606.ENSP00000350896	9606.ENSP00000468411	0	0	0	0	0	0	0.400	0.091	0.431
EPHB4	PSEN2	9606.ENSP00000350896	9606.ENSP00000355747	0	0	0	0	0	0.049	0.400	0.091	0.436
EPHB4	HDAC1	9606.ENSP00000350896	9606.ENSP00000362649	0	0	0	0	0	0.068	0	0.447	0.462
EPHB4	ITGB1	9606.ENSP00000350896	9606.ENSP00000379350	0	0	0	0	0.056	0.052	0	0.481	0.495
EPHB4	MMP9	9606.ENSP00000350896	9606.ENSP00000361405	0	0	0	0	0.058	0	0.400	0.306	0.573
EPHB4	SRC	9606.ENSP00000350896	9606.ENSP00000362680	0	0	0	0.749	0.044	0.045	0.500	0.398	0.688
EPHX2	LTA4H	9606.ENSP00000430269	9606.ENSP00000228740	0	0	0	0	0.042	0.061	0	0.451	0.463
EPHX2	FAAH	9606.ENSP00000430269	9606.ENSP00000243167	0.107	0	0	0	0.066	0	0	0.521	0.566
EPHX2	MGLL	9606.ENSP00000430269	9606.ENSP00000265052	0.116	0	0	0	0.063	0	0.116	0.636	0.698
EPHX2	SQLE	9606.ENSP00000430269	9606.ENSP00000265896	0.055	0	0	0	0.099	0	0.200	0.276	0.441
EPHX2	PPARG	9606.ENSP00000430269	9606.ENSP00000287820	0	0	0	0	0.096	0.045	0	0.500	0.531
EPHX2	HMGCR	9606.ENSP00000430269	9606.ENSP00000287936	0.053	0	0	0	0	0	0	0.486	0.493
EPHX2	FASN	9606.ENSP00000430269	9606.ENSP00000304592	0.054	0	0	0	0.106	0	0.279	0.234	0.470
EPHX2	IMPDH2	9606.ENSP00000430269	9606.ENSP00000321584	0.105	0	0	0	0.095	0.162	0.806	0.258	0.884
EPHX2	ESR2	9606.ENSP00000430269	9606.ENSP00000343925	0	0	0	0	0.047	0.045	0	0.465	0.470
EPHX2	PNP	9606.ENSP00000430269	9606.ENSP00000354532	0.076	0	0	0	0.122	0	0.826	0.546	0.927
EPHX2	PTGS2	9606.ENSP00000430269	9606.ENSP00000356438	0	0	0	0	0.041	0	0	0.445	0.445
EPHX2	HSD17B3	9606.ENSP00000430269	9606.ENSP00000364412	0.163	0	0	0	0.086	0	0	0.298	0.416
EPHX2	PPARA	9606.ENSP00000430269	9606.ENSP00000385523	0	0	0	0	0.119	0.045	0	0.479	0.524
EPHX2	ESR1	9606.ENSP00000430269	9606.ENSP00000405330	0	0	0	0	0.052	0.045	0	0.492	0.501
EPHX2	LCK	9606.ENSP00000430269	9606.ENSP00000477713	0	0	0	0	0.072	0	0	0.401	0.420
ERBB2	MMP2	9606.ENSP00000269571	9606.ENSP00000219070	0	0	0	0	0	0	0	0.738	0.738
ERBB2	RIPK2	9606.ENSP00000269571	9606.ENSP00000220751	0	0	0	0.569	0	0.091	0	0.423	0.453
ERBB2	SERPINE1	9606.ENSP00000269571	9606.ENSP00000223095	0	0	0	0	0	0	0	0.447	0.447
ERBB2	MPO	9606.ENSP00000269571	9606.ENSP00000225275	0	0	0	0	0	0	0	0.528	0.528
ERBB2	NFKB1	9606.ENSP00000269571	9606.ENSP00000226574	0	0	0	0	0	0.045	0	0.732	0.733
ERBB2	MAPK14	9606.ENSP00000269571	9606.ENSP00000229795	0	0	0	0.579	0	0.045	0	0.489	0.491
ERBB2	FLT3	9606.ENSP00000269571	9606.ENSP00000241453	0	0	0	0.582	0.067	0.637	0	0.280	0.735
ERBB2	SMO	9606.ENSP00000269571	9606.ENSP00000249373	0	0	0	0	0.124	0.055	0	0.420	0.478
ERBB2	RARA	9606.ENSP00000269571	9606.ENSP00000254066	0	0	0	0	0.061	0.092	0	0.451	0.491
ERBB2	PDGFRA	9606.ENSP00000269571	9606.ENSP00000257290	0	0	0	0.565	0.065	0.663	0	0.323	0.768
ERBB2	MDM2	9606.ENSP00000269571	9606.ENSP00000258149	0	0	0	0	0.049	0	0	0.663	0.665
ERBB2	MMP7	9606.ENSP00000269571	9606.ENSP00000260227	0	0	0	0	0.067	0	0	0.460	0.475
ERBB2	ITGAV	9606.ENSP00000269571	9606.ENSP00000261023	0	0	0	0	0.056	0.292	0	0.270	0.469
ERBB2	PDGFRB	9606.ENSP00000269571	9606.ENSP00000261799	0	0	0	0.565	0.065	0.708	0	0.574	0.874
ERBB2	FLT4	9606.ENSP00000269571	9606.ENSP00000261937	0	0	0	0.564	0.055	0.637	0	0.255	0.722
ERBB2	TYR	9606.ENSP00000269571	9606.ENSP00000263321	0	0	0	0	0	0.075	0	0.408	0.429
ERBB2	KDR	9606.ENSP00000269571	9606.ENSP00000263923	0	0	0	0.561	0.055	0.139	0	0.593	0.640
ERBB2	PIK3CA	9606.ENSP00000269571	9606.ENSP00000263967	0	0	0	0	0	0.115	0.900	0.927	0.992
ERBB2	THRA	9606.ENSP00000269571	9606.ENSP00000264637	0	0	0	0	0.097	0.092	0	0.513	0.566
ERBB2	ICAM1	9606.ENSP00000269571	9606.ENSP00000264832	0	0	0	0	0	0	0	0.446	0.446
ERBB2	GSTP1	9606.ENSP00000269571	9606.ENSP00000381607	0	0	0	0	0	0	0	0.400	0.400
ERBB2	FURIN	9606.ENSP00000269571	9606.ENSP00000483552	0	0	0	0	0	0	0	0.406	0.406
ERBB2	MAP2K1	9606.ENSP00000269571	9606.ENSP00000302486	0	0	0	0.609	0	0.176	0	0.314	0.410
ERBB2	HNF4A	9606.ENSP00000269571	9606.ENSP00000312987	0	0	0	0	0.055	0	0	0.404	0.412
ERBB2	NOS1	9606.ENSP00000269571	9606.ENSP00000477999	0	0	0	0	0	0	0	0.416	0.416
ERBB2	VCAM1	9606.ENSP00000269571	9606.ENSP00000294728	0	0	0	0	0	0	0	0.417	0.417
ERBB2	RELA	9606.ENSP00000269571	9606.ENSP00000384273	0	0	0	0	0	0.075	0	0.398	0.419
ERBB2	ITGB3	9606.ENSP00000269571	9606.ENSP00000452786	0	0	0	0	0.055	0.091	0	0.379	0.420
ERBB2	MME	9606.ENSP00000269571	9606.ENSP00000418525	0	0	0	0	0	0	0	0.423	0.423
ERBB2	MMP1	9606.ENSP00000269571	9606.ENSP00000322788	0	0	0	0	0	0	0	0.426	0.426
ERBB2	TLR4	9606.ENSP00000269571	9606.ENSP00000363089	0	0	0	0	0	0.094	0	0.396	0.429
ERBB2	MDM4	9606.ENSP00000269571	9606.ENSP00000356150	0	0	0	0	0	0	0	0.433	0.433
ERBB2	MAPK8	9606.ENSP00000269571	9606.ENSP00000378974	0	0	0	0	0	0	0	0.439	0.439
ERBB2	HDAC1	9606.ENSP00000269571	9606.ENSP00000362649	0	0	0	0	0	0	0	0.439	0.439
ERBB2	PRKCD	9606.ENSP00000269571	9606.ENSP00000331602	0	0	0	0.559	0	0	0	0.442	0.442
ERBB2	RAF1	9606.ENSP00000269571	9606.ENSP00000401888	0	0	0	0.578	0	0.224	0	0.327	0.455
ERBB2	ITGAL	9606.ENSP00000269571	9606.ENSP00000349252	0	0	0	0	0	0	0	0.456	0.456
ERBB2	SYK	9606.ENSP00000269571	9606.ENSP00000364898	0	0	0	0.678	0	0.400	0	0.146	0.465
ERBB2	ITK	9606.ENSP00000269571	9606.ENSP00000398655	0	0	0	0.667	0	0.401	0	0.156	0.473
ERBB2	TGFBR1	9606.ENSP00000269571	9606.ENSP00000447297	0	0	0	0.562	0	0.093	0	0.448	0.477
ERBB2	XIAP	9606.ENSP00000269571	9606.ENSP00000360242	0	0	0	0	0.049	0.066	0	0.461	0.479
ERBB2	HDAC6	9606.ENSP00000269571	9606.ENSP00000365804	0	0	0	0	0.049	0.166	0	0.403	0.485
ERBB2	TOP1	9606.ENSP00000269571	9606.ENSP00000354522	0	0	0	0	0	0.180	0	0.400	0.487
ERBB2	TYK2	9606.ENSP00000269571	9606.ENSP00000431885	0	0	0	0.566	0	0.091	0	0.463	0.491
ERBB2	PPARG	9606.ENSP00000269571	9606.ENSP00000287820	0	0	0	0	0.086	0.092	0	0.440	0.495
ERBB2	TNK2	9606.ENSP00000269571	9606.ENSP00000371341	0	0	0	0.600	0.055	0.046	0	0.495	0.505
ERBB2	FGR	9606.ENSP00000269571	9606.ENSP00000363117	0	0	0.093	0.678	0	0.417	0	0.140	0.506
ERBB2	TYMS	9606.ENSP00000269571	9606.ENSP00000315644	0	0	0	0	0	0	0	0.509	0.509
ERBB2	PTPN6	9606.ENSP00000269571	9606.ENSP00000391592	0	0	0	0	0	0.405	0	0.229	0.522
ERBB2	PLAU	9606.ENSP00000269571	9606.ENSP00000361850	0	0	0	0	0	0	0	0.570	0.570
ERBB2	GSK3B	9606.ENSP00000269571	9606.ENSP00000324806	0	0	0	0	0	0.091	0	0.552	0.575
ERBB2	FLT1	9606.ENSP00000269571	9606.ENSP00000282397	0	0	0	0.563	0.055	0.139	0	0.536	0.590
ERBB2	TERT	9606.ENSP00000269571	9606.ENSP00000309572	0	0	0	0	0	0	0	0.590	0.590
ERBB2	TOP2A	9606.ENSP00000269571	9606.ENSP00000411532	0	0	0	0	0	0	0	0.621	0.621
ERBB2	TNF	9606.ENSP00000269571	9606.ENSP00000398698	0	0	0	0	0	0	0	0.621	0.621
ERBB2	PTPN1	9606.ENSP00000269571	9606.ENSP00000360683	0	0	0	0	0	0.113	0	0.592	0.622
ERBB2	PRKDC	9606.ENSP00000269571	9606.ENSP00000313420	0	0	0	0	0	0.115	0	0.600	0.630
ERBB2	ROCK2	9606.ENSP00000269571	9606.ENSP00000317985	0	0	0	0	0	0.091	0.500	0.264	0.636
ERBB2	MMP9	9606.ENSP00000269571	9606.ENSP00000361405	0	0	0	0	0.055	0	0	0.650	0.655
ERBB2	PTPRC	9606.ENSP00000269571	9606.ENSP00000411355	0	0	0	0	0	0.224	0	0.575	0.656
ERBB2	FCGRT	9606.ENSP00000269571	9606.ENSP00000410798	0	0	0	0	0.047	0	0	0.655	0.657
ERBB2	ROCK1	9606.ENSP00000269571	9606.ENSP00000382697	0	0	0	0	0	0.091	0.500	0.337	0.672
ERBB2	IDO1	9606.ENSP00000269571	9606.ENSP00000430950	0	0	0	0	0	0	0	0.679	0.679
ERBB2	FASN	9606.ENSP00000269571	9606.ENSP00000304592	0	0	0	0	0.049	0	0	0.678	0.680
ERBB2	PIK3CG	9606.ENSP00000269571	9606.ENSP00000419260	0	0	0	0	0	0	0	0.704	0.704
ERBB2	MCL1	9606.ENSP00000269571	9606.ENSP00000358022	0	0	0	0	0.048	0.292	0	0.609	0.713
ERBB2	NTRK3	9606.ENSP00000269571	9606.ENSP00000354207	0	0	0	0.586	0.107	0.617	0	0.239	0.717
ERBB2	ESR2	9606.ENSP00000269571	9606.ENSP00000343925	0	0	0	0	0	0.092	0	0.701	0.717
ERBB2	MTOR	9606.ENSP00000269571	9606.ENSP00000354558	0	0	0	0	0	0	0	0.725	0.725
ERBB2	FGFR1	9606.ENSP00000269571	9606.ENSP00000393312	0	0	0	0.612	0.055	0.621	0	0.323	0.737
ERBB2	PARP1	9606.ENSP00000269571	9606.ENSP00000355759	0	0	0	0	0	0	0	0.741	0.741
ERBB2	RET	9606.ENSP00000269571	9606.ENSP00000347942	0	0	0	0.593	0	0.621	0	0.354	0.745
ERBB2	NTRK1	9606.ENSP00000269571	9606.ENSP00000431418	0	0	0	0.602	0.107	0.617	0	0.332	0.751
ERBB2	FYN	9606.ENSP00000269571	9606.ENSP00000346671	0	0	0	0.689	0	0.450	0.400	0.462	0.807
ERBB2	ITGB1	9606.ENSP00000269571	9606.ENSP00000379350	0	0	0	0	0.055	0.296	0	0.753	0.821
ERBB2	STAT1	9606.ENSP00000269571	9606.ENSP00000354394	0	0	0	0	0	0.639	0	0.525	0.821
ERBB2	PTGS2	9606.ENSP00000269571	9606.ENSP00000356438	0	0	0	0	0.068	0.292	0	0.760	0.828
ERBB2	MET	9606.ENSP00000269571	9606.ENSP00000317272	0	0	0	0.581	0.072	0.617	0	0.604	0.847
ERBB2	INSR	9606.ENSP00000269571	9606.ENSP00000303830	0	0	0	0.571	0.058	0.617	0	0.625	0.853
ERBB2	PIK3CD	9606.ENSP00000269571	9606.ENSP00000366563	0	0	0	0	0	0	0.900	0.440	0.941
ERBB2	JAK3	9606.ENSP00000269571	9606.ENSP00000432511	0	0	0	0.583	0	0.091	0.900	0.504	0.951
ERBB2	JAK1	9606.ENSP00000269571	9606.ENSP00000499900	0	0	0	0.570	0	0.253	0.900	0.500	0.959
ERBB2	JAK2	9606.ENSP00000269571	9606.ENSP00000371067	0	0	0	0.573	0	0.328	0.900	0.534	0.966
ERBB2	PTPN11	9606.ENSP00000269571	9606.ENSP00000489597	0	0	0	0	0	0.847	0	0.820	0.971
ERBB2	PIK3CB	9606.ENSP00000269571	9606.ENSP00000501150	0	0	0	0	0	0.162	0.900	0.702	0.972
ERBB2	ESR1	9606.ENSP00000269571	9606.ENSP00000405330	0	0	0	0	0	0.329	0	0.966	0.976
ERBB2	PGR	9606.ENSP00000269571	9606.ENSP00000325120	0	0	0	0	0	0.329	0	0.972	0.980
ERBB2	PTK2	9606.ENSP00000269571	9606.ENSP00000341189	0	0	0	0.598	0.060	0.786	0.900	0.564	0.990
ERBB2	IGF1R	9606.ENSP00000269571	9606.ENSP00000497069	0	0	0	0.569	0.083	0.693	0	0.979	0.993
ERBB2	HSP90AB1	9606.ENSP00000269571	9606.ENSP00000360609	0	0	0	0	0	0.645	0	0.983	0.993
ERBB2	PIK3R1	9606.ENSP00000269571	9606.ENSP00000428056	0	0	0	0	0	0.840	0.900	0.728	0.995
ERBB2	GRB2	9606.ENSP00000269571	9606.ENSP00000376345	0	0	0	0	0	0.934	0.900	0.993	0.999
ERBB2	SRC	9606.ENSP00000269571	9606.ENSP00000362680	0	0	0	0.680	0.049	0.850	0.900	0.980	0.999
ERBB2	HSP90AA1	9606.ENSP00000269571	9606.ENSP00000335153	0	0	0	0	0	0.898	0.500	0.985	0.999
ERN1	SIRT1	9606.ENSP00000401445	9606.ENSP00000212015	0	0	0	0	0.049	0	0	0.415	0.419
ERN1	RIPK2	9606.ENSP00000401445	9606.ENSP00000220751	0	0	0	0	0.054	0.292	0	0.209	0.424
ERN1	NFKB1	9606.ENSP00000401445	9606.ENSP00000226574	0	0	0	0	0.060	0.095	0	0.414	0.458
ERN1	NOX4	9606.ENSP00000401445	9606.ENSP00000263317	0	0	0	0	0.067	0.085	0	0.404	0.447
ERN1	KDR	9606.ENSP00000401445	9606.ENSP00000263923	0	0	0	0	0.062	0.074	0	0.510	0.537
ERN1	SIGMAR1	9606.ENSP00000401445	9606.ENSP00000277010	0	0	0	0	0	0.067	0	0.658	0.667
ERN1	PPARG	9606.ENSP00000401445	9606.ENSP00000287820	0	0	0	0	0.055	0.071	0	0.402	0.429
ERN1	PSEN1	9606.ENSP00000401445	9606.ENSP00000326366	0	0	0	0	0.049	0.297	0.900	0.451	0.958
ERN1	HSP90AA1	9606.ENSP00000401445	9606.ENSP00000335153	0	0	0	0	0	0.362	0	0.796	0.864
ERN1	MTOR	9606.ENSP00000401445	9606.ENSP00000354558	0	0	0	0	0.132	0.073	0	0.522	0.582
ERN1	PSEN2	9606.ENSP00000401445	9606.ENSP00000355747	0	0	0	0	0	0.049	0.900	0.171	0.914
ERN1	PARP1	9606.ENSP00000401445	9606.ENSP00000355759	0	0	0	0	0	0	0	0.553	0.553
ERN1	MCL1	9606.ENSP00000401445	9606.ENSP00000358022	0	0	0	0	0.087	0	0	0.444	0.471
ERN1	HSP90AB1	9606.ENSP00000401445	9606.ENSP00000360609	0	0	0	0	0	0.136	0	0.797	0.817
ERN1	TLR4	9606.ENSP00000401445	9606.ENSP00000363089	0	0	0	0	0.052	0.100	0	0.436	0.476
ERN1	PPARA	9606.ENSP00000401445	9606.ENSP00000385523	0	0	0	0	0.055	0.071	0	0.404	0.431
ERN1	TNF	9606.ENSP00000401445	9606.ENSP00000398698	0	0	0	0	0.103	0.057	0	0.892	0.901
ERN1	IKBKB	9606.ENSP00000401445	9606.ENSP00000430684	0	0	0	0.554	0.062	0	0	0.498	0.509
ESR1	HSD17B2	9606.ENSP00000405330	9606.ENSP00000199936	0	0	0	0	0	0.045	0	0.512	0.514
ESR1	SIRT1	9606.ENSP00000405330	9606.ENSP00000212015	0	0	0	0	0	0.310	0	0.629	0.733
ESR1	MAPK1	9606.ENSP00000405330	9606.ENSP00000215832	0	0	0	0	0	0.625	0.900	0.681	0.987
ESR1	STS	9606.ENSP00000405330	9606.ENSP00000217961	0	0	0	0	0.055	0	0	0.528	0.534
ESR1	MMP2	9606.ENSP00000405330	9606.ENSP00000219070	0	0	0	0	0.042	0	0	0.579	0.580
ESR1	PLAT	9606.ENSP00000405330	9606.ENSP00000220809	0	0	0	0	0.044	0	0	0.527	0.528
ESR1	SERPINE1	9606.ENSP00000405330	9606.ENSP00000223095	0	0	0	0	0	0.045	0	0.471	0.473
ESR1	MPO	9606.ENSP00000405330	9606.ENSP00000225275	0	0	0	0	0.047	0	0	0.497	0.500
ESR1	RPS6KB1	9606.ENSP00000405330	9606.ENSP00000225577	0	0	0	0	0.057	0.053	0.900	0.558	0.955
ESR1	HSD17B1	9606.ENSP00000405330	9606.ENSP00000225929	0	0	0	0	0	0	0	0.611	0.611
ESR1	GNRHR	9606.ENSP00000405330	9606.ENSP00000226413	0	0	0	0	0.042	0	0	0.581	0.582
ESR1	NFKB1	9606.ENSP00000405330	9606.ENSP00000226574	0	0	0	0	0	0.510	0	0.916	0.957
ESR1	MAPK14	9606.ENSP00000405330	9606.ENSP00000229795	0	0	0	0	0	0	0.900	0.561	0.954
ESR1	NR3C1	9606.ENSP00000405330	9606.ENSP00000231509	0	0	0	0.656	0	0	0.500	0.802	0.896
ESR1	KISS1R	9606.ENSP00000405330	9606.ENSP00000234371	0	0	0	0	0	0	0	0.560	0.560
ESR1	RARA	9606.ENSP00000405330	9606.ENSP00000254066	0	0	0	0.671	0.062	0.325	0	0.564	0.699
ESR1	PDGFRA	9606.ENSP00000405330	9606.ENSP00000257290	0	0	0	0	0.047	0.045	0	0.461	0.467
ESR1	MDM2	9606.ENSP00000405330	9606.ENSP00000258149	0	0	0	0	0.042	0.785	0	0.762	0.946
ESR1	MMP7	9606.ENSP00000405330	9606.ENSP00000260227	0	0	0	0	0.074	0	0	0.410	0.430
ESR1	RORA	9606.ENSP00000405330	9606.ENSP00000261523	0	0	0	0.593	0	0	0	0.459	0.459
ESR1	SLC6A4	9606.ENSP00000405330	9606.ENSP00000261707	0	0	0	0	0.044	0.045	0	0.399	0.404
ESR1	PDGFRB	9606.ENSP00000405330	9606.ENSP00000261799	0	0	0	0	0.044	0.045	0	0.447	0.451
ESR1	MAP2K2	9606.ENSP00000405330	9606.ENSP00000262948	0	0	0	0	0.051	0.057	0	0.517	0.530
ESR1	MAP3K8	9606.ENSP00000405330	9606.ENSP00000263056	0	0	0	0	0	0	0	0.441	0.441
ESR1	KAT2B	9606.ENSP00000405330	9606.ENSP00000263754	0	0	0	0	0	0.069	0.500	0.613	0.804
ESR1	KDR	9606.ENSP00000405330	9606.ENSP00000263923	0	0	0	0	0	0.045	0	0.687	0.688
ESR1	PIK3CA	9606.ENSP00000405330	9606.ENSP00000263967	0	0	0	0	0	0.510	0.400	0.817	0.941
ESR1	HDAC4	9606.ENSP00000405330	9606.ENSP00000264606	0	0	0	0	0.046	0.512	0	0.375	0.683
ESR1	THRA	9606.ENSP00000405330	9606.ENSP00000264637	0	0	0	0.605	0	0	0	0.598	0.598
ESR1	ICAM1	9606.ENSP00000405330	9606.ENSP00000264832	0	0	0	0	0.059	0	0	0.410	0.421
ESR1	ZAP70	9606.ENSP00000405330	9606.ENSP00000264972	0	0	0	0	0	0.071	0	0.469	0.486
ESR1	REN	9606.ENSP00000405330	9606.ENSP00000272190	0	0	0	0	0.055	0	0	0.426	0.434
ESR1	FLT1	9606.ENSP00000405330	9606.ENSP00000282397	0	0	0	0	0	0.045	0	0.433	0.435
ESR1	PPARG	9606.ENSP00000405330	9606.ENSP00000287820	0	0	0	0.604	0.059	0	0	0.790	0.794
ESR1	HMGCR	9606.ENSP00000405330	9606.ENSP00000287936	0	0	0	0	0	0	0	0.441	0.441
ESR1	VCAM1	9606.ENSP00000405330	9606.ENSP00000294728	0	0	0	0	0	0	0	0.477	0.477
ESR1	NOS3	9606.ENSP00000405330	9606.ENSP00000297494	0	0	0	0	0	0.301	0	0.689	0.773
ESR1	MMP3	9606.ENSP00000405330	9606.ENSP00000299855	0	0	0	0	0	0	0	0.409	0.409
ESR1	PLK1	9606.ENSP00000405330	9606.ENSP00000300093	0	0	0	0	0	0.045	0	0.418	0.420
ESR1	MAP2K1	9606.ENSP00000405330	9606.ENSP00000302486	0	0	0	0	0.051	0.057	0	0.508	0.521
ESR1	GUSB	9606.ENSP00000405330	9606.ENSP00000302728	0	0	0	0	0.055	0	0	0.617	0.622
ESR1	HDAC3	9606.ENSP00000405330	9606.ENSP00000302967	0	0	0	0	0	0.445	0	0.269	0.577
ESR1	INSR	9606.ENSP00000405330	9606.ENSP00000303830	0	0	0	0	0	0.071	0	0.608	0.620
ESR1	FASN	9606.ENSP00000405330	9606.ENSP00000304592	0	0	0	0	0.055	0.080	0	0.780	0.792
ESR1	TERT	9606.ENSP00000405330	9606.ENSP00000309572	0	0	0	0	0	0	0	0.553	0.553
ESR1	PRKACA	9606.ENSP00000405330	9606.ENSP00000309591	0	0	0	0	0	0	0.900	0.581	0.956
ESR1	HNF4A	9606.ENSP00000405330	9606.ENSP00000312987	0	0	0	0.647	0.042	0.091	0	0.608	0.628
ESR1	PRKDC	9606.ENSP00000405330	9606.ENSP00000313420	0	0	0	0	0	0.306	0	0.610	0.717
ESR1	MET	9606.ENSP00000405330	9606.ENSP00000317272	0	0	0	0	0.111	0.071	0	0.643	0.680
ESR1	ROCK2	9606.ENSP00000405330	9606.ENSP00000317985	0	0	0	0	0.049	0.071	0	0.516	0.535
ESR1	MMP1	9606.ENSP00000405330	9606.ENSP00000322788	0	0	0	0	0	0	0	0.410	0.410
ESR1	GSK3B	9606.ENSP00000405330	9606.ENSP00000324806	0	0	0	0	0	0.071	0	0.618	0.629
ESR1	PGR	9606.ENSP00000405330	9606.ENSP00000325120	0	0	0	0.673	0.240	0.771	0.700	0.560	0.974
ESR1	SCN5A	9606.ENSP00000405330	9606.ENSP00000328968	0	0	0	0	0	0	0	0.410	0.410
ESR1	TBK1	9606.ENSP00000405330	9606.ENSP00000329967	0	0	0	0	0	0.314	0	0.197	0.425
ESR1	MAPK11	9606.ENSP00000405330	9606.ENSP00000333685	0	0	0	0	0	0	0.900	0.287	0.925
ESR1	HSP90AA1	9606.ENSP00000405330	9606.ENSP00000335153	0	0	0	0	0.054	0.889	0.500	0.988	0.999
ESR1	TRIM24	9606.ENSP00000405330	9606.ENSP00000340507	0	0	0	0	0	0.836	0	0.767	0.960
ESR1	MAOA	9606.ENSP00000405330	9606.ENSP00000340684	0	0	0	0	0.055	0.054	0	0.384	0.401
ESR1	PTK2	9606.ENSP00000405330	9606.ENSP00000341189	0	0	0	0	0.052	0	0.500	0.682	0.836
ESR1	ESR2	9606.ENSP00000405330	9606.ENSP00000343925	0	0	0.062	0.923	0.042	0.830	0.900	0.934	0.998
ESR1	HMGB1	9606.ENSP00000405330	9606.ENSP00000345347	0	0	0	0	0	0	0	0.557	0.557
ESR1	PDE5A	9606.ENSP00000405330	9606.ENSP00000347046	0	0	0	0	0	0	0	0.542	0.542
ESR1	RET	9606.ENSP00000405330	9606.ENSP00000347942	0	0	0	0	0.083	0.045	0	0.654	0.670
ESR1	NR3C2	9606.ENSP00000405330	9606.ENSP00000350815	0	0	0	0.664	0	0	0	0.499	0.499
ESR1	STAT1	9606.ENSP00000405330	9606.ENSP00000354394	0	0	0	0	0.043	0.304	0.500	0.775	0.915
ESR1	MTOR	9606.ENSP00000405330	9606.ENSP00000354558	0	0	0	0	0	0.292	0	0.655	0.745
ESR1	PTGS1	9606.ENSP00000405330	9606.ENSP00000354612	0	0	0	0	0.047	0	0	0.450	0.453
ESR1	PARP1	9606.ENSP00000405330	9606.ENSP00000355759	0	0	0	0	0	0.312	0	0.647	0.746
ESR1	PTGS2	9606.ENSP00000405330	9606.ENSP00000356438	0	0	0	0	0.047	0	0	0.672	0.674
ESR1	MCL1	9606.ENSP00000405330	9606.ENSP00000358022	0	0	0	0	0	0.045	0	0.652	0.653
ESR1	XIAP	9606.ENSP00000405330	9606.ENSP00000360242	0	0	0	0	0.044	0.045	0	0.637	0.639
ESR1	HSP90AB1	9606.ENSP00000405330	9606.ENSP00000360609	0	0	0	0	0.054	0.319	0.500	0.983	0.993
ESR1	PTPN1	9606.ENSP00000405330	9606.ENSP00000360683	0	0	0	0	0.060	0.308	0	0.508	0.652
ESR1	MMP9	9606.ENSP00000405330	9606.ENSP00000361405	0	0	0	0	0.074	0	0	0.763	0.772
ESR1	PLAU	9606.ENSP00000405330	9606.ENSP00000361850	0	0	0	0	0	0	0	0.476	0.476
ESR1	HDAC1	9606.ENSP00000405330	9606.ENSP00000362649	0	0	0	0	0	0.832	0.500	0.987	0.998
ESR1	SRC	9606.ENSP00000405330	9606.ENSP00000362680	0	0	0	0	0	0.925	0.900	0.996	0.999
ESR1	TLR4	9606.ENSP00000405330	9606.ENSP00000363089	0	0	0	0	0	0.066	0	0.426	0.441
ESR1	HSD17B3	9606.ENSP00000405330	9606.ENSP00000364412	0	0	0	0	0.056	0	0	0.448	0.456
ESR1	HDAC6	9606.ENSP00000405330	9606.ENSP00000365804	0	0	0	0	0.046	0.045	0	0.570	0.574
ESR1	KLF5	9606.ENSP00000405330	9606.ENSP00000366915	0	0	0	0	0	0.311	0	0.371	0.548
ESR1	XDH	9606.ENSP00000405330	9606.ENSP00000368727	0	0	0	0	0.053	0.091	0	0.433	0.469
ESR1	RPS6KA3	9606.ENSP00000405330	9606.ENSP00000368884	0	0	0	0	0.055	0.292	0	0.588	0.700
ESR1	JAK2	9606.ENSP00000405330	9606.ENSP00000371067	0	0	0	0	0.060	0.071	0	0.513	0.538
ESR1	GRB2	9606.ENSP00000405330	9606.ENSP00000376345	0	0	0	0	0.050	0.071	0	0.812	0.819
ESR1	MAPK8	9606.ENSP00000405330	9606.ENSP00000378974	0	0	0	0	0	0	0.900	0.659	0.964
ESR1	ITGB1	9606.ENSP00000405330	9606.ENSP00000379350	0	0	0	0	0.045	0.070	0	0.390	0.411
ESR1	THRB	9606.ENSP00000405330	9606.ENSP00000379904	0	0	0	0.607	0	0	0	0.545	0.545
ESR1	GSTP1	9606.ENSP00000405330	9606.ENSP00000381607	0	0	0	0	0	0.045	0	0.534	0.536
ESR1	RELA	9606.ENSP00000405330	9606.ENSP00000384273	0	0	0	0	0	0.787	0	0.904	0.978
ESR1	PPARA	9606.ENSP00000405330	9606.ENSP00000385523	0	0	0	0.602	0.059	0	0	0.610	0.618
ESR1	KDM3A	9606.ENSP00000405330	9606.ENSP00000386660	0	0	0	0	0	0	0	0.550	0.550
ESR1	FGFR1	9606.ENSP00000405330	9606.ENSP00000393312	0	0	0	0	0	0.045	0	0.553	0.555
ESR1	MAPK9	9606.ENSP00000405330	9606.ENSP00000394560	0	0	0	0	0	0	0.900	0.300	0.927
ESR1	TNF	9606.ENSP00000405330	9606.ENSP00000398698	0	0	0	0	0.055	0	0	0.647	0.652
ESR1	RAF1	9606.ENSP00000405330	9606.ENSP00000401888	0	0	0	0	0	0.071	0	0.630	0.642
ESR1	IKBKB	9606.ENSP00000405330	9606.ENSP00000430684	0	0	0	0	0	0.071	0	0.394	0.413
ESR1	SRD5A2	9606.ENSP00000405330	9606.ENSP00000477587	0	0	0	0	0.071	0	0	0.433	0.451
ESR1	PTPRC	9606.ENSP00000405330	9606.ENSP00000411355	0	0	0	0	0.053	0.064	0	0.475	0.494
ESR1	TOP2A	9606.ENSP00000405330	9606.ENSP00000411532	0	0	0	0	0.055	0.070	0	0.475	0.498
ESR1	MME	9606.ENSP00000405330	9606.ENSP00000418525	0	0	0	0	0.052	0	0	0.544	0.549
ESR1	LCK	9606.ENSP00000405330	9606.ENSP00000477713	0	0	0	0	0	0.071	0	0.542	0.557
ESR1	RPS6KA1	9606.ENSP00000405330	9606.ENSP00000435412	0	0	0	0	0.055	0.292	0	0.400	0.563
ESR1	PTPN11	9606.ENSP00000405330	9606.ENSP00000489597	0	0	0	0	0.055	0.064	0	0.558	0.574
ESR1	TGFBR1	9606.ENSP00000405330	9606.ENSP00000447297	0	0	0	0	0.057	0.071	0	0.562	0.583
ESR1	RXRA	9606.ENSP00000405330	9606.ENSP00000419692	0	0	0	0.723	0	0.096	0	0.630	0.651
ESR1	NTRK1	9606.ENSP00000405330	9606.ENSP00000431418	0	0	0	0	0	0.071	0	0.711	0.720
ESR1	NR1H4	9606.ENSP00000405330	9606.ENSP00000447149	0	0	0	0.617	0.055	0.510	0	0.491	0.744
ESR1	HDAC2	9606.ENSP00000405330	9606.ENSP00000430432	0	0	0	0	0	0.343	0	0.858	0.903
ESR1	PIK3R1	9606.ENSP00000405330	9606.ENSP00000428056	0	0	0	0	0	0.708	0.400	0.971	0.994
ESR1	IGF1R	9606.ENSP00000405330	9606.ENSP00000497069	0	0	0	0	0.063	0.743	0.500	0.994	0.999
ESR2	HSD17B2	9606.ENSP00000343925	9606.ENSP00000199936	0	0	0	0	0	0.045	0	0.572	0.574
ESR2	SIRT1	9606.ENSP00000343925	9606.ENSP00000212015	0	0	0	0	0	0.052	0	0.472	0.479
ESR2	MAPK1	9606.ENSP00000343925	9606.ENSP00000215832	0	0	0	0	0	0.292	0.900	0.332	0.948
ESR2	STS	9606.ENSP00000343925	9606.ENSP00000217961	0	0	0	0	0.055	0	0	0.470	0.478
ESR2	MMP2	9606.ENSP00000343925	9606.ENSP00000219070	0	0	0	0	0	0	0	0.400	0.400
ESR2	PLAT	9606.ENSP00000343925	9606.ENSP00000220809	0	0	0	0	0	0	0	0.418	0.418
ESR2	RPS6KB1	9606.ENSP00000343925	9606.ENSP00000225577	0	0	0	0	0.062	0.053	0.900	0.292	0.928
ESR2	HSD17B1	9606.ENSP00000343925	9606.ENSP00000225929	0	0	0	0	0	0	0	0.613	0.613
ESR2	GNRHR	9606.ENSP00000343925	9606.ENSP00000226413	0	0	0	0	0.056	0	0	0.514	0.522
ESR2	NFKB1	9606.ENSP00000343925	9606.ENSP00000226574	0	0	0	0	0	0	0	0.442	0.442
ESR2	MAPK14	9606.ENSP00000343925	9606.ENSP00000229795	0	0	0	0	0	0	0.900	0.247	0.921
ESR2	KISS1R	9606.ENSP00000343925	9606.ENSP00000234371	0	0	0	0	0	0	0	0.470	0.470
ESR2	MDM2	9606.ENSP00000343925	9606.ENSP00000258149	0	0	0	0	0.042	0.292	0	0.330	0.506
ESR2	KDR	9606.ENSP00000343925	9606.ENSP00000263923	0	0	0	0	0	0.045	0	0.571	0.573
ESR2	PIK3CA	9606.ENSP00000343925	9606.ENSP00000263967	0	0	0	0	0	0	0.400	0.322	0.575
ESR2	PPARG	9606.ENSP00000343925	9606.ENSP00000287820	0	0	0	0.583	0.059	0	0	0.533	0.542
ESR2	NOS3	9606.ENSP00000343925	9606.ENSP00000297494	0	0	0	0	0.067	0.049	0	0.678	0.689
ESR2	GUSB	9606.ENSP00000343925	9606.ENSP00000302728	0	0	0	0	0.055	0	0	0.546	0.552
ESR2	PRKACA	9606.ENSP00000343925	9606.ENSP00000309591	0	0	0	0	0	0	0.900	0.457	0.943
ESR2	GSK3B	9606.ENSP00000343925	9606.ENSP00000324806	0	0	0	0	0	0.071	0	0.636	0.648
ESR2	PGR	9606.ENSP00000343925	9606.ENSP00000325120	0	0	0	0.683	0.042	0.051	0	0.464	0.471
ESR2	MAPK11	9606.ENSP00000343925	9606.ENSP00000333685	0	0	0	0	0.042	0	0.900	0.157	0.912
ESR2	HSP90AA1	9606.ENSP00000343925	9606.ENSP00000335153	0	0	0	0	0.054	0.379	0.500	0.653	0.884
ESR2	TRIM24	9606.ENSP00000343925	9606.ENSP00000340507	0	0	0	0	0	0.345	0	0.149	0.419
ESR2	PTK2	9606.ENSP00000343925	9606.ENSP00000341189	0	0	0	0	0.052	0	0.500	0.202	0.588
ESR2	PPARA	9606.ENSP00000343925	9606.ENSP00000385523	0	0	0	0.591	0.059	0	0	0.425	0.435
ESR2	LCK	9606.ENSP00000343925	9606.ENSP00000477713	0	0	0	0	0	0.071	0	0.422	0.440
ESR2	HSD17B3	9606.ENSP00000343925	9606.ENSP00000364412	0	0	0	0	0.056	0	0	0.437	0.446
ESR2	SRD5A2	9606.ENSP00000343925	9606.ENSP00000477587	0	0	0	0	0.053	0	0	0.461	0.467
ESR2	MMP9	9606.ENSP00000343925	9606.ENSP00000361405	0	0	0	0	0.074	0	0	0.495	0.512
ESR2	TNF	9606.ENSP00000343925	9606.ENSP00000398698	0	0	0	0	0.055	0	0	0.519	0.526
ESR2	PTGS2	9606.ENSP00000343925	9606.ENSP00000356438	0	0	0	0	0.047	0	0	0.527	0.530
ESR2	PIK3R1	9606.ENSP00000343925	9606.ENSP00000428056	0	0	0	0	0	0.065	0.400	0.229	0.530
ESR2	GRM2	9606.ENSP00000343925	9606.ENSP00000378492	0	0	0	0	0	0	0	0.552	0.552
ESR2	RELA	9606.ENSP00000343925	9606.ENSP00000384273	0	0	0	0	0	0.050	0	0.580	0.583
ESR2	IGF1R	9606.ENSP00000343925	9606.ENSP00000497069	0	0	0	0	0	0.071	0	0.807	0.813
ESR2	HSP90AB1	9606.ENSP00000343925	9606.ENSP00000360609	0	0	0	0	0.054	0.159	0.500	0.627	0.832
ESR2	KLF5	9606.ENSP00000343925	9606.ENSP00000366915	0	0	0	0	0	0.311	0	0.835	0.881
ESR2	MAPK9	9606.ENSP00000343925	9606.ENSP00000394560	0	0	0	0	0	0	0.900	0.186	0.915
ESR2	MAPK8	9606.ENSP00000343925	9606.ENSP00000378974	0	0	0	0	0	0	0.900	0.269	0.923
ESR2	SRC	9606.ENSP00000343925	9606.ENSP00000362680	0	0	0	0	0	0.629	0.900	0.889	0.995
F10	PLAT	9606.ENSP00000364709	9606.ENSP00000220809	0	0	0.217	0.629	0.059	0.292	0	0.256	0.560
F10	SERPINE1	9606.ENSP00000364709	9606.ENSP00000223095	0	0	0	0	0.062	0.045	0	0.523	0.535
F10	ITGA2B	9606.ENSP00000364709	9606.ENSP00000262407	0	0	0	0	0	0	0	0.480	0.480
F10	F13A1	9606.ENSP00000364709	9606.ENSP00000264870	0	0	0	0	0.044	0.045	0.500	0.219	0.595
F10	P2RY12	9606.ENSP00000364709	9606.ENSP00000307259	0	0	0	0	0	0	0	0.475	0.475
F10	F2	9606.ENSP00000364709	9606.ENSP00000308541	0	0	0.125	0.755	0.209	0.930	0.750	0.972	0.999
F10	PLG	9606.ENSP00000364709	9606.ENSP00000308938	0	0	0.101	0.653	0.160	0.292	0	0.538	0.720
F10	F2R	9606.ENSP00000364709	9606.ENSP00000321326	0	0	0	0	0	0.051	0	0.658	0.661
F10	F3	9606.ENSP00000364709	9606.ENSP00000334145	0	0	0	0	0	0	0.700	0.998	0.999
F10	NR1I2	9606.ENSP00000364709	9606.ENSP00000336528	0	0	0	0	0.094	0	0	0.820	0.830
F10	PLAU	9606.ENSP00000364709	9606.ENSP00000361850	0	0	0.215	0.641	0	0	0.540	0.182	0.679
F10	FURIN	9606.ENSP00000364709	9606.ENSP00000483552	0	0	0	0	0.061	0	0.750	0.275	0.815
F10	F7	9606.ENSP00000364709	9606.ENSP00000364731	0	0	0.093	0.894	0.408	0.292	0.900	0.744	0.988
F13A1	ITGA2B	9606.ENSP00000264870	9606.ENSP00000262407	0	0	0	0	0.264	0	0	0.315	0.475
F13A1	KDR	9606.ENSP00000264870	9606.ENSP00000263923	0	0	0	0	0.100	0.071	0	0.478	0.525
F13A1	P2RY12	9606.ENSP00000264870	9606.ENSP00000307259	0	0	0	0	0.210	0	0	0.283	0.409
F13A1	ITGB3	9606.ENSP00000264870	9606.ENSP00000452786	0	0	0	0	0.195	0.050	0	0.301	0.419
F13A1	ITGB1	9606.ENSP00000264870	9606.ENSP00000379350	0	0	0	0	0.081	0.050	0	0.497	0.522
F13A1	F2	9606.ENSP00000264870	9606.ENSP00000308541	0	0	0	0	0	0.045	0.900	0.561	0.954
F2	PLAT	9606.ENSP00000308541	9606.ENSP00000220809	0	0	0.149	0.638	0.042	0.488	0	0.365	0.699
F2	SERPINE1	9606.ENSP00000308541	9606.ENSP00000223095	0	0	0	0	0.070	0.294	0	0.775	0.839
F2	MPO	9606.ENSP00000308541	9606.ENSP00000225275	0	0	0	0	0	0.044	0	0.521	0.522
F2	TTR	9606.ENSP00000308541	9606.ENSP00000237014	0	0	0	0	0.321	0	0	0.610	0.724
F2	KIF11	9606.ENSP00000308541	9606.ENSP00000260731	0	0	0	0	0.086	0	0	0.371	0.400
F2	ITGAV	9606.ENSP00000308541	9606.ENSP00000261023	0	0	0	0	0	0	0	0.490	0.490
F2	ITGA2B	9606.ENSP00000308541	9606.ENSP00000262407	0	0	0	0	0	0.292	0	0.642	0.736
F2	ICAM1	9606.ENSP00000308541	9606.ENSP00000264832	0	0	0	0	0.049	0	0	0.428	0.433
F2	REN	9606.ENSP00000308541	9606.ENSP00000272190	0	0	0	0	0.082	0.046	0	0.517	0.540
F2	VCAM1	9606.ENSP00000308541	9606.ENSP00000294728	0	0	0	0	0.042	0.125	0	0.394	0.447
F2	P2RY12	9606.ENSP00000308541	9606.ENSP00000307259	0	0	0	0	0	0	0	0.576	0.576
F2	LCK	9606.ENSP00000308541	9606.ENSP00000477713	0	0	0	0	0.057	0.096	0	0.358	0.405
F2	RET	9606.ENSP00000308541	9606.ENSP00000347942	0	0	0	0	0	0	0	0.423	0.423
F2	NR1H4	9606.ENSP00000308541	9606.ENSP00000447149	0	0	0	0	0.278	0	0	0.292	0.467
F2	SELE	9606.ENSP00000308541	9606.ENSP00000331736	0	0	0	0	0	0.046	0	0.466	0.469
F2	ITGB3	9606.ENSP00000308541	9606.ENSP00000452786	0	0	0	0	0	0	0	0.502	0.502
F2	JAK2	9606.ENSP00000308541	9606.ENSP00000371067	0	0	0	0	0	0.096	0	0.573	0.597
F2	PLAU	9606.ENSP00000308541	9606.ENSP00000361850	0	0	0.164	0.641	0	0	0.540	0.198	0.664
F2	GRM2	9606.ENSP00000308541	9606.ENSP00000378492	0	0	0	0	0	0.110	0.650	0.052	0.678
F2	GRM6	9606.ENSP00000308541	9606.ENSP00000497110	0	0	0	0	0.042	0.110	0.650	0.052	0.679
F2	GRM4	9606.ENSP00000308541	9606.ENSP00000440556	0	0	0	0	0.042	0.110	0.650	0.052	0.679
F2	TNF	9606.ENSP00000308541	9606.ENSP00000398698	0	0	0	0	0	0.066	0	0.753	0.760
F2	FURIN	9606.ENSP00000308541	9606.ENSP00000483552	0	0	0	0	0.056	0	0.750	0.285	0.816
F2	PLG	9606.ENSP00000308541	9606.ENSP00000308938	0	0	0	0.720	0.707	0	0	0.433	0.826
F2	F7	9606.ENSP00000308541	9606.ENSP00000364731	0	0	0.147	0.698	0.192	0	0.540	0.794	0.926
F2	F3	9606.ENSP00000308541	9606.ENSP00000334145	0	0	0	0	0	0	0.540	0.993	0.996
F2	F2R	9606.ENSP00000308541	9606.ENSP00000321326	0	0	0	0	0.047	0.946	0.900	0.793	0.998
F2R	MAPK1	9606.ENSP00000321326	9606.ENSP00000215832	0	0	0	0	0.055	0.052	0.500	0.180	0.584
F2R	MMP2	9606.ENSP00000321326	9606.ENSP00000219070	0	0	0	0	0.093	0.050	0	0.375	0.415
F2R	PLAT	9606.ENSP00000321326	9606.ENSP00000220809	0	0	0	0	0.080	0.051	0	0.581	0.602
F2R	SERPINE1	9606.ENSP00000321326	9606.ENSP00000223095	0	0	0	0	0.088	0.051	0	0.511	0.540
F2R	MAPK14	9606.ENSP00000321326	9606.ENSP00000229795	0	0	0	0	0.055	0.300	0	0.246	0.458
F2R	TRPA1	9606.ENSP00000321326	9606.ENSP00000262209	0	0	0	0	0	0.095	0	0.594	0.616
F2R	ITGA2B	9606.ENSP00000321326	9606.ENSP00000262407	0	0	0	0	0.049	0	0	0.700	0.702
F2R	ICAM1	9606.ENSP00000321326	9606.ENSP00000264832	0	0	0	0	0.042	0	0	0.433	0.433
F2R	PPARG	9606.ENSP00000321326	9606.ENSP00000287820	0	0	0	0	0	0.077	0	0.467	0.487
F2R	VCAM1	9606.ENSP00000321326	9606.ENSP00000294728	0	0	0	0	0.054	0	0	0.399	0.407
F2R	NOS3	9606.ENSP00000321326	9606.ENSP00000297494	0	0	0	0	0.049	0	0	0.515	0.519
F2R	PLG	9606.ENSP00000321326	9606.ENSP00000308938	0	0	0	0	0	0.051	0.650	0.583	0.849
F2R	PLAU	9606.ENSP00000321326	9606.ENSP00000361850	0	0	0	0	0.072	0.051	0	0.393	0.418
F2R	NR1I2	9606.ENSP00000321326	9606.ENSP00000336528	0	0	0	0	0	0.077	0	0.398	0.420
F2R	HSP90AA1	9606.ENSP00000321326	9606.ENSP00000335153	0	0	0	0	0.042	0.053	0	0.423	0.431
F2R	TNF	9606.ENSP00000321326	9606.ENSP00000398698	0	0	0	0	0	0.065	0	0.418	0.432
F2R	MMP9	9606.ENSP00000321326	9606.ENSP00000361405	0	0	0	0	0.047	0.050	0	0.432	0.441
F2R	PTGS1	9606.ENSP00000321326	9606.ENSP00000354612	0	0	0	0	0.063	0.046	0	0.448	0.464
F2R	F7	9606.ENSP00000321326	9606.ENSP00000364731	0	0	0	0	0	0.051	0	0.475	0.480
F2R	MAPK11	9606.ENSP00000321326	9606.ENSP00000333685	0	0	0	0	0.055	0.052	0	0.481	0.494
F2R	ITGB3	9606.ENSP00000321326	9606.ENSP00000452786	0	0	0	0	0.094	0.045	0	0.490	0.521
F2R	SRC	9606.ENSP00000321326	9606.ENSP00000362680	0	0	0	0	0	0.084	0.500	0.398	0.700
F2R	PIK3CG	9606.ENSP00000321326	9606.ENSP00000419260	0	0	0	0	0.050	0	0.650	0.212	0.715
F2R	F3	9606.ENSP00000321326	9606.ENSP00000334145	0	0	0	0	0.044	0	0	0.817	0.817
F2R	MMP1	9606.ENSP00000321326	9606.ENSP00000322788	0	0	0	0	0.083	0.398	0	0.828	0.897
F3	PLAT	9606.ENSP00000334145	9606.ENSP00000220809	0	0	0	0	0.169	0	0	0.922	0.932
F3	SERPINE1	9606.ENSP00000334145	9606.ENSP00000223095	0	0	0	0	0.168	0	0	0.887	0.902
F3	MPO	9606.ENSP00000334145	9606.ENSP00000225275	0	0	0	0	0.074	0	0	0.752	0.760
F3	NFKB1	9606.ENSP00000334145	9606.ENSP00000226574	0	0	0	0	0.056	0	0	0.435	0.443
F3	ITGA2B	9606.ENSP00000334145	9606.ENSP00000262407	0	0	0	0	0	0	0	0.718	0.718
F3	KDR	9606.ENSP00000334145	9606.ENSP00000263923	0	0	0	0	0.049	0	0	0.400	0.405
F3	ICAM1	9606.ENSP00000334145	9606.ENSP00000264832	0	0	0	0	0.107	0	0	0.705	0.726
F3	REN	9606.ENSP00000334145	9606.ENSP00000272190	0	0	0	0	0	0	0	0.579	0.579
F3	FLT1	9606.ENSP00000334145	9606.ENSP00000282397	0	0	0	0	0.056	0	0	0.400	0.409
F3	VCAM1	9606.ENSP00000334145	9606.ENSP00000294728	0	0	0	0	0.060	0	0	0.800	0.803
F3	NOS3	9606.ENSP00000334145	9606.ENSP00000297494	0	0	0	0	0	0	0	0.526	0.526
F3	P2RY1	9606.ENSP00000334145	9606.ENSP00000304767	0	0	0	0	0	0	0	0.434	0.434
F3	P2RY12	9606.ENSP00000334145	9606.ENSP00000307259	0	0	0	0	0	0	0	0.742	0.742
F3	PLG	9606.ENSP00000334145	9606.ENSP00000308938	0	0	0	0	0	0.292	0	0.918	0.939
F3	SELE	9606.ENSP00000334145	9606.ENSP00000331736	0	0	0	0	0.049	0	0	0.720	0.723
F3	PTPRC	9606.ENSP00000334145	9606.ENSP00000411355	0	0	0	0	0	0	0	0.400	0.400
F3	PTGS1	9606.ENSP00000334145	9606.ENSP00000354612	0	0	0	0	0.109	0	0	0.370	0.414
F3	HTR2A	9606.ENSP00000334145	9606.ENSP00000437737	0	0	0	0	0	0	0	0.425	0.424
F3	PRCP	9606.ENSP00000334145	9606.ENSP00000377055	0	0	0	0	0	0	0	0.479	0.479
F3	NR1I2	9606.ENSP00000334145	9606.ENSP00000336528	0	0	0	0	0	0	0	0.480	0.480
F3	ITGB3	9606.ENSP00000334145	9606.ENSP00000452786	0	0	0	0	0	0	0	0.507	0.507
F3	PTGS2	9606.ENSP00000334145	9606.ENSP00000356438	0	0	0	0	0.233	0	0	0.447	0.558
F3	MMP9	9606.ENSP00000334145	9606.ENSP00000361405	0	0	0	0	0	0	0	0.632	0.632
F3	HMGB1	9606.ENSP00000334145	9606.ENSP00000345347	0	0	0	0	0.042	0	0	0.681	0.681
F3	TLR4	9606.ENSP00000334145	9606.ENSP00000363089	0	0	0	0	0.044	0	0	0.716	0.717
F3	TNF	9606.ENSP00000334145	9606.ENSP00000398698	0	0	0	0	0.056	0	0	0.716	0.720
F3	PLAU	9606.ENSP00000334145	9606.ENSP00000361850	0	0	0	0	0.133	0	0.540	0.607	0.829
F3	F7	9606.ENSP00000334145	9606.ENSP00000364731	0	0	0	0	0	0.987	0.900	0.999	0.999
F7	PLAT	9606.ENSP00000364731	9606.ENSP00000220809	0	0	0.225	0.618	0	0	0	0.345	0.470
F7	SERPINE1	9606.ENSP00000364731	9606.ENSP00000223095	0	0	0	0	0	0.045	0	0.773	0.774
F7	ITGA2B	9606.ENSP00000364731	9606.ENSP00000262407	0	0	0	0	0	0	0	0.480	0.480
F7	VCAM1	9606.ENSP00000364731	9606.ENSP00000294728	0	0	0	0	0	0.125	0	0.372	0.427
F7	PLG	9606.ENSP00000364731	9606.ENSP00000308938	0	0	0.095	0.676	0.157	0	0	0.304	0.423
F7	HNF4A	9606.ENSP00000364731	9606.ENSP00000312987	0	0	0	0	0.107	0	0	0.382	0.425
F7	PLAU	9606.ENSP00000364731	9606.ENSP00000361850	0	0	0.213	0.645	0	0	0.540	0.182	0.678
F7	TNF	9606.ENSP00000364731	9606.ENSP00000398698	0	0	0	0	0	0.066	0	0.405	0.420
F7	FURIN	9606.ENSP00000364731	9606.ENSP00000483552	0	0	0	0	0.061	0	0.750	0.208	0.797
FAAH	PTPN22	9606.ENSP00000243167	9606.ENSP00000352833	0	0	0	0	0.055	0	0	0.391	0.400
FAAH	GUSB	9606.ENSP00000243167	9606.ENSP00000302728	0	0	0	0	0.245	0	0.216	0.217	0.496
FAAH	PPARG	9606.ENSP00000243167	9606.ENSP00000287820	0	0	0	0	0	0.045	0	0.512	0.514
FAAH	HTR1A	9606.ENSP00000243167	9606.ENSP00000316244	0	0	0	0	0	0	0	0.520	0.520
FAAH	PTGS2	9606.ENSP00000243167	9606.ENSP00000356438	0	0	0	0	0	0	0	0.594	0.594
FAAH	MAOA	9606.ENSP00000243167	9606.ENSP00000340684	0.045	0	0	0	0.067	0	0.332	0.402	0.597
FAAH	MAOB	9606.ENSP00000243167	9606.ENSP00000367309	0.045	0	0	0	0.097	0	0.332	0.402	0.609
FAAH	TRPA1	9606.ENSP00000243167	9606.ENSP00000262209	0	0	0	0	0	0.064	0.103	0.575	0.612
FAAH	PPARA	9606.ENSP00000243167	9606.ENSP00000385523	0	0	0	0	0	0.045	0	0.656	0.658
FAAH	TRPV1	9606.ENSP00000243167	9606.ENSP00000459962	0	0	0	0	0.047	0	0	0.854	0.855
FAAH	MGLL	9606.ENSP00000243167	9606.ENSP00000265052	0.081	0	0	0	0.042	0	0	0.973	0.974
FADS1	SQLE	9606.ENSP00000322229	9606.ENSP00000265896	0	0	0	0	0.183	0	0.223	0.362	0.560
FADS1	HMGCR	9606.ENSP00000322229	9606.ENSP00000287936	0	0	0	0	0.135	0	0	0.396	0.456
FADS1	FASN	9606.ENSP00000322229	9606.ENSP00000304592	0.057	0	0	0	0.077	0	0	0.602	0.624
FADS1	FDPS	9606.ENSP00000322229	9606.ENSP00000349078	0	0	0	0	0.166	0	0	0.316	0.406
FADS1	RXRA	9606.ENSP00000322229	9606.ENSP00000419692	0	0	0	0	0	0	0.400	0.098	0.435
FADS1	FDFT1	9606.ENSP00000322229	9606.ENSP00000491537	0.089	0	0	0	0.123	0	0	0.395	0.475
FADS1	PPARA	9606.ENSP00000322229	9606.ENSP00000385523	0	0	0	0	0	0	0.500	0.508	0.743
FADS1	SCD	9606.ENSP00000322229	9606.ENSP00000359380	0.042	0	0	0	0.230	0.067	0	0.947	0.959
FASN	SIRT1	9606.ENSP00000304592	9606.ENSP00000212015	0	0	0	0	0.086	0.220	0	0.532	0.637
FASN	GCK	9606.ENSP00000304592	9606.ENSP00000223366	0	0	0	0	0.104	0	0	0.592	0.619
FASN	RPS6KB1	9606.ENSP00000304592	9606.ENSP00000225577	0	0	0	0	0.049	0	0	0.647	0.650
FASN	HSD17B1	9606.ENSP00000304592	9606.ENSP00000225929	0.044	0	0	0	0.055	0.145	0.217	0.187	0.418
FASN	LIPE	9606.ENSP00000304592	9606.ENSP00000244289	0.057	0	0	0	0.165	0	0	0.748	0.784
FASN	MLYCD	9606.ENSP00000304592	9606.ENSP00000262430	0	0	0	0	0.042	0	0.800	0.519	0.899
FASN	MGLL	9606.ENSP00000304592	9606.ENSP00000265052	0.108	0	0	0	0	0	0	0.546	0.577
FASN	SQLE	9606.ENSP00000304592	9606.ENSP00000265896	0	0	0	0	0.228	0	0	0.665	0.730
FASN	PPARG	9606.ENSP00000304592	9606.ENSP00000287820	0	0	0	0	0.048	0	0	0.859	0.860
FASN	HMGCR	9606.ENSP00000304592	9606.ENSP00000287936	0	0	0	0	0.110	0	0	0.807	0.820
FASN	PLIN1	9606.ENSP00000304592	9606.ENSP00000300055	0	0	0	0	0.049	0	0	0.758	0.760
FASN	INSR	9606.ENSP00000304592	9606.ENSP00000303830	0	0	0	0	0	0	0	0.420	0.420
FASN	PRKAA1	9606.ENSP00000304592	9606.ENSP00000346148	0	0	0	0	0.042	0	0	0.405	0.406
FASN	PDE3A	9606.ENSP00000304592	9606.ENSP00000351957	0	0	0	0	0	0	0	0.415	0.415
FASN	GSK3B	9606.ENSP00000304592	9606.ENSP00000324806	0	0	0	0	0.049	0.162	0	0.354	0.440
FASN	TNF	9606.ENSP00000304592	9606.ENSP00000398698	0	0	0	0	0	0	0	0.481	0.481
FASN	RPS6KA1	9606.ENSP00000304592	9606.ENSP00000435412	0	0	0	0	0	0	0	0.490	0.490
FASN	HSD11B1	9606.ENSP00000304592	9606.ENSP00000355995	0.044	0	0	0	0.055	0.145	0.217	0.289	0.492
FASN	NR1H4	9606.ENSP00000304592	9606.ENSP00000447149	0	0	0	0	0	0	0	0.497	0.497
FASN	PARP1	9606.ENSP00000304592	9606.ENSP00000355759	0	0	0	0	0.063	0.318	0	0.305	0.517
FASN	PPARD	9606.ENSP00000304592	9606.ENSP00000310928	0	0	0	0	0.049	0	0	0.523	0.527
FASN	HSP90AA1	9606.ENSP00000304592	9606.ENSP00000335153	0	0	0	0	0.049	0.320	0	0.330	0.529
FASN	MTOR	9606.ENSP00000304592	9606.ENSP00000354558	0	0	0	0	0.097	0.048	0	0.520	0.551
FASN	RXRB	9606.ENSP00000304592	9606.ENSP00000363817	0	0	0	0	0.062	0	0.500	0.125	0.554
FASN	FDFT1	9606.ENSP00000304592	9606.ENSP00000491537	0	0	0	0	0.178	0	0	0.521	0.589
FASN	FDPS	9606.ENSP00000304592	9606.ENSP00000349078	0	0	0	0	0.189	0.095	0	0.488	0.591
FASN	HSP90AB1	9606.ENSP00000304592	9606.ENSP00000360609	0	0	0	0	0.058	0.132	0	0.561	0.610
FASN	HSD17B3	9606.ENSP00000304592	9606.ENSP00000364412	0.115	0	0	0	0.052	0	0.431	0.349	0.647
FASN	RXRA	9606.ENSP00000304592	9606.ENSP00000419692	0	0	0	0	0.049	0	0.500	0.385	0.682
FASN	PPARA	9606.ENSP00000304592	9606.ENSP00000385523	0	0	0	0	0	0	0	0.784	0.784
FASN	NR1H3	9606.ENSP00000304592	9606.ENSP00000477707	0	0	0	0	0.043	0.292	0.500	0.550	0.827
FASN	SCD	9606.ENSP00000304592	9606.ENSP00000359380	0	0	0	0	0.632	0.101	0	0.890	0.960
FCGRT	TLR9	9606.ENSP00000410798	9606.ENSP00000353874	0	0	0	0	0	0	0	0.483	0.483
FCGRT	TNF	9606.ENSP00000410798	9606.ENSP00000398698	0	0	0	0	0.058	0	0	0.646	0.653
FCGRT	FURIN	9606.ENSP00000410798	9606.ENSP00000483552	0	0	0	0	0.049	0.223	0	0.271	0.414
FDFT1	FNTB	9606.ENSP00000491537	9606.ENSP00000246166	0	0	0	0	0.042	0	0.800	0.270	0.847
FDFT1	SQLE	9606.ENSP00000491537	9606.ENSP00000265896	0	0	0.228	0	0.520	0	0.980	0.939	0.999
FDFT1	SIGMAR1	9606.ENSP00000491537	9606.ENSP00000277010	0	0	0	0	0.126	0	0	0.424	0.475
FDFT1	HMGCR	9606.ENSP00000491537	9606.ENSP00000287936	0.057	0	0	0	0.359	0.087	0	0.926	0.954
FDFT1	MAOA	9606.ENSP00000491537	9606.ENSP00000340684	0	0	0	0	0.344	0	0.248	0.304	0.627
FDFT1	FDPS	9606.ENSP00000491537	9606.ENSP00000349078	0.061	0	0	0	0.562	0.091	0.883	0.909	0.995
FDFT1	SCD	9606.ENSP00000491537	9606.ENSP00000359380	0	0	0	0	0.196	0	0	0.534	0.609
FDFT1	MAOB	9606.ENSP00000491537	9606.ENSP00000367309	0	0	0	0	0.343	0	0.248	0.281	0.613
FDFT1	PPARA	9606.ENSP00000491537	9606.ENSP00000385523	0	0	0	0	0	0	0.500	0.323	0.647
FDFT1	RXRA	9606.ENSP00000491537	9606.ENSP00000419692	0	0	0	0	0.042	0	0.400	0.150	0.468
FDFT1	TUBA1A	9606.ENSP00000491537	9606.ENSP00000439020	0	0	0	0	0.372	0	0	0.102	0.412
FDFT1	LCK	9606.ENSP00000491537	9606.ENSP00000477713	0	0	0	0	0.042	0	0	0.413	0.413
FDPS	GCK	9606.ENSP00000349078	9606.ENSP00000223366	0	0	0	0	0.085	0.046	0	0.441	0.469
FDPS	FNTB	9606.ENSP00000349078	9606.ENSP00000246166	0	0	0	0	0.093	0.070	0.900	0.512	0.953
FDPS	SQLE	9606.ENSP00000349078	9606.ENSP00000265896	0.042	0	0	0	0.480	0.057	0	0.892	0.942
FDPS	HMGCR	9606.ENSP00000349078	9606.ENSP00000287936	0.068	0	0	0	0.312	0.132	0	0.948	0.967
FDPS	SCD	9606.ENSP00000349078	9606.ENSP00000359380	0	0	0	0	0.309	0	0	0.388	0.559
FGFR1	MAPK1	9606.ENSP00000393312	9606.ENSP00000215832	0	0	0	0.588	0	0	0.400	0.195	0.496
FGFR1	MMP2	9606.ENSP00000393312	9606.ENSP00000219070	0	0	0	0	0.112	0	0	0.585	0.616
FGFR1	GNRHR	9606.ENSP00000393312	9606.ENSP00000226413	0	0	0	0	0	0	0	0.758	0.758
FGFR1	KISS1R	9606.ENSP00000393312	9606.ENSP00000234371	0	0	0	0	0	0	0	0.756	0.756
FGFR1	RARA	9606.ENSP00000393312	9606.ENSP00000254066	0	0	0	0	0.048	0.294	0	0.338	0.517
FGFR1	LGALS3	9606.ENSP00000393312	9606.ENSP00000254301	0	0	0	0	0.054	0.067	0	0.481	0.501
FGFR1	PDGFRA	9606.ENSP00000393312	9606.ENSP00000257290	0	0	0	0.694	0.080	0.090	0	0.687	0.715
FGFR1	MDM2	9606.ENSP00000393312	9606.ENSP00000258149	0	0	0	0	0	0.045	0	0.509	0.511
FGFR1	PDGFRB	9606.ENSP00000393312	9606.ENSP00000261799	0	0	0	0.695	0.074	0.317	0	0.490	0.649
FGFR1	FLT4	9606.ENSP00000393312	9606.ENSP00000261937	0	0	0	0.712	0.061	0.099	0	0.489	0.529
FGFR1	KDR	9606.ENSP00000393312	9606.ENSP00000263923	0	0	0	0.747	0.068	0.091	0	0.654	0.681
FGFR1	PIK3CA	9606.ENSP00000393312	9606.ENSP00000263967	0	0	0	0	0	0.087	0.900	0.777	0.977
FGFR1	ICAM1	9606.ENSP00000393312	9606.ENSP00000264832	0	0	0	0	0.055	0	0	0.424	0.432
FGFR1	FLT1	9606.ENSP00000393312	9606.ENSP00000282397	0	0	0	0.733	0.067	0.099	0	0.514	0.555
FGFR1	TERT	9606.ENSP00000393312	9606.ENSP00000309572	0	0	0	0	0	0	0	0.507	0.507
FGFR1	HTR1A	9606.ENSP00000393312	9606.ENSP00000316244	0	0	0	0	0	0.586	0	0.887	0.951
FGFR1	PGR	9606.ENSP00000393312	9606.ENSP00000325120	0	0	0	0	0	0.045	0	0.614	0.615
FGFR1	HSP90AA1	9606.ENSP00000393312	9606.ENSP00000335153	0	0	0	0	0	0.439	0	0.556	0.740
FGFR1	TRIM24	9606.ENSP00000393312	9606.ENSP00000340507	0	0	0	0	0	0.063	0.400	0.393	0.628
FGFR1	PTK2	9606.ENSP00000393312	9606.ENSP00000341189	0	0	0	0.620	0.074	0.092	0	0.501	0.544
FGFR1	RET	9606.ENSP00000393312	9606.ENSP00000347942	0	0	0	0.735	0	0.099	0	0.500	0.530
FGFR1	TLR9	9606.ENSP00000393312	9606.ENSP00000353874	0	0	0	0	0	0.064	0.500	0.413	0.701
FGFR1	NTRK3	9606.ENSP00000393312	9606.ENSP00000354207	0	0	0	0.636	0.066	0.091	0	0.472	0.512
FGFR1	MTOR	9606.ENSP00000393312	9606.ENSP00000354558	0	0	0	0	0	0	0	0.450	0.450
FGFR1	PTGS1	9606.ENSP00000393312	9606.ENSP00000354612	0	0	0	0	0.045	0	0	0.446	0.448
FGFR1	HSP90AB1	9606.ENSP00000393312	9606.ENSP00000360609	0	0	0	0	0	0.247	0	0.552	0.648
FGFR1	PTPN1	9606.ENSP00000393312	9606.ENSP00000360683	0	0	0	0	0	0.528	0	0.214	0.613
FGFR1	MMP9	9606.ENSP00000393312	9606.ENSP00000361405	0	0	0	0	0.055	0	0	0.626	0.631
FGFR1	SRC	9606.ENSP00000393312	9606.ENSP00000362680	0	0	0	0.697	0	0.357	0	0.523	0.680
FGFR1	PIK3CD	9606.ENSP00000393312	9606.ENSP00000366563	0	0	0	0	0	0.087	0.900	0.235	0.924
FGFR1	RPS6KA3	9606.ENSP00000393312	9606.ENSP00000368884	0	0	0	0.567	0.043	0.692	0	0.560	0.859
FGFR1	JAK2	9606.ENSP00000393312	9606.ENSP00000371067	0	0	0	0.606	0	0.316	0	0.260	0.472
FGFR1	GRB2	9606.ENSP00000393312	9606.ENSP00000376345	0	0	0	0	0.055	0.218	0.900	0.545	0.961
FGFR1	RXRA	9606.ENSP00000393312	9606.ENSP00000419692	0	0	0	0	0	0.294	0	0.215	0.422
FGFR1	NTRK1	9606.ENSP00000393312	9606.ENSP00000431418	0	0	0	0.653	0	0.099	0	0.500	0.530
FGFR1	IGF1R	9606.ENSP00000393312	9606.ENSP00000497069	0	0	0	0.656	0.056	0.074	0	0.608	0.627
FGFR1	ITGB3	9606.ENSP00000393312	9606.ENSP00000452786	0	0	0	0	0.052	0.311	0	0.507	0.650
FGFR1	PTPN11	9606.ENSP00000393312	9606.ENSP00000489597	0	0	0	0	0.060	0.190	0.400	0.602	0.794
FGFR1	RPS6KA1	9606.ENSP00000393312	9606.ENSP00000435412	0	0	0	0.569	0.043	0.592	0	0.703	0.874
FGFR1	PIK3CB	9606.ENSP00000393312	9606.ENSP00000501150	0	0	0	0	0	0.087	0.900	0.334	0.933
FGFR1	PIK3R1	9606.ENSP00000393312	9606.ENSP00000428056	0	0	0	0	0.042	0.813	0.900	0.653	0.992
FGR	MAPK14	9606.ENSP00000363117	9606.ENSP00000229795	0	0	0	0.613	0.048	0.110	0.750	0.166	0.799
FGR	FLT3	9606.ENSP00000363117	9606.ENSP00000241453	0	0	0	0.646	0.130	0.328	0	0.149	0.460
FGR	ITGA2B	9606.ENSP00000363117	9606.ENSP00000262407	0	0	0	0	0.062	0.070	0	0.430	0.460
FGR	PIK3CA	9606.ENSP00000363117	9606.ENSP00000263967	0	0	0	0	0	0.069	0.650	0.200	0.716
FGR	ICAM1	9606.ENSP00000363117	9606.ENSP00000264832	0	0	0	0	0.117	0	0	0.475	0.516
FGR	HSP90AA1	9606.ENSP00000363117	9606.ENSP00000335153	0	0	0	0	0	0.480	0	0.515	0.737
FGR	PTK2	9606.ENSP00000363117	9606.ENSP00000341189	0	0	0	0.711	0.067	0.342	0.900	0.198	0.944
FGR	FYN	9606.ENSP00000363117	9606.ENSP00000346671	0	0	0.054	0.972	0.065	0	0	0.390	0.413
FGR	ITGAL	9606.ENSP00000363117	9606.ENSP00000349252	0	0	0	0	0.342	0.058	0	0.204	0.463
FGR	HSP90AB1	9606.ENSP00000363117	9606.ENSP00000360609	0	0	0	0	0	0.272	0	0.510	0.628
FGR	SRC	9606.ENSP00000363117	9606.ENSP00000362680	0	0	0.056	0.968	0.046	0.422	0	0.067	0.449
FGR	TLR4	9606.ENSP00000363117	9606.ENSP00000363089	0	0	0	0	0.263	0.100	0	0.225	0.441
FGR	TNF	9606.ENSP00000363117	9606.ENSP00000398698	0	0	0	0	0.178	0.057	0	0.293	0.404
FGR	LCK	9606.ENSP00000363117	9606.ENSP00000477713	0	0	0.066	0.949	0.127	0	0	0.428	0.493
FGR	FPR1	9606.ENSP00000363117	9606.ENSP00000471493	0	0	0	0	0.401	0	0	0.191	0.495
FGR	GRB2	9606.ENSP00000363117	9606.ENSP00000376345	0	0	0	0.749	0.076	0.136	0	0.430	0.505
FGR	PTPN6	9606.ENSP00000363117	9606.ENSP00000391592	0	0	0	0	0.282	0.097	0	0.315	0.517
FGR	PTPRC	9606.ENSP00000363117	9606.ENSP00000411355	0	0	0	0	0.360	0.097	0	0.249	0.528
FGR	HCK	9606.ENSP00000363117	9606.ENSP00000365012	0	0	0.065	0.951	0.641	0	0	0.085	0.666
FGR	PIK3CB	9606.ENSP00000363117	9606.ENSP00000501150	0	0	0	0	0	0.069	0.650	0.160	0.702
FGR	PIK3R1	9606.ENSP00000363117	9606.ENSP00000428056	0	0	0	0	0.059	0.093	0.650	0.237	0.741
FGR	LYN	9606.ENSP00000363117	9606.ENSP00000428924	0	0	0.065	0.950	0.259	0.627	0	0.123	0.743
FGR	PIK3CD	9606.ENSP00000363117	9606.ENSP00000366563	0	0	0	0	0.163	0.069	0.650	0.207	0.755
FGR	SYK	9606.ENSP00000363117	9606.ENSP00000364898	0	0	0.088	0.704	0.234	0.509	0	0.505	0.807
FGR	ITK	9606.ENSP00000363117	9606.ENSP00000398655	0	0	0.114	0.833	0.106	0	0.900	0.096	0.918
FGR	PIK3CG	9606.ENSP00000363117	9606.ENSP00000419260	0	0	0	0	0.121	0.069	0.900	0.261	0.931
FKBP1A	RPS6KB1	9606.ENSP00000383003	9606.ENSP00000225577	0	0	0	0	0.074	0	0.750	0.825	0.956
FKBP1A	MDM2	9606.ENSP00000383003	9606.ENSP00000258149	0	0	0	0	0	0.292	0	0.311	0.491
FKBP1A	PNMT	9606.ENSP00000383003	9606.ENSP00000269582	0	0	0	0	0	0	0	0.414	0.414
FKBP1A	MAP2K1	9606.ENSP00000383003	9606.ENSP00000302486	0	0	0	0	0.122	0	0	0.385	0.437
FKBP1A	PRKACA	9606.ENSP00000383003	9606.ENSP00000309591	0	0	0	0	0.105	0	0	0.375	0.416
FKBP1A	PRKDC	9606.ENSP00000383003	9606.ENSP00000313420	0	0	0	0	0.050	0.143	0	0.528	0.583
FKBP1A	HSP90AA1	9606.ENSP00000383003	9606.ENSP00000335153	0	0	0	0	0.083	0.354	0	0.452	0.647
FKBP1A	PDE4B	9606.ENSP00000383003	9606.ENSP00000342637	0	0	0	0	0.047	0	0.540	0.056	0.550
FKBP1A	PDPK1	9606.ENSP00000383003	9606.ENSP00000344220	0	0	0	0	0.060	0.065	0	0.464	0.488
FKBP1A	PDE4D	9606.ENSP00000383003	9606.ENSP00000345502	0	0	0	0	0.043	0	0.540	0.172	0.603
FKBP1A	MTOR	9606.ENSP00000383003	9606.ENSP00000354558	0	0	0	0	0.049	0.993	0	0.997	0.999
FKBP1A	HSP90AB1	9606.ENSP00000383003	9606.ENSP00000360609	0	0	0	0	0.105	0.125	0	0.452	0.534
FKBP1A	SRC	9606.ENSP00000383003	9606.ENSP00000362680	0	0	0	0	0.103	0.045	0	0.546	0.577
FKBP1A	RPS6KA1	9606.ENSP00000383003	9606.ENSP00000435412	0	0	0	0	0.060	0	0	0.395	0.407
FKBP1A	TGFBR1	9606.ENSP00000383003	9606.ENSP00000447297	0	0	0	0	0.053	0.981	0.900	0.988	0.999
FLT1	MAPK1	9606.ENSP00000282397	9606.ENSP00000215832	0	0	0	0.588	0	0.077	0	0.442	0.462
FLT1	MMP2	9606.ENSP00000282397	9606.ENSP00000219070	0	0	0	0	0	0	0	0.731	0.731
FLT1	SERPINE1	9606.ENSP00000282397	9606.ENSP00000223095	0	0	0	0	0.062	0	0	0.445	0.457
FLT1	FLT3	9606.ENSP00000282397	9606.ENSP00000241453	0	0	0	0.708	0.067	0	0	0.506	0.519
FLT1	PDGFRA	9606.ENSP00000282397	9606.ENSP00000257290	0	0	0	0.741	0.072	0	0	0.438	0.456
FLT1	PDGFRB	9606.ENSP00000282397	9606.ENSP00000261799	0	0	0	0.692	0.067	0.048	0	0.535	0.550
FLT1	FLT4	9606.ENSP00000282397	9606.ENSP00000261937	0	0	0	0.885	0.101	0.097	0	0.910	0.920
FLT1	KCNH2	9606.ENSP00000282397	9606.ENSP00000262186	0	0	0	0	0	0	0	0.849	0.849
FLT1	KDR	9606.ENSP00000282397	9606.ENSP00000263923	0	0	0.070	0.906	0.329	0.510	0	0.984	0.994
FLT1	PIK3CA	9606.ENSP00000282397	9606.ENSP00000263967	0	0	0	0	0	0.098	0.650	0.672	0.887
FLT1	ICAM1	9606.ENSP00000282397	9606.ENSP00000264832	0	0	0	0	0.063	0	0	0.573	0.583
FLT1	MMP1	9606.ENSP00000282397	9606.ENSP00000322788	0	0	0	0	0.056	0	0	0.399	0.409
FLT1	IGF1R	9606.ENSP00000282397	9606.ENSP00000497069	0	0	0	0.575	0.042	0.074	0	0.398	0.419
FLT1	P2RY12	9606.ENSP00000282397	9606.ENSP00000307259	0	0	0	0	0.057	0	0	0.433	0.442
FLT1	SYK	9606.ENSP00000282397	9606.ENSP00000364898	0	0	0	0.607	0.055	0.074	0	0.417	0.445
FLT1	PTGS2	9606.ENSP00000282397	9606.ENSP00000356438	0	0	0	0	0.086	0	0	0.443	0.469
FLT1	LYN	9606.ENSP00000282397	9606.ENSP00000428924	0	0	0	0.677	0.059	0.091	0	0.436	0.475
FLT1	PLAU	9606.ENSP00000282397	9606.ENSP00000361850	0	0	0	0	0.108	0	0	0.436	0.476
FLT1	LCK	9606.ENSP00000282397	9606.ENSP00000477713	0	0	0	0.678	0.059	0.091	0	0.438	0.477
FLT1	MTOR	9606.ENSP00000282397	9606.ENSP00000354558	0	0	0	0	0	0	0	0.480	0.480
FLT1	RELA	9606.ENSP00000282397	9606.ENSP00000384273	0	0	0	0	0	0	0	0.480	0.480
FLT1	PSEN1	9606.ENSP00000282397	9606.ENSP00000326366	0	0	0	0	0	0	0	0.486	0.485
FLT1	FURIN	9606.ENSP00000282397	9606.ENSP00000483552	0	0	0	0	0.054	0	0	0.494	0.500
FLT1	PLG	9606.ENSP00000282397	9606.ENSP00000308938	0	0	0	0	0	0	0	0.501	0.501
FLT1	SELE	9606.ENSP00000282397	9606.ENSP00000331736	0	0	0	0	0.083	0.045	0	0.480	0.504
FLT1	RAF1	9606.ENSP00000282397	9606.ENSP00000401888	0	0	0	0.568	0.087	0.074	0	0.462	0.505
FLT1	PTPRC	9606.ENSP00000282397	9606.ENSP00000411355	0	0	0	0	0.082	0.051	0	0.479	0.506
FLT1	XIAP	9606.ENSP00000282397	9606.ENSP00000360242	0	0	0	0	0.073	0.066	0	0.484	0.514
FLT1	SRC	9606.ENSP00000282397	9606.ENSP00000362680	0	0	0	0.653	0.087	0.091	0	0.484	0.534
FLT1	HSP90AB1	9606.ENSP00000282397	9606.ENSP00000360609	0	0	0	0	0	0.070	0	0.560	0.573
FLT1	HSP90AA1	9606.ENSP00000282397	9606.ENSP00000335153	0	0	0	0	0	0.070	0	0.568	0.581
FLT1	NOS3	9606.ENSP00000282397	9606.ENSP00000297494	0	0	0	0	0.099	0	0	0.578	0.603
FLT1	FYN	9606.ENSP00000282397	9606.ENSP00000346671	0	0	0	0.649	0.055	0.328	0	0.428	0.605
FLT1	PPARG	9606.ENSP00000282397	9606.ENSP00000287820	0	0	0	0	0.048	0.045	0	0.602	0.607
FLT1	TNF	9606.ENSP00000282397	9606.ENSP00000398698	0	0	0	0	0.056	0	0	0.604	0.610
FLT1	HCK	9606.ENSP00000282397	9606.ENSP00000365012	0	0	0	0.683	0.061	0.376	0	0.401	0.618
FLT1	ITGB1	9606.ENSP00000282397	9606.ENSP00000379350	0	0	0	0	0.063	0.063	0	0.709	0.722
FLT1	PIK3CD	9606.ENSP00000282397	9606.ENSP00000366563	0	0	0	0	0	0.098	0.650	0.234	0.737
FLT1	PTPN11	9606.ENSP00000282397	9606.ENSP00000489597	0	0	0	0	0.060	0.541	0	0.520	0.775
FLT1	MMP9	9606.ENSP00000282397	9606.ENSP00000361405	0	0	0	0	0.059	0	0	0.774	0.779
FLT1	PIK3CB	9606.ENSP00000282397	9606.ENSP00000501150	0	0	0	0	0	0.098	0.650	0.732	0.908
FLT1	PIK3R1	9606.ENSP00000282397	9606.ENSP00000428056	0	0	0	0	0	0.670	0.650	0.281	0.909
FLT1	GRB2	9606.ENSP00000282397	9606.ENSP00000376345	0	0	0	0	0.055	0.126	0.650	0.735	0.913
FLT1	PTK2	9606.ENSP00000282397	9606.ENSP00000341189	0	0	0	0.580	0.098	0.374	0.900	0.195	0.948
FLT3	MPO	9606.ENSP00000241453	9606.ENSP00000225275	0	0	0	0	0.184	0	0	0.491	0.567
FLT3	MAPK14	9606.ENSP00000241453	9606.ENSP00000229795	0	0	0	0.573	0.060	0	0	0.441	0.452
FLT3	NR3C1	9606.ENSP00000241453	9606.ENSP00000231509	0	0	0	0	0.060	0.045	0	0.488	0.501
FLT3	PARP1	9606.ENSP00000241453	9606.ENSP00000355759	0	0	0	0	0	0	0	0.400	0.400
FLT3	STAT1	9606.ENSP00000241453	9606.ENSP00000354394	0	0	0	0	0.054	0.079	0	0.369	0.403
FLT3	PIK3CG	9606.ENSP00000241453	9606.ENSP00000419260	0	0	0	0	0.074	0.098	0	0.348	0.408
FLT3	JAK2	9606.ENSP00000241453	9606.ENSP00000371067	0	0	0	0.567	0.074	0.074	0	0.384	0.426
FLT3	LYN	9606.ENSP00000241453	9606.ENSP00000428924	0	0	0	0.691	0.067	0.328	0	0.176	0.439
FLT3	MME	9606.ENSP00000241453	9606.ENSP00000418525	0	0	0	0	0.056	0	0	0.434	0.442
FLT3	MDM2	9606.ENSP00000241453	9606.ENSP00000258149	0	0	0	0	0	0.045	0	0.447	0.449
FLT3	HSP90AB1	9606.ENSP00000241453	9606.ENSP00000360609	0	0	0	0	0	0.070	0	0.435	0.452
FLT3	PDGFRA	9606.ENSP00000241453	9606.ENSP00000257290	0	0	0	0.765	0	0	0	0.454	0.454
FLT3	MAPK8	9606.ENSP00000241453	9606.ENSP00000378974	0	0	0	0.565	0.042	0.099	0	0.424	0.459
FLT3	TNF	9606.ENSP00000241453	9606.ENSP00000398698	0	0	0	0	0.075	0	0	0.451	0.470
FLT3	MTOR	9606.ENSP00000241453	9606.ENSP00000354558	0	0	0	0	0	0	0	0.479	0.479
FLT3	IGF1R	9606.ENSP00000241453	9606.ENSP00000497069	0	0	0	0.592	0	0.074	0	0.485	0.502
FLT3	MET	9606.ENSP00000241453	9606.ENSP00000317272	0	0	0	0.581	0	0.092	0	0.478	0.506
FLT3	MPL	9606.ENSP00000241453	9606.ENSP00000361548	0	0	0	0	0.080	0	0	0.527	0.546
FLT3	NTRK1	9606.ENSP00000241453	9606.ENSP00000431418	0	0	0	0.613	0	0.074	0	0.531	0.547
FLT3	MMP9	9606.ENSP00000241453	9606.ENSP00000361405	0	0	0	0	0.083	0	0	0.542	0.563
FLT3	FYN	9606.ENSP00000241453	9606.ENSP00000346671	0	0	0	0.664	0.050	0.230	0.400	0.135	0.570
FLT3	ITGA2B	9606.ENSP00000241453	9606.ENSP00000262407	0	0	0	0	0.058	0	0	0.581	0.589
FLT3	HSP90AA1	9606.ENSP00000241453	9606.ENSP00000335153	0	0	0	0	0	0.313	0	0.446	0.603
FLT3	MCL1	9606.ENSP00000241453	9606.ENSP00000358022	0	0	0	0	0.074	0	0	0.592	0.606
FLT3	SRC	9606.ENSP00000241453	9606.ENSP00000362680	0	0	0	0.669	0.050	0.328	0	0.494	0.649
FLT3	TLR9	9606.ENSP00000241453	9606.ENSP00000353874	0	0	0	0	0.080	0.064	0.500	0.354	0.685
FLT3	HCK	9606.ENSP00000241453	9606.ENSP00000365012	0	0	0	0.685	0.128	0.328	0.500	0.144	0.716
FLT3	RARA	9606.ENSP00000241453	9606.ENSP00000254066	0	0	0	0	0	0.045	0	0.727	0.728
FLT3	PTPRC	9606.ENSP00000241453	9606.ENSP00000411355	0	0	0	0	0.104	0.051	0	0.721	0.742
FLT3	LCK	9606.ENSP00000241453	9606.ENSP00000477713	0	0	0	0.686	0.050	0.230	0.400	0.523	0.762
FLT3	SYK	9606.ENSP00000241453	9606.ENSP00000364898	0	0	0	0.606	0.099	0.441	0.500	0.252	0.787
FLT3	PTPN11	9606.ENSP00000241453	9606.ENSP00000489597	0	0	0	0	0.060	0.389	0.400	0.717	0.889
FLT3	PIK3CB	9606.ENSP00000241453	9606.ENSP00000501150	0	0	0	0	0	0.098	0.900	0.290	0.930
FLT3	PIK3CD	9606.ENSP00000241453	9606.ENSP00000366563	0	0	0	0	0.062	0.098	0.900	0.380	0.940
FLT3	PIK3R1	9606.ENSP00000241453	9606.ENSP00000428056	0	0	0	0	0.062	0.374	0.900	0.353	0.956
FLT3	PIK3CA	9606.ENSP00000241453	9606.ENSP00000263967	0	0	0	0	0	0.098	0.900	0.572	0.958
FLT3	GRB2	9606.ENSP00000241453	9606.ENSP00000376345	0	0	0	0	0.055	0.354	0.900	0.608	0.972
FLT4	MDM2	9606.ENSP00000261937	9606.ENSP00000258149	0	0	0	0	0	0.045	0	0.440	0.442
FLT4	VCAM1	9606.ENSP00000261937	9606.ENSP00000294728	0	0	0	0	0.052	0.045	0	0.393	0.402
FLT4	MTOR	9606.ENSP00000261937	9606.ENSP00000354558	0	0	0	0	0	0	0	0.421	0.421
FLT4	FYN	9606.ENSP00000261937	9606.ENSP00000346671	0	0	0	0.651	0.055	0.091	0	0.391	0.431
FLT4	NOS3	9606.ENSP00000261937	9606.ENSP00000297494	0	0	0	0	0.140	0	0	0.370	0.435
FLT4	MMP9	9606.ENSP00000261937	9606.ENSP00000361405	0	0	0	0	0.057	0	0	0.462	0.471
FLT4	MET	9606.ENSP00000261937	9606.ENSP00000317272	0	0	0	0.567	0	0.092	0	0.442	0.472
FLT4	TNF	9606.ENSP00000261937	9606.ENSP00000398698	0	0	0	0	0.056	0.132	0	0.412	0.476
FLT4	IGF1R	9606.ENSP00000261937	9606.ENSP00000497069	0	0	0	0.573	0	0.074	0	0.532	0.548
FLT4	HSP90AA1	9606.ENSP00000261937	9606.ENSP00000335153	0	0	0	0	0	0.190	0	0.520	0.594
FLT4	HSP90AB1	9606.ENSP00000261937	9606.ENSP00000360609	0	0	0	0	0	0.190	0	0.520	0.594
FLT4	PTPRC	9606.ENSP00000261937	9606.ENSP00000411355	0	0	0	0	0.060	0.051	0	0.601	0.612
FLT4	ITGB1	9606.ENSP00000261937	9606.ENSP00000379350	0	0	0	0	0.055	0.308	0	0.534	0.668
FLT4	SRC	9606.ENSP00000261937	9606.ENSP00000362680	0	0	0	0.650	0.064	0.091	0	0.685	0.708
FLT4	PIK3CD	9606.ENSP00000261937	9606.ENSP00000366563	0	0	0	0	0.042	0.098	0.650	0.203	0.726
FLT4	PIK3CB	9606.ENSP00000261937	9606.ENSP00000501150	0	0	0	0	0	0.098	0.650	0.229	0.735
FLT4	PIK3CA	9606.ENSP00000261937	9606.ENSP00000263967	0	0	0	0	0	0.098	0.650	0.446	0.810
FLT4	PIK3R1	9606.ENSP00000261937	9606.ENSP00000428056	0	0	0	0	0	0.185	0.650	0.527	0.853
FLT4	PTK2	9606.ENSP00000261937	9606.ENSP00000341189	0	0	0	0.584	0.085	0.088	0.900	0.170	0.921
FLT4	GRB2	9606.ENSP00000261937	9606.ENSP00000376345	0	0	0	0	0.055	0.383	0.650	0.910	0.979
FLT4	KDR	9606.ENSP00000261937	9606.ENSP00000263923	0	0	0.056	0.906	0.164	0.639	0	0.983	0.994
FNTB	HMGCR	9606.ENSP00000246166	9606.ENSP00000287936	0	0	0	0	0	0.075	0	0.449	0.469
FPR1	MPO	9606.ENSP00000471493	9606.ENSP00000225275	0	0	0	0	0.085	0	0	0.373	0.402
FPR1	ITGAV	9606.ENSP00000471493	9606.ENSP00000261023	0	0	0	0	0.057	0	0	0.446	0.455
FPR1	KDR	9606.ENSP00000471493	9606.ENSP00000263923	0	0	0	0	0.062	0	0	0.475	0.487
FPR1	TLR9	9606.ENSP00000471493	9606.ENSP00000353874	0	0	0	0	0.062	0	0	0.718	0.724
FPR1	PTGS1	9606.ENSP00000471493	9606.ENSP00000354612	0	0	0	0	0.094	0	0	0.425	0.457
FPR1	MMP9	9606.ENSP00000471493	9606.ENSP00000361405	0	0	0	0	0.162	0	0	0.322	0.408
FPR1	SRC	9606.ENSP00000471493	9606.ENSP00000362680	0	0	0	0	0.086	0	0.500	0.244	0.624
FPR1	TLR4	9606.ENSP00000471493	9606.ENSP00000363089	0	0	0	0	0.370	0	0	0.643	0.765
FPR1	HCK	9606.ENSP00000471493	9606.ENSP00000365012	0	0	0	0	0.401	0	0	0.449	0.656
FPR1	TNF	9606.ENSP00000471493	9606.ENSP00000398698	0	0	0	0	0.113	0	0	0.616	0.645
FPR1	PIK3CG	9606.ENSP00000471493	9606.ENSP00000419260	0	0	0	0	0.109	0.225	0	0.249	0.436
FPR1	NTRK1	9606.ENSP00000471493	9606.ENSP00000431418	0	0	0	0	0	0	0	0.465	0.465
FPR1	FPR2	9606.ENSP00000471493	9606.ENSP00000468897	0	0	0.055	0.970	0.766	0	0.900	0.392	0.984
FPR2	MPO	9606.ENSP00000468897	9606.ENSP00000225275	0	0	0	0	0.097	0	0	0.420	0.454
FPR2	ICAM1	9606.ENSP00000468897	9606.ENSP00000264832	0	0	0	0	0.089	0	0	0.372	0.403
FPR2	P2RX7	9606.ENSP00000468897	9606.ENSP00000330696	0	0	0	0	0.068	0	0	0.505	0.518
FPR2	PTGS2	9606.ENSP00000468897	9606.ENSP00000356438	0	0	0	0	0.168	0	0	0.420	0.497
FPR2	MMP9	9606.ENSP00000468897	9606.ENSP00000361405	0	0	0	0	0.140	0	0	0.359	0.425
FPR2	PLAU	9606.ENSP00000468897	9606.ENSP00000361850	0	0	0	0	0.075	0.052	0	0.561	0.581
FPR2	SRC	9606.ENSP00000468897	9606.ENSP00000362680	0	0	0	0	0.086	0	0.500	0.226	0.615
FPR2	TLR4	9606.ENSP00000468897	9606.ENSP00000363089	0	0	0	0	0.463	0	0	0.507	0.724
FPR2	HCK	9606.ENSP00000468897	9606.ENSP00000365012	0	0	0	0	0.401	0	0	0.147	0.467
FPR2	TNF	9606.ENSP00000468897	9606.ENSP00000398698	0	0	0	0	0.113	0	0	0.507	0.544
FURIN	MMP2	9606.ENSP00000483552	9606.ENSP00000219070	0	0	0	0	0.047	0	0	0.445	0.448
FURIN	PLAT	9606.ENSP00000483552	9606.ENSP00000220809	0	0	0	0	0.054	0	0	0.475	0.482
FURIN	SERPINE1	9606.ENSP00000483552	9606.ENSP00000223095	0	0	0	0	0.081	0	0	0.376	0.403
FURIN	NFKB1	9606.ENSP00000483552	9606.ENSP00000226574	0	0	0	0	0.119	0.052	0	0.352	0.412
FURIN	MMP7	9606.ENSP00000483552	9606.ENSP00000260227	0	0	0	0	0	0	0	0.435	0.435
FURIN	REN	9606.ENSP00000483552	9606.ENSP00000272190	0	0	0	0	0.055	0.157	0	0.616	0.667
FURIN	NCSTN	9606.ENSP00000483552	9606.ENSP00000294785	0	0	0	0	0.043	0	0	0.432	0.434
FURIN	MMP3	9606.ENSP00000483552	9606.ENSP00000299855	0	0	0	0	0	0	0	0.474	0.474
FURIN	PLG	9606.ENSP00000483552	9606.ENSP00000308938	0	0	0	0	0.067	0	0	0.558	0.570
FURIN	MMP9	9606.ENSP00000483552	9606.ENSP00000361405	0	0	0	0	0.062	0	0	0.671	0.678
FURIN	PLAU	9606.ENSP00000483552	9606.ENSP00000361850	0	0	0	0	0.074	0	0	0.399	0.420
FURIN	TYRP1	9606.ENSP00000483552	9606.ENSP00000373570	0	0	0	0	0.070	0.045	0	0.382	0.403
FURIN	TNF	9606.ENSP00000483552	9606.ENSP00000398698	0	0	0	0	0.074	0	0	0.721	0.730
FURIN	PSENEN	9606.ENSP00000483552	9606.ENSP00000468411	0	0	0	0	0	0	0	0.408	0.408
FYN	MAPK1	9606.ENSP00000346671	9606.ENSP00000215832	0	0	0	0.614	0.047	0.110	0	0.486	0.526
FYN	GSK3A	9606.ENSP00000346671	9606.ENSP00000222330	0	0	0	0.562	0	0.070	0	0.496	0.511
FYN	RPS6KB1	9606.ENSP00000346671	9606.ENSP00000225577	0	0	0	0.566	0	0.091	0	0.434	0.464
FYN	NFKB1	9606.ENSP00000346671	9606.ENSP00000226574	0	0	0	0	0.113	0.095	0	0.584	0.636
FYN	MAPK14	9606.ENSP00000346671	9606.ENSP00000229795	0	0	0	0.620	0	0.110	0.500	0.482	0.749
FYN	NR3C1	9606.ENSP00000346671	9606.ENSP00000231509	0	0	0	0	0.101	0.314	0	0.206	0.468
FYN	PDGFRA	9606.ENSP00000346671	9606.ENSP00000257290	0	0	0	0.663	0.055	0.091	0	0.409	0.448
FYN	PDGFRB	9606.ENSP00000346671	9606.ENSP00000261799	0	0	0	0.649	0.100	0.748	0	0.557	0.891
FYN	PRKCQ	9606.ENSP00000346671	9606.ENSP00000263125	0	0	0.116	0.578	0.108	0.325	0	0.714	0.828
FYN	NOX4	9606.ENSP00000346671	9606.ENSP00000263317	0	0	0	0	0	0.063	0	0.544	0.554
FYN	PRKCG	9606.ENSP00000346671	9606.ENSP00000263431	0	0	0	0.571	0.060	0.050	0	0.414	0.431
FYN	KDR	9606.ENSP00000346671	9606.ENSP00000263923	0	0	0	0.641	0.060	0.328	0.500	0.462	0.807
FYN	PIK3CA	9606.ENSP00000346671	9606.ENSP00000263967	0	0	0	0	0.043	0.069	0.900	0.520	0.951
FYN	ICAM1	9606.ENSP00000346671	9606.ENSP00000264832	0	0	0	0	0.105	0	0	0.561	0.590
FYN	ZAP70	9606.ENSP00000346671	9606.ENSP00000264972	0	0	0.085	0.723	0.128	0.339	0.900	0.892	0.993
FYN	INSR	9606.ENSP00000346671	9606.ENSP00000303830	0	0	0	0.694	0.048	0.043	0	0.413	0.418
FYN	PRKACA	9606.ENSP00000346671	9606.ENSP00000309591	0	0	0	0.596	0.054	0.090	0.400	0.228	0.548
FYN	PTPN2	9606.ENSP00000346671	9606.ENSP00000311857	0	0	0	0	0.059	0.097	0	0.516	0.553
FYN	GSK3B	9606.ENSP00000346671	9606.ENSP00000324806	0	0	0	0.566	0	0.070	0.400	0.543	0.723
FYN	PSEN1	9606.ENSP00000346671	9606.ENSP00000326366	0	0	0	0	0.042	0.049	0	0.452	0.457
FYN	SCN5A	9606.ENSP00000346671	9606.ENSP00000328968	0	0	0	0	0.045	0.067	0	0.514	0.529
FYN	PRKCD	9606.ENSP00000346671	9606.ENSP00000331602	0	0	0.125	0.576	0.082	0.696	0	0.546	0.874
FYN	MAPK11	9606.ENSP00000346671	9606.ENSP00000333685	0	0	0	0.613	0	0.110	0.500	0.161	0.594
FYN	HSP90AA1	9606.ENSP00000346671	9606.ENSP00000335153	0	0	0	0	0	0.630	0.500	0.485	0.896
FYN	PTK2	9606.ENSP00000346671	9606.ENSP00000341189	0	0	0	0.720	0.067	0.713	0.900	0.956	0.998
FYN	PDPK1	9606.ENSP00000346671	9606.ENSP00000344220	0	0	0	0.566	0	0.104	0.500	0.468	0.741
FYN	PDE4D	9606.ENSP00000346671	9606.ENSP00000345502	0	0	0	0	0.060	0.236	0	0.453	0.573
FYN	MTOR	9606.ENSP00000346671	9606.ENSP00000354558	0	0	0	0	0	0.073	0	0.380	0.400
FYN	PTPN1	9606.ENSP00000346671	9606.ENSP00000360683	0	0	0	0	0.059	0.097	0	0.396	0.442
FYN	PTPN22	9606.ENSP00000346671	9606.ENSP00000352833	0	0	0	0	0.127	0.097	0	0.350	0.443
FYN	RPS6KA1	9606.ENSP00000346671	9606.ENSP00000435412	0	0	0	0.578	0.045	0.349	0	0.178	0.444
FYN	MAPK9	9606.ENSP00000346671	9606.ENSP00000394560	0	0	0	0.568	0.054	0.094	0	0.480	0.515
FYN	MAPKAPK2	9606.ENSP00000346671	9606.ENSP00000356070	0	0	0	0.568	0.053	0.047	0.500	0.083	0.531
FYN	TYK2	9606.ENSP00000346671	9606.ENSP00000431885	0	0	0	0.644	0.072	0.292	0	0.354	0.538
FYN	RELA	9606.ENSP00000346671	9606.ENSP00000384273	0	0	0	0	0.052	0.098	0	0.502	0.538
FYN	RPS6KA3	9606.ENSP00000346671	9606.ENSP00000368884	0	0	0	0.579	0.078	0.486	0	0.158	0.566
FYN	JAK1	9606.ENSP00000346671	9606.ENSP00000499900	0	0	0	0.649	0.126	0.075	0	0.531	0.588
FYN	TNF	9606.ENSP00000346671	9606.ENSP00000398698	0	0	0	0	0.085	0.303	0	0.447	0.616
FYN	MAPK8	9606.ENSP00000346671	9606.ENSP00000378974	0	0	0	0.575	0.054	0.094	0	0.631	0.656
FYN	RAF1	9606.ENSP00000346671	9606.ENSP00000401888	0	0	0.107	0.661	0.050	0.377	0.400	0.132	0.675
FYN	STAT1	9606.ENSP00000346671	9606.ENSP00000354394	0	0	0	0	0.077	0.096	0.500	0.375	0.704
FYN	GRIN1	9606.ENSP00000346671	9606.ENSP00000360608	0	0	0	0	0	0.304	0.400	0.434	0.743
FYN	PIK3CG	9606.ENSP00000346671	9606.ENSP00000419260	0	0	0	0	0.066	0.069	0.500	0.494	0.750
FYN	ITK	9606.ENSP00000346671	9606.ENSP00000398655	0	0	0.108	0.837	0.184	0.510	0	0.444	0.775
FYN	JAK2	9606.ENSP00000346671	9606.ENSP00000371067	0	0	0	0.641	0.076	0.292	0.400	0.500	0.777
FYN	PTPN6	9606.ENSP00000346671	9606.ENSP00000391592	0	0	0	0	0.088	0.097	0.500	0.593	0.810
FYN	HCK	9606.ENSP00000346671	9606.ENSP00000365012	0	0	0.062	0.957	0.114	0	0.500	0.597	0.810
FYN	HSP90AB1	9606.ENSP00000346671	9606.ENSP00000360609	0	0	0	0	0.042	0.372	0.500	0.477	0.821
FYN	ITGB1	9606.ENSP00000346671	9606.ENSP00000379350	0	0	0	0	0.063	0.071	0	0.918	0.923
FYN	PIK3CD	9606.ENSP00000346671	9606.ENSP00000366563	0	0	0	0	0.103	0.069	0.900	0.333	0.936
FYN	PIK3CB	9606.ENSP00000346671	9606.ENSP00000501150	0	0	0	0	0	0.069	0.900	0.525	0.951
FYN	GRB2	9606.ENSP00000346671	9606.ENSP00000376345	0	0	0	0.733	0.055	0.136	0.400	0.964	0.980
FYN	SYK	9606.ENSP00000346671	9606.ENSP00000364898	0	0	0.094	0.723	0.085	0.339	0.400	0.957	0.983
FYN	PIK3R1	9606.ENSP00000346671	9606.ENSP00000428056	0	0	0	0	0.064	0.713	0.900	0.629	0.988
FYN	PTPRC	9606.ENSP00000346671	9606.ENSP00000411355	0	0	0	0	0.142	0.333	0.900	0.820	0.988
FYN	PTPN11	9606.ENSP00000346671	9606.ENSP00000489597	0	0	0	0.556	0.086	0.538	0.800	0.878	0.988
FYN	GRIN2B	9606.ENSP00000346671	9606.ENSP00000477455	0	0	0	0	0	0.510	0.400	0.981	0.993
FYN	LYN	9606.ENSP00000346671	9606.ENSP00000428924	0	0	0.063	0.954	0.123	0	0.900	0.965	0.996
FYN	LCK	9606.ENSP00000346671	9606.ENSP00000477713	0	0	0.063	0.955	0.162	0.292	0.900	0.981	0.998
FYN	SRC	9606.ENSP00000346671	9606.ENSP00000362680	0	0	0.055	0.971	0.046	0.943	0.900	0.849	0.999
GCK	SIRT1	9606.ENSP00000223366	9606.ENSP00000212015	0	0.011	0	0	0	0.096	0	0.570	0.594
GCK	SCD	9606.ENSP00000223366	9606.ENSP00000359380	0	0	0	0	0	0	0	0.464	0.464
GCK	SLC5A1	9606.ENSP00000223366	9606.ENSP00000266088	0	0	0	0	0	0	0	0.476	0.476
GCK	HDAC2	9606.ENSP00000223366	9606.ENSP00000430432	0	0	0	0	0.106	0	0.500	0.058	0.542
GCK	IGF1R	9606.ENSP00000223366	9606.ENSP00000497069	0	0	0	0	0	0.045	0	0.541	0.543
GCK	HDAC1	9606.ENSP00000223366	9606.ENSP00000362649	0	0	0	0	0.106	0	0.500	0.089	0.557
GCK	GSK3B	9606.ENSP00000223366	9606.ENSP00000324806	0	0	0	0	0	0.051	0	0.563	0.568
GCK	PPARA	9606.ENSP00000223366	9606.ENSP00000385523	0	0	0	0	0	0.046	0	0.575	0.578
GCK	PPARG	9606.ENSP00000223366	9606.ENSP00000287820	0	0	0	0	0	0.046	0	0.579	0.582
GCK	HMGCR	9606.ENSP00000223366	9606.ENSP00000287936	0	0.232	0	0	0	0	0	0.529	0.623
GCK	PRKACA	9606.ENSP00000223366	9606.ENSP00000309591	0	0	0	0	0.105	0.091	0	0.592	0.639
GCK	INSR	9606.ENSP00000223366	9606.ENSP00000303830	0	0	0	0	0	0.045	0	0.701	0.702
GCK	HNF4A	9606.ENSP00000223366	9606.ENSP00000312987	0	0	0	0	0.053	0	0	0.735	0.739
GNRHR	PRKACA	9606.ENSP00000226413	9606.ENSP00000309591	0	0	0	0	0.084	0	0	0.387	0.415
GNRHR	IGF1R	9606.ENSP00000226413	9606.ENSP00000497069	0	0	0	0	0	0	0	0.547	0.547
GNRHR	RAF1	9606.ENSP00000226413	9606.ENSP00000401888	0	0	0	0	0	0	0	0.588	0.588
GNRHR	KISS1R	9606.ENSP00000226413	9606.ENSP00000234371	0	0	0	0	0.057	0	0	0.975	0.975
GPBAR1	PPARG	9606.ENSP00000430886	9606.ENSP00000287820	0	0	0	0	0	0	0	0.419	0.418
GPBAR1	PRKACA	9606.ENSP00000430886	9606.ENSP00000309591	0	0	0	0	0.044	0	0	0.419	0.420
GPBAR1	NR1I2	9606.ENSP00000430886	9606.ENSP00000336528	0	0	0	0	0	0	0	0.723	0.723
GPBAR1	SRC	9606.ENSP00000430886	9606.ENSP00000362680	0	0	0	0	0.049	0	0.500	0.201	0.587
GPBAR1	TLR4	9606.ENSP00000430886	9606.ENSP00000363089	0	0	0	0	0.107	0.049	0	0.454	0.496
GPBAR1	PPARA	9606.ENSP00000430886	9606.ENSP00000385523	0	0	0	0	0	0	0	0.478	0.478
GPBAR1	TNF	9606.ENSP00000430886	9606.ENSP00000398698	0	0	0	0	0.099	0	0	0.406	0.442
GPBAR1	NR1H4	9606.ENSP00000430886	9606.ENSP00000447149	0	0	0	0	0	0	0	0.991	0.991
GRB2	MAPK1	9606.ENSP00000376345	9606.ENSP00000215832	0	0	0	0	0.093	0	0.400	0.866	0.920
GRB2	MMP2	9606.ENSP00000376345	9606.ENSP00000219070	0	0	0	0	0.086	0	0	0.486	0.511
GRB2	PLAT	9606.ENSP00000376345	9606.ENSP00000220809	0	0	0	0	0.050	0.053	0	0.526	0.536
GRB2	RPS6KB1	9606.ENSP00000376345	9606.ENSP00000225577	0	0	0	0	0.079	0.057	0	0.452	0.482
GRB2	NFKB1	9606.ENSP00000376345	9606.ENSP00000226574	0	0	0	0	0.099	0.076	0	0.564	0.605
GRB2	MAPK14	9606.ENSP00000376345	9606.ENSP00000229795	0	0	0	0	0.086	0	0	0.612	0.631
GRB2	LGALS3	9606.ENSP00000376345	9606.ENSP00000254301	0	0	0	0	0.042	0	0	0.476	0.476
GRB2	PDGFRA	9606.ENSP00000376345	9606.ENSP00000257290	0	0	0	0	0.055	0.618	0.900	0.365	0.974
GRB2	PDGFRB	9606.ENSP00000376345	9606.ENSP00000261799	0	0	0	0	0.055	0.792	0.900	0.955	0.999
GRB2	ITGA2B	9606.ENSP00000376345	9606.ENSP00000262407	0	0	0	0	0.049	0.292	0.500	0.160	0.679
GRB2	MAP2K2	9606.ENSP00000376345	9606.ENSP00000262948	0	0	0	0	0.085	0	0	0.680	0.695
GRB2	KDR	9606.ENSP00000376345	9606.ENSP00000263923	0	0	0	0	0.055	0.553	0.650	0.824	0.970
GRB2	PIK3CA	9606.ENSP00000376345	9606.ENSP00000263967	0	0	0	0	0	0.676	0.400	0.642	0.924
GRB2	ZAP70	9606.ENSP00000376345	9606.ENSP00000264972	0	0	0	0.615	0.066	0.540	0	0.984	0.992
GRB2	NOS3	9606.ENSP00000376345	9606.ENSP00000297494	0	0	0	0	0	0	0	0.526	0.526
GRB2	MAP2K1	9606.ENSP00000376345	9606.ENSP00000302486	0	0	0	0	0.108	0	0	0.800	0.814
GRB2	INSR	9606.ENSP00000376345	9606.ENSP00000303830	0	0	0	0	0.060	0.453	0.900	0.747	0.985
GRB2	PRKACA	9606.ENSP00000376345	9606.ENSP00000309591	0	0	0	0	0.060	0	0	0.556	0.564
GRB2	MET	9606.ENSP00000376345	9606.ENSP00000317272	0	0	0	0	0	0.831	0.900	0.980	0.999
GRB2	GSK3B	9606.ENSP00000376345	9606.ENSP00000324806	0	0	0	0	0.102	0.100	0	0.472	0.536
GRB2	PSEN1	9606.ENSP00000376345	9606.ENSP00000326366	0	0	0	0	0.053	0.065	0	0.934	0.937
GRB2	PRKCD	9606.ENSP00000376345	9606.ENSP00000331602	0	0	0	0	0.129	0.066	0	0.554	0.605
GRB2	HSP90AA1	9606.ENSP00000376345	9606.ENSP00000335153	0	0	0	0	0.078	0.200	0.500	0.606	0.835
GRB2	PTK2	9606.ENSP00000376345	9606.ENSP00000341189	0	0	0	0	0.074	0.994	0.900	0.984	0.999
GRB2	PDPK1	9606.ENSP00000376345	9606.ENSP00000344220	0	0	0	0	0.092	0	0.500	0.397	0.702
GRB2	RET	9606.ENSP00000376345	9606.ENSP00000347942	0	0	0	0	0.055	0.762	0.400	0.689	0.952
GRB2	PTPN22	9606.ENSP00000376345	9606.ENSP00000352833	0	0	0	0	0.060	0.331	0	0.538	0.685
GRB2	TLR9	9606.ENSP00000376345	9606.ENSP00000353874	0	0	0	0	0.055	0	0.500	0.148	0.562
GRB2	NTRK3	9606.ENSP00000376345	9606.ENSP00000354207	0	0	0	0	0	0.179	0.900	0.415	0.947
GRB2	STAT1	9606.ENSP00000376345	9606.ENSP00000354394	0	0	0	0	0.104	0	0.500	0.650	0.829
GRB2	MTOR	9606.ENSP00000376345	9606.ENSP00000354558	0	0	0	0	0.049	0	0	0.508	0.512
GRB2	PSEN2	9606.ENSP00000376345	9606.ENSP00000355747	0	0	0	0	0.049	0.065	0	0.467	0.484
GRB2	XIAP	9606.ENSP00000376345	9606.ENSP00000360242	0	0	0	0	0.049	0.066	0	0.464	0.482
GRB2	HSP90AB1	9606.ENSP00000376345	9606.ENSP00000360609	0	0	0	0	0.098	0.224	0	0.551	0.658
GRB2	PTPN1	9606.ENSP00000376345	9606.ENSP00000360683	0	0	0	0	0.188	0.622	0	0.746	0.915
GRB2	MMP9	9606.ENSP00000376345	9606.ENSP00000361405	0	0	0	0	0.063	0	0	0.396	0.411
GRB2	SRC	9606.ENSP00000376345	9606.ENSP00000362680	0	0	0	0.737	0.083	0.558	0.900	0.986	0.999
GRB2	SYK	9606.ENSP00000376345	9606.ENSP00000364898	0	0	0	0	0.137	0.648	0.400	0.935	0.986
GRB2	HCK	9606.ENSP00000376345	9606.ENSP00000365012	0	0	0	0.733	0.086	0.136	0.500	0.448	0.753
GRB2	PIK3CD	9606.ENSP00000376345	9606.ENSP00000366563	0	0	0	0	0.067	0	0.400	0.363	0.612
GRB2	RPS6KA3	9606.ENSP00000376345	9606.ENSP00000368884	0	0	0	0	0.054	0	0	0.400	0.408
GRB2	JAK2	9606.ENSP00000376345	9606.ENSP00000371067	0	0	0	0	0.093	0.687	0.400	0.936	0.987
GRB2	TNK2	9606.ENSP00000376345	9606.ENSP00000371341	0	0	0	0	0	0.862	0.720	0.613	0.983
GRB2	NOS1	9606.ENSP00000376345	9606.ENSP00000477999	0	0	0	0	0	0	0	0.408	0.408
GRB2	ROCK1	9606.ENSP00000376345	9606.ENSP00000382697	0	0	0	0	0.093	0.100	0	0.352	0.425
GRB2	TNF	9606.ENSP00000376345	9606.ENSP00000398698	0	0	0	0	0.108	0	0	0.400	0.442
GRB2	MAPK8	9606.ENSP00000376345	9606.ENSP00000378974	0	0	0	0	0.042	0	0	0.447	0.447
GRB2	RPS6KA1	9606.ENSP00000376345	9606.ENSP00000435412	0	0	0	0	0.068	0	0	0.447	0.462
GRB2	PTPRC	9606.ENSP00000376345	9606.ENSP00000411355	0	0	0	0	0.151	0.095	0	0.360	0.466
GRB2	MAPK9	9606.ENSP00000376345	9606.ENSP00000394560	0	0	0	0	0.042	0.510	0	0.256	0.620
GRB2	JAK3	9606.ENSP00000376345	9606.ENSP00000432511	0	0	0	0	0.071	0.100	0.400	0.354	0.632
GRB2	ITGB3	9606.ENSP00000376345	9606.ENSP00000452786	0	0	0	0	0.067	0	0.500	0.284	0.637
GRB2	PIK3CB	9606.ENSP00000376345	9606.ENSP00000501150	0	0	0	0	0.064	0.422	0.400	0.389	0.775
GRB2	PIK3CG	9606.ENSP00000376345	9606.ENSP00000419260	0	0	0	0	0.056	0	0.500	0.570	0.779
GRB2	RAF1	9606.ENSP00000376345	9606.ENSP00000401888	0	0	0	0	0.074	0.100	0	0.776	0.797
GRB2	TYK2	9606.ENSP00000376345	9606.ENSP00000431885	0	0	0	0	0.147	0.100	0.500	0.593	0.823
GRB2	TGFBR1	9606.ENSP00000376345	9606.ENSP00000447297	0	0	0	0	0.049	0.100	0	0.836	0.847
GRB2	LYN	9606.ENSP00000376345	9606.ENSP00000428924	0	0	0	0.730	0.155	0.136	0.400	0.731	0.866
GRB2	JAK1	9606.ENSP00000376345	9606.ENSP00000499900	0	0	0	0	0.111	0.496	0.400	0.669	0.899
GRB2	PTPN6	9606.ENSP00000376345	9606.ENSP00000391592	0	0	0	0.620	0.127	0.816	0.500	0.614	0.964
GRB2	LCK	9606.ENSP00000376345	9606.ENSP00000477713	0	0	0	0.734	0.060	0.362	0.400	0.938	0.974
GRB2	ITK	9606.ENSP00000376345	9606.ENSP00000398655	0	0	0	0.643	0.091	0.540	0.500	0.900	0.976
GRB2	IGF1R	9606.ENSP00000376345	9606.ENSP00000497069	0	0	0	0	0.060	0.185	0.900	0.830	0.985
GRB2	NTRK1	9606.ENSP00000376345	9606.ENSP00000431418	0	0	0	0	0	0.611	0.900	0.848	0.993
GRB2	PIK3R1	9606.ENSP00000376345	9606.ENSP00000428056	0	0	0	0	0.042	0.921	0.400	0.975	0.998
GRB2	PTPN11	9606.ENSP00000376345	9606.ENSP00000489597	0	0	0	0.630	0.115	0.994	0.900	0.990	0.999
GRIA2	PRKCG	9606.ENSP00000296526	9606.ENSP00000263431	0	0	0	0	0.165	0	0.400	0.487	0.720
GRIA2	SLC6A3	9606.ENSP00000296526	9606.ENSP00000270349	0	0	0	0	0	0	0	0.405	0.405
GRIA2	HTR2C	9606.ENSP00000296526	9606.ENSP00000276198	0	0	0	0	0.095	0	0	0.424	0.457
GRIA2	THRB	9606.ENSP00000296526	9606.ENSP00000379904	0	0	0	0	0.091	0	0	0.377	0.410
GRIA2	PIK3R1	9606.ENSP00000296526	9606.ENSP00000428056	0	0	0	0	0.060	0.095	0	0.368	0.415
GRIA2	HTR2A	9606.ENSP00000296526	9606.ENSP00000437737	0	0	0	0	0.200	0	0	0.364	0.470
GRIA2	PRKCB	9606.ENSP00000296526	9606.ENSP00000496129	0	0	0	0	0.094	0	0.400	0.189	0.520
GRIA2	GRM6	9606.ENSP00000296526	9606.ENSP00000497110	0	0	0	0	0.067	0	0	0.533	0.546
GRIA2	GRM4	9606.ENSP00000296526	9606.ENSP00000440556	0	0	0	0	0.160	0	0	0.487	0.551
GRIA2	HTR1A	9606.ENSP00000296526	9606.ENSP00000316244	0	0	0	0	0.138	0.068	0	0.520	0.581
GRIA2	HDAC1	9606.ENSP00000296526	9606.ENSP00000362649	0	0	0	0	0	0	0.500	0.203	0.584
GRIA2	HDAC2	9606.ENSP00000296526	9606.ENSP00000430432	0	0	0	0	0	0	0.500	0.220	0.593
GRIA2	GRM2	9606.ENSP00000296526	9606.ENSP00000378492	0	0	0	0	0.134	0	0	0.597	0.636
GRIA2	GRIN2B	9606.ENSP00000296526	9606.ENSP00000477455	0	0	0	0.608	0.218	0.070	0.720	0.502	0.885
GRIA2	GRIN1	9606.ENSP00000296526	9606.ENSP00000360608	0	0	0	0.653	0.273	0.087	0.720	0.534	0.901
GRIA2	LYN	9606.ENSP00000296526	9606.ENSP00000428924	0	0	0	0	0	0.046	0.900	0.081	0.904
GRIA2	PRKACA	9606.ENSP00000296526	9606.ENSP00000309591	0	0	0	0	0	0	0.900	0.395	0.937
GRIN1	PRKCG	9606.ENSP00000360608	9606.ENSP00000263431	0	0	0	0	0.357	0.091	0	0.309	0.561
GRIN1	SLC6A3	9606.ENSP00000360608	9606.ENSP00000270349	0	0	0	0	0.058	0	0	0.556	0.564
GRIN1	PRKACA	9606.ENSP00000360608	9606.ENSP00000309591	0	0	0	0	0.049	0.077	0.650	0.349	0.773
GRIN1	HTR1A	9606.ENSP00000360608	9606.ENSP00000316244	0	0	0	0	0.192	0.094	0	0.319	0.458
GRIN1	PSEN1	9606.ENSP00000360608	9606.ENSP00000326366	0	0	0	0	0	0.288	0	0.240	0.435
GRIN1	P2RX7	9606.ENSP00000360608	9606.ENSP00000330696	0	0	0	0	0.084	0	0.900	0.090	0.909
GRIN1	P2RX4	9606.ENSP00000360608	9606.ENSP00000353032	0	0	0	0	0.084	0	0.900	0.214	0.921
GRIN1	GRM4	9606.ENSP00000360608	9606.ENSP00000440556	0	0	0	0	0.208	0.045	0	0.416	0.520
GRIN1	LYN	9606.ENSP00000360608	9606.ENSP00000428924	0	0	0	0	0	0.091	0.500	0.115	0.562
GRIN1	GRM2	9606.ENSP00000360608	9606.ENSP00000378492	0	0	0	0	0.174	0.045	0	0.558	0.621
GRIN1	SRC	9606.ENSP00000360608	9606.ENSP00000362680	0	0	0	0	0.049	0.096	0.500	0.329	0.673
GRIN1	NOS1	9606.ENSP00000360608	9606.ENSP00000477999	0	0	0	0	0.083	0.130	0.900	0.507	0.955
GRIN1	GRIN2B	9606.ENSP00000360608	9606.ENSP00000477455	0	0	0	0.690	0.262	0.997	0.900	0.988	0.999
GRIN2B	SLC6A4	9606.ENSP00000477455	9606.ENSP00000261707	0	0	0	0	0.054	0	0	0.535	0.542
GRIN2B	PRKCG	9606.ENSP00000477455	9606.ENSP00000263431	0	0	0	0	0.118	0.089	0	0.348	0.430
GRIN2B	THRA	9606.ENSP00000477455	9606.ENSP00000264637	0	0	0	0	0	0	0	0.428	0.428
GRIN2B	SLC6A3	9606.ENSP00000477455	9606.ENSP00000270349	0	0	0	0	0.056	0	0	0.546	0.553
GRIN2B	HTR2C	9606.ENSP00000477455	9606.ENSP00000276198	0	0	0	0	0.149	0.045	0	0.367	0.441
GRIN2B	SIGMAR1	9606.ENSP00000477455	9606.ENSP00000277010	0	0	0	0	0	0	0	0.463	0.463
GRIN2B	PRKCE	9606.ENSP00000477455	9606.ENSP00000306124	0	0	0	0	0.060	0.089	0	0.469	0.505
GRIN2B	PRKACA	9606.ENSP00000477455	9606.ENSP00000309591	0	0	0	0	0	0.071	0.900	0.518	0.951
GRIN2B	PPARD	9606.ENSP00000477455	9606.ENSP00000310928	0	0	0	0	0	0	0	0.679	0.679
GRIN2B	HTR1A	9606.ENSP00000477455	9606.ENSP00000316244	0	0	0	0	0.141	0.054	0	0.552	0.604
GRIN2B	GSK3B	9606.ENSP00000477455	9606.ENSP00000324806	0	0	0	0	0	0	0	0.478	0.478
GRIN2B	PSEN1	9606.ENSP00000477455	9606.ENSP00000326366	0	0	0	0	0	0.072	0	0.461	0.478
GRIN2B	MAOA	9606.ENSP00000477455	9606.ENSP00000340684	0	0	0	0	0	0	0	0.447	0.447
GRIN2B	NR3C2	9606.ENSP00000477455	9606.ENSP00000350815	0	0	0	0	0	0	0	0.470	0.470
GRIN2B	MTOR	9606.ENSP00000477455	9606.ENSP00000354558	0	0	0	0	0	0	0	0.413	0.413
GRIN2B	HTR1B	9606.ENSP00000477455	9606.ENSP00000358963	0	0	0	0	0.094	0.054	0	0.424	0.463
GRIN2B	SRC	9606.ENSP00000477455	9606.ENSP00000362680	0	0	0	0	0	0.073	0.500	0.868	0.933
GRIN2B	MAOB	9606.ENSP00000477455	9606.ENSP00000367309	0	0	0	0	0.067	0	0	0.400	0.416
GRIN2B	GRM2	9606.ENSP00000477455	9606.ENSP00000378492	0	0	0	0	0.105	0	0	0.687	0.708
GRIN2B	PPARA	9606.ENSP00000477455	9606.ENSP00000385523	0	0	0	0	0	0	0	0.562	0.562
GRIN2B	LYN	9606.ENSP00000477455	9606.ENSP00000428924	0	0	0	0	0	0	0.500	0.200	0.582
GRIN2B	HTR2A	9606.ENSP00000477455	9606.ENSP00000437737	0	0	0	0	0.109	0.045	0	0.563	0.596
GRIN2B	GRM4	9606.ENSP00000477455	9606.ENSP00000440556	0	0	0	0	0.139	0	0	0.622	0.660
GRIN2B	NR1H4	9606.ENSP00000477455	9606.ENSP00000447149	0	0	0	0	0	0	0	0.660	0.660
GRIN2B	TRPV1	9606.ENSP00000477455	9606.ENSP00000459962	0	0	0	0	0	0	0	0.435	0.435
GRIN2B	PTPN11	9606.ENSP00000477455	9606.ENSP00000489597	0	0	0	0	0	0.089	0	0.411	0.441
GRIN2B	GRM6	9606.ENSP00000477455	9606.ENSP00000497110	0	0	0	0	0.106	0	0	0.460	0.497
GRIN2B	NOS1	9606.ENSP00000477455	9606.ENSP00000477999	0	0	0	0	0.072	0.129	0.900	0.836	0.984
GRM2	SLC6A4	9606.ENSP00000378492	9606.ENSP00000261707	0	0	0	0	0.055	0	0	0.392	0.400
GRM2	SLC6A3	9606.ENSP00000378492	9606.ENSP00000270349	0	0	0	0	0.055	0	0	0.432	0.440
GRM2	HTR2C	9606.ENSP00000378492	9606.ENSP00000276198	0	0	0	0	0.093	0	0	0.456	0.486
GRM2	HTR1A	9606.ENSP00000378492	9606.ENSP00000316244	0	0	0	0	0.099	0	0	0.562	0.588
GRM2	SRC	9606.ENSP00000378492	9606.ENSP00000362680	0	0	0	0	0	0.128	0.500	0.146	0.595
GRM2	GRM6	9606.ENSP00000378492	9606.ENSP00000497110	0	0	0.080	0.917	0.054	0	0.400	0.117	0.477
GRM2	GRM4	9606.ENSP00000378492	9606.ENSP00000440556	0	0	0.078	0.919	0.087	0	0.400	0.917	0.952
GRM2	HTR2A	9606.ENSP00000378492	9606.ENSP00000437737	0	0	0	0	0.064	0.343	0	0.997	0.998
GRM4	HTR1A	9606.ENSP00000440556	9606.ENSP00000316244	0	0	0	0	0.138	0	0	0.733	0.760
GRM4	HTR1B	9606.ENSP00000440556	9606.ENSP00000358963	0	0	0	0	0.071	0	0	0.486	0.502
GRM4	SRC	9606.ENSP00000440556	9606.ENSP00000362680	0	0	0	0	0	0.128	0.500	0.100	0.573
GRM4	HTR1D	9606.ENSP00000440556	9606.ENSP00000363748	0	0	0	0	0	0	0	0.466	0.466
GRM4	HTR2A	9606.ENSP00000440556	9606.ENSP00000437737	0	0	0	0	0.084	0.057	0	0.377	0.415
GRM4	GRM6	9606.ENSP00000440556	9606.ENSP00000497110	0	0	0.053	0.974	0.044	0	0.900	0.534	0.952
GRM6	TYR	9606.ENSP00000497110	9606.ENSP00000263321	0	0	0	0	0.043	0.119	0	0.388	0.439
GRM6	SRC	9606.ENSP00000497110	9606.ENSP00000362680	0	0	0	0	0	0.128	0.500	0.057	0.552
GRM6	HTR1D	9606.ENSP00000497110	9606.ENSP00000363748	0	0	0	0	0	0	0	0.451	0.451
GSK3A	MAPK1	9606.ENSP00000222330	9606.ENSP00000215832	0	0	0	0.766	0.067	0.110	0	0.443	0.497
GSK3A	MAP2K1	9606.ENSP00000222330	9606.ENSP00000302486	0	0	0	0.604	0.097	0.161	0	0.274	0.402
GSK3A	PSENEN	9606.ENSP00000222330	9606.ENSP00000468411	0	0	0	0	0	0	0	0.418	0.418
GSK3A	PRKDC	9606.ENSP00000222330	9606.ENSP00000313420	0	0	0	0	0.063	0.315	0	0.187	0.434
GSK3A	PARP1	9606.ENSP00000222330	9606.ENSP00000355759	0	0	0	0	0.042	0.130	0	0.386	0.443
GSK3A	MAP2K2	9606.ENSP00000222330	9606.ENSP00000262948	0	0	0	0.609	0.155	0.161	0	0.284	0.448
GSK3A	IGF1R	9606.ENSP00000222330	9606.ENSP00000497069	0	0	0	0	0	0	0	0.450	0.450
GSK3A	PRKCG	9606.ENSP00000222330	9606.ENSP00000263431	0	0	0	0.583	0	0.298	0	0.252	0.453
GSK3A	NCSTN	9606.ENSP00000222330	9606.ENSP00000294785	0	0	0	0	0.063	0.044	0	0.439	0.454
GSK3A	HNF4A	9606.ENSP00000222330	9606.ENSP00000312987	0	0	0	0	0	0.045	0	0.454	0.457
GSK3A	SRC	9606.ENSP00000222330	9606.ENSP00000362680	0	0	0	0.560	0.067	0.070	0	0.436	0.467
GSK3A	HSP90AB1	9606.ENSP00000222330	9606.ENSP00000360609	0	0	0	0	0.055	0.286	0	0.297	0.485
GSK3A	HSP90AA1	9606.ENSP00000222330	9606.ENSP00000335153	0	0	0	0	0.058	0.286	0	0.303	0.490
GSK3A	RPS6KA1	9606.ENSP00000222330	9606.ENSP00000435412	0	0	0	0.607	0.060	0.095	0	0.491	0.529
GSK3A	PSEN2	9606.ENSP00000222330	9606.ENSP00000355747	0	0	0	0	0.061	0.091	0	0.502	0.538
GSK3A	MDM2	9606.ENSP00000222330	9606.ENSP00000258149	0	0	0	0	0.063	0.051	0	0.526	0.542
GSK3A	PIK3CB	9606.ENSP00000222330	9606.ENSP00000501150	0	0	0	0	0.049	0.069	0	0.537	0.554
GSK3A	MTOR	9606.ENSP00000222330	9606.ENSP00000354558	0	0	0	0	0.122	0.073	0	0.584	0.632
GSK3A	PSEN1	9606.ENSP00000222330	9606.ENSP00000326366	0	0	0	0	0.079	0.091	0	0.612	0.647
GSK3A	PDPK1	9606.ENSP00000222330	9606.ENSP00000344220	0	0	0	0.594	0.183	0.104	0.500	0.186	0.662
GSK3A	MCL1	9606.ENSP00000222330	9606.ENSP00000358022	0	0	0	0	0.049	0.300	0	0.628	0.731
GSK3A	PRKACA	9606.ENSP00000222330	9606.ENSP00000309591	0	0	0	0.624	0.126	0.463	0	0.523	0.757
GSK3A	GSK3B	9606.ENSP00000222330	9606.ENSP00000324806	0	0	0.054	0.973	0.097	0.783	0.900	0.104	0.980
GSK3B	SIRT1	9606.ENSP00000324806	9606.ENSP00000212015	0	0	0	0	0.092	0	0	0.744	0.758
GSK3B	MAPK1	9606.ENSP00000324806	9606.ENSP00000215832	0	0	0	0.766	0.327	0.342	0	0.464	0.742
GSK3B	MMP2	9606.ENSP00000324806	9606.ENSP00000219070	0	0	0	0	0	0	0	0.571	0.571
GSK3B	PLAT	9606.ENSP00000324806	9606.ENSP00000220809	0	0	0	0	0	0.096	0	0.537	0.563
GSK3B	RPS6KB1	9606.ENSP00000324806	9606.ENSP00000225577	0	0	0	0.601	0.060	0.091	0	0.554	0.586
GSK3B	NFKB1	9606.ENSP00000324806	9606.ENSP00000226574	0	0	0	0	0.058	0.331	0	0.582	0.713
GSK3B	MAPK14	9606.ENSP00000324806	9606.ENSP00000229795	0	0	0	0.739	0.113	0.110	0	0.564	0.626
GSK3B	NR3C1	9606.ENSP00000324806	9606.ENSP00000231509	0	0	0	0	0.070	0.071	0	0.372	0.411
GSK3B	SMO	9606.ENSP00000324806	9606.ENSP00000249373	0	0	0	0	0	0.071	0	0.511	0.526
GSK3B	MDM2	9606.ENSP00000324806	9606.ENSP00000258149	0	0	0	0	0.070	0.299	0	0.581	0.703
GSK3B	MMP7	9606.ENSP00000324806	9606.ENSP00000260227	0	0	0	0	0	0	0	0.547	0.547
GSK3B	MAP2K2	9606.ENSP00000324806	9606.ENSP00000262948	0	0	0	0.607	0.072	0.161	0.900	0.269	0.935
GSK3B	NOX4	9606.ENSP00000324806	9606.ENSP00000263317	0	0	0	0	0	0.063	0	0.451	0.463
GSK3B	PIK3CA	9606.ENSP00000324806	9606.ENSP00000263967	0	0	0	0	0.199	0.069	0	0.544	0.630
GSK3B	HDAC4	9606.ENSP00000324806	9606.ENSP00000264606	0	0	0	0	0.082	0.314	0	0.374	0.571
GSK3B	ICAM1	9606.ENSP00000324806	9606.ENSP00000264832	0	0	0	0	0.042	0	0	0.416	0.417
GSK3B	SQLE	9606.ENSP00000324806	9606.ENSP00000265896	0	0	0	0	0.042	0.045	0	0.462	0.465
GSK3B	PPARG	9606.ENSP00000324806	9606.ENSP00000287820	0	0	0	0	0	0.071	0	0.622	0.634
GSK3B	HMGCR	9606.ENSP00000324806	9606.ENSP00000287936	0	0	0	0	0.069	0.049	0	0.586	0.601
GSK3B	VCAM1	9606.ENSP00000324806	9606.ENSP00000294728	0	0	0	0	0	0.102	0	0.415	0.452
GSK3B	NOS3	9606.ENSP00000324806	9606.ENSP00000297494	0	0	0	0	0	0.065	0	0.478	0.491
GSK3B	LRRK2	9606.ENSP00000324806	9606.ENSP00000298910	0	0	0	0.567	0	0.510	0.720	0.186	0.878
GSK3B	MAP2K1	9606.ENSP00000324806	9606.ENSP00000302486	0	0	0	0.600	0.075	0.161	0.900	0.312	0.939
GSK3B	INSR	9606.ENSP00000324806	9606.ENSP00000303830	0	0	0	0	0	0	0	0.471	0.471
GSK3B	TERT	9606.ENSP00000324806	9606.ENSP00000309572	0	0	0	0	0	0.049	0	0.431	0.435
GSK3B	PRKACA	9606.ENSP00000324806	9606.ENSP00000309591	0	0	0	0.622	0.094	0.618	0.900	0.768	0.990
GSK3B	PPARD	9606.ENSP00000324806	9606.ENSP00000310928	0	0	0	0	0.049	0.071	0	0.416	0.439
GSK3B	HNF4A	9606.ENSP00000324806	9606.ENSP00000312987	0	0	0	0	0	0.045	0	0.919	0.919
GSK3B	PRKDC	9606.ENSP00000324806	9606.ENSP00000313420	0	0	0	0	0.068	0.315	0	0.336	0.540
GSK3B	MET	9606.ENSP00000324806	9606.ENSP00000317272	0	0	0	0	0	0.188	0	0.475	0.555
GSK3B	PDE4D	9606.ENSP00000324806	9606.ENSP00000345502	0	0	0	0	0	0.292	0	0.202	0.410
GSK3B	MAOA	9606.ENSP00000324806	9606.ENSP00000340684	0	0	0	0	0	0.047	0	0.412	0.416
GSK3B	PRKCD	9606.ENSP00000324806	9606.ENSP00000331602	0	0	0	0.611	0.049	0.087	0	0.389	0.423
GSK3B	TGFBR1	9606.ENSP00000324806	9606.ENSP00000447297	0	0	0	0	0.074	0	0	0.404	0.424
GSK3B	PIK3CD	9606.ENSP00000324806	9606.ENSP00000366563	0	0	0	0	0.042	0.069	0	0.410	0.428
GSK3B	HDAC2	9606.ENSP00000324806	9606.ENSP00000430432	0	0	0	0	0.049	0.068	0	0.407	0.428
GSK3B	MAOB	9606.ENSP00000324806	9606.ENSP00000367309	0	0	0	0	0	0.047	0	0.435	0.439
GSK3B	TOP2A	9606.ENSP00000324806	9606.ENSP00000411532	0	0	0	0	0.062	0.292	0	0.247	0.456
GSK3B	PIK3CB	9606.ENSP00000324806	9606.ENSP00000501150	0	0	0	0	0.060	0.069	0	0.433	0.460
GSK3B	NTRK1	9606.ENSP00000324806	9606.ENSP00000431418	0	0	0	0	0	0.071	0	0.447	0.464
GSK3B	PIK3CG	9606.ENSP00000324806	9606.ENSP00000419260	0	0	0	0	0	0.069	0	0.452	0.468
GSK3B	ITGB1	9606.ENSP00000324806	9606.ENSP00000379350	0	0	0	0	0.042	0.171	0	0.396	0.478
GSK3B	PRKCB	9606.ENSP00000324806	9606.ENSP00000496129	0	0	0	0.584	0.047	0.392	0	0.187	0.488
GSK3B	PIK3R1	9606.ENSP00000324806	9606.ENSP00000428056	0	0	0	0	0.074	0.093	0	0.449	0.497
GSK3B	PPARA	9606.ENSP00000324806	9606.ENSP00000385523	0	0	0	0	0	0.071	0	0.481	0.498
GSK3B	HDAC1	9606.ENSP00000324806	9606.ENSP00000362649	0	0	0	0	0.056	0.068	0	0.487	0.510
GSK3B	JAK2	9606.ENSP00000324806	9606.ENSP00000371067	0	0	0	0.590	0.067	0.067	0	0.483	0.510
GSK3B	LCK	9606.ENSP00000324806	9606.ENSP00000477713	0	0	0	0	0.054	0.070	0	0.497	0.518
GSK3B	PTPN11	9606.ENSP00000324806	9606.ENSP00000489597	0	0	0	0	0.056	0.271	0	0.376	0.533
GSK3B	RPS6KA3	9606.ENSP00000324806	9606.ENSP00000368884	0	0	0	0.624	0.049	0.095	0	0.506	0.537
GSK3B	PSEN2	9606.ENSP00000324806	9606.ENSP00000355747	0	0	0	0	0.054	0.091	0	0.520	0.551
GSK3B	PTGS2	9606.ENSP00000324806	9606.ENSP00000356438	0	0	0	0	0	0	0	0.573	0.573
GSK3B	TLR4	9606.ENSP00000324806	9606.ENSP00000363089	0	0	0	0	0.042	0.141	0	0.527	0.577
GSK3B	RELA	9606.ENSP00000324806	9606.ENSP00000384273	0	0	0	0	0.050	0.334	0	0.423	0.603
GSK3B	PTPN1	9606.ENSP00000324806	9606.ENSP00000360683	0	0	0	0	0.060	0.333	0	0.422	0.606
GSK3B	MMP9	9606.ENSP00000324806	9606.ENSP00000361405	0	0	0	0	0	0	0	0.612	0.612
GSK3B	PDE4B	9606.ENSP00000324806	9606.ENSP00000342637	0	0	0	0	0	0	0	0.634	0.634
GSK3B	PARP1	9606.ENSP00000324806	9606.ENSP00000355759	0	0	0	0	0.049	0.163	0	0.588	0.643
GSK3B	IGF1R	9606.ENSP00000324806	9606.ENSP00000497069	0	0	0	0	0.095	0	0	0.621	0.643
GSK3B	TNF	9606.ENSP00000324806	9606.ENSP00000398698	0	0	0	0	0	0.057	0	0.643	0.649
GSK3B	PTK2	9606.ENSP00000324806	9606.ENSP00000341189	0	0	0	0.572	0.049	0.331	0	0.504	0.656
GSK3B	RPS6KA1	9606.ENSP00000324806	9606.ENSP00000435412	0	0	0	0.625	0.049	0.331	0	0.509	0.660
GSK3B	KLF5	9606.ENSP00000324806	9606.ENSP00000366915	0	0	0	0	0	0.526	0	0.314	0.661
GSK3B	MCL1	9606.ENSP00000324806	9606.ENSP00000358022	0	0	0	0	0.067	0.301	0	0.579	0.702
GSK3B	STAT1	9606.ENSP00000324806	9606.ENSP00000354394	0	0	0	0	0.047	0.096	0.500	0.413	0.713
GSK3B	HDAC6	9606.ENSP00000324806	9606.ENSP00000365804	0	0	0	0	0.042	0.314	0	0.604	0.717
GSK3B	MTOR	9606.ENSP00000324806	9606.ENSP00000354558	0	0	0	0	0.135	0.095	0	0.746	0.784
GSK3B	PDPK1	9606.ENSP00000324806	9606.ENSP00000344220	0	0	0	0.607	0.227	0.338	0.500	0.312	0.801
GSK3B	XIAP	9606.ENSP00000324806	9606.ENSP00000360242	0	0	0	0	0.074	0.536	0	0.650	0.836
GSK3B	SRC	9606.ENSP00000324806	9606.ENSP00000362680	0	0	0	0	0.044	0.070	0	0.863	0.867
GSK3B	HSP90AB1	9606.ENSP00000324806	9606.ENSP00000360609	0	0	0	0	0.049	0.308	0	0.888	0.920
GSK3B	RAF1	9606.ENSP00000324806	9606.ENSP00000401888	0	0	0	0.575	0.061	0	0.900	0.241	0.922
GSK3B	TBK1	9606.ENSP00000324806	9606.ENSP00000329967	0	0	0	0.584	0.054	0.292	0	0.895	0.923
GSK3B	HSP90AA1	9606.ENSP00000324806	9606.ENSP00000335153	0	0	0	0	0.054	0.639	0	0.887	0.958
GSK3B	PSEN1	9606.ENSP00000324806	9606.ENSP00000326366	0	0	0	0	0.079	0.748	0.900	0.809	0.995
GSTA1	NR1I2	9606.ENSP00000335620	9606.ENSP00000336528	0	0	0	0	0.112	0.045	0	0.445	0.488
GSTA1	GSTP1	9606.ENSP00000335620	9606.ENSP00000381607	0	0	0	0.737	0.067	0.091	0.650	0.247	0.746
GSTP1	MAPK1	9606.ENSP00000381607	9606.ENSP00000215832	0	0	0	0	0.049	0.292	0	0.196	0.411
GSTP1	MAPK14	9606.ENSP00000381607	9606.ENSP00000229795	0	0	0	0	0.047	0.292	0	0.473	0.613
GSTP1	KDR	9606.ENSP00000381607	9606.ENSP00000263923	0	0	0	0	0	0	0	0.502	0.502
GSTP1	TYMS	9606.ENSP00000381607	9606.ENSP00000315644	0	0	0	0	0.042	0	0	0.477	0.477
GSTP1	RARB	9606.ENSP00000381607	9606.ENSP00000332296	0	0	0	0	0	0.045	0	0.668	0.669
GSTP1	HSP90AA1	9606.ENSP00000381607	9606.ENSP00000335153	0	0	0	0	0.071	0.130	0	0.351	0.430
GSTP1	PTGS2	9606.ENSP00000381607	9606.ENSP00000356438	0	0	0	0	0.042	0	0	0.508	0.508
GSTP1	MAPK8	9606.ENSP00000381607	9606.ENSP00000378974	0	0	0	0	0.042	0.805	0	0.875	0.974
GSTP1	TNF	9606.ENSP00000381607	9606.ENSP00000398698	0	0	0	0	0.057	0	0	0.394	0.404
GSTP1	TGFBR1	9606.ENSP00000381607	9606.ENSP00000447297	0	0	0	0	0	0	0	0.420	0.420
GSTP1	TOP2A	9606.ENSP00000381607	9606.ENSP00000411532	0	0	0	0	0	0	0	0.477	0.477
GSTP1	MAPK9	9606.ENSP00000381607	9606.ENSP00000394560	0	0	0	0	0.042	0.072	0	0.485	0.502
GSTP1	SRD5A2	9606.ENSP00000381607	9606.ENSP00000477587	0	0	0	0	0	0	0	0.527	0.527
GUSB	STS	9606.ENSP00000302728	9606.ENSP00000217961	0.057	0	0	0	0.193	0.045	0	0.354	0.467
GUSB	MPO	9606.ENSP00000302728	9606.ENSP00000225275	0	0	0	0	0.044	0	0	0.728	0.728
GUSB	TNF	9606.ENSP00000302728	9606.ENSP00000398698	0	0	0	0	0	0	0	0.446	0.446
GUSB	PRKACA	9606.ENSP00000302728	9606.ENSP00000309591	0	0	0	0	0.049	0.071	0	0.452	0.473
GUSB	HSP90AB1	9606.ENSP00000302728	9606.ENSP00000360609	0	0	0	0	0.044	0	0	0.625	0.626
GUSB	OGA	9606.ENSP00000302728	9606.ENSP00000354850	0	0	0	0	0.042	0	0	0.830	0.830
HCK	PIK3CA	9606.ENSP00000365012	9606.ENSP00000263967	0	0	0	0	0.050	0.069	0.650	0.213	0.723
HCK	ICAM1	9606.ENSP00000365012	9606.ENSP00000264832	0	0	0	0	0.155	0	0	0.521	0.578
HCK	ZAP70	9606.ENSP00000365012	9606.ENSP00000264972	0	0	0.093	0.738	0.109	0.105	0	0.526	0.611
HCK	INSR	9606.ENSP00000365012	9606.ENSP00000303830	0	0	0	0.717	0.048	0.045	0	0.396	0.402
HCK	MET	9606.ENSP00000365012	9606.ENSP00000317272	0	0	0	0.685	0.049	0.178	0	0.313	0.416
HCK	PRKCD	9606.ENSP00000365012	9606.ENSP00000331602	0	0	0.128	0.575	0.161	0.087	0	0.465	0.595
HCK	HSP90AA1	9606.ENSP00000365012	9606.ENSP00000335153	0	0	0	0	0	0.298	0	0.506	0.638
HCK	PTK2	9606.ENSP00000365012	9606.ENSP00000341189	0	0	0	0.737	0.067	0.429	0.900	0.192	0.951
HCK	STAT1	9606.ENSP00000365012	9606.ENSP00000354394	0	0	0	0	0.106	0.096	0.500	0.415	0.732
HCK	HSP90AB1	9606.ENSP00000365012	9606.ENSP00000360609	0	0	0	0	0	0.299	0	0.185	0.404
HCK	PTPN1	9606.ENSP00000365012	9606.ENSP00000360683	0	0	0	0	0.059	0.097	0	0.642	0.669
HCK	SRC	9606.ENSP00000365012	9606.ENSP00000362680	0	0	0.064	0.953	0.047	0.613	0.500	0.397	0.876
HCK	TLR4	9606.ENSP00000365012	9606.ENSP00000363089	0	0	0	0	0.236	0.100	0	0.270	0.454
HCK	SYK	9606.ENSP00000365012	9606.ENSP00000364898	0	0	0.094	0.729	0.280	0.105	0.800	0.527	0.934
HCK	TNF	9606.ENSP00000365012	9606.ENSP00000398698	0	0	0	0	0.172	0.057	0	0.348	0.446
HCK	JAK1	9606.ENSP00000365012	9606.ENSP00000499900	0	0	0	0.679	0.077	0.045	0.500	0.128	0.564
HCK	PTPN11	9606.ENSP00000365012	9606.ENSP00000489597	0	0	0	0	0.103	0.097	0.500	0.373	0.712
HCK	PIK3CD	9606.ENSP00000365012	9606.ENSP00000366563	0	0	0	0	0.165	0.069	0.650	0.254	0.770
HCK	TYK2	9606.ENSP00000365012	9606.ENSP00000431885	0	0	0	0.667	0.094	0.045	0.800	0.101	0.823
HCK	TNK2	9606.ENSP00000365012	9606.ENSP00000371341	0	0	0	0.737	0.049	0.516	0	0.664	0.831
HCK	JAK2	9606.ENSP00000365012	9606.ENSP00000371067	0	0	0	0.677	0.124	0.045	0.800	0.167	0.842
HCK	PIK3R1	9606.ENSP00000365012	9606.ENSP00000428056	0	0	0	0	0.047	0.228	0.650	0.512	0.857
HCK	LCK	9606.ENSP00000365012	9606.ENSP00000477713	0	0	0.056	0.968	0.080	0.429	0	0.775	0.873
HCK	PIK3CB	9606.ENSP00000365012	9606.ENSP00000501150	0	0	0	0	0.050	0.621	0.650	0.199	0.885
HCK	PIK3CG	9606.ENSP00000365012	9606.ENSP00000419260	0	0	0	0	0.122	0.069	0.900	0.324	0.937
HCK	ITK	9606.ENSP00000365012	9606.ENSP00000398655	0	0	0.111	0.839	0.125	0	0.900	0.387	0.946
HCK	PTPRC	9606.ENSP00000365012	9606.ENSP00000411355	0	0	0	0	0.314	0.097	0.900	0.511	0.965
HCK	LYN	9606.ENSP00000365012	9606.ENSP00000428924	0	0	0.054	0.973	0.364	0.598	0.900	0.533	0.986
HDAC1	SIRT1	9606.ENSP00000362649	9606.ENSP00000212015	0	0	0	0	0	0.528	0	0.987	0.993
HDAC1	MAPK1	9606.ENSP00000362649	9606.ENSP00000215832	0	0	0	0	0.072	0.071	0	0.503	0.534
HDAC1	SERPINE1	9606.ENSP00000362649	9606.ENSP00000223095	0	0	0	0	0	0	0.400	0.215	0.508
HDAC1	NFKB1	9606.ENSP00000362649	9606.ENSP00000226574	0	0	0	0	0.058	0.841	0	0.981	0.996
HDAC1	MAPK14	9606.ENSP00000362649	9606.ENSP00000229795	0	0	0	0	0.090	0.219	0	0.270	0.437
HDAC1	NR3C1	9606.ENSP00000362649	9606.ENSP00000231509	0	0	0	0	0.049	0.725	0	0.751	0.929
HDAC1	SIRT2	9606.ENSP00000362649	9606.ENSP00000249396	0	0	0	0	0	0.137	0	0.843	0.859
HDAC1	RARA	9606.ENSP00000362649	9606.ENSP00000254066	0	0	0	0	0	0.294	0	0.829	0.874
HDAC1	MDM2	9606.ENSP00000362649	9606.ENSP00000258149	0	0	0	0	0.061	0.737	0	0.863	0.963
HDAC1	ITGAV	9606.ENSP00000362649	9606.ENSP00000261023	0	0	0	0	0.052	0	0	0.430	0.437
HDAC1	ITGA2B	9606.ENSP00000362649	9606.ENSP00000262407	0	0	0	0	0.052	0	0.500	0.108	0.540
HDAC1	KAT2B	9606.ENSP00000362649	9606.ENSP00000263754	0	0	0	0	0.063	0.183	0.500	0.946	0.976
HDAC1	HDAC4	9606.ENSP00000362649	9606.ENSP00000264606	0	0	0.174	0.612	0.049	0.288	0	0.655	0.781
HDAC1	THRA	9606.ENSP00000362649	9606.ENSP00000264637	0	0	0	0	0	0.045	0.650	0.130	0.684
HDAC1	SIGMAR1	9606.ENSP00000362649	9606.ENSP00000277010	0	0	0	0	0.067	0.057	0	0.494	0.515
HDAC1	PPARG	9606.ENSP00000362649	9606.ENSP00000287820	0	0	0	0	0	0.516	0.500	0.456	0.857
HDAC1	ITGB5	9606.ENSP00000362649	9606.ENSP00000296181	0	0	0	0	0.042	0	0	0.409	0.409
HDAC1	HDAC3	9606.ENSP00000362649	9606.ENSP00000302967	0	0	0.059	0.963	0.262	0	0.900	0.058	0.925
HDAC1	TERT	9606.ENSP00000362649	9606.ENSP00000309572	0	0	0	0	0	0	0.500	0.403	0.688
HDAC1	PRKACA	9606.ENSP00000362649	9606.ENSP00000309591	0	0	0	0	0.042	0.510	0	0.359	0.673
HDAC1	PPARD	9606.ENSP00000362649	9606.ENSP00000310928	0	0	0	0	0	0.512	0	0.521	0.756
HDAC1	HNF4A	9606.ENSP00000362649	9606.ENSP00000312987	0	0	0	0	0	0.053	0	0.419	0.426
HDAC1	PRKDC	9606.ENSP00000362649	9606.ENSP00000313420	0	0	0	0	0.082	0	0	0.391	0.417
HDAC1	PGR	9606.ENSP00000362649	9606.ENSP00000325120	0	0	0	0	0	0.045	0	0.398	0.400
HDAC1	HSP90AA1	9606.ENSP00000362649	9606.ENSP00000335153	0	0	0	0	0.071	0.091	0	0.742	0.764
HDAC1	TRIM24	9606.ENSP00000362649	9606.ENSP00000340507	0	0	0	0	0.064	0.316	0	0.337	0.539
HDAC1	MAOA	9606.ENSP00000362649	9606.ENSP00000340684	0	0	0	0	0.058	0.153	0	0.329	0.418
HDAC1	PDE4B	9606.ENSP00000362649	9606.ENSP00000342637	0	0	0	0	0	0	0	0.400	0.400
HDAC1	HMGB1	9606.ENSP00000362649	9606.ENSP00000345347	0	0	0	0	0.178	0.328	0	0.255	0.553
HDAC1	RXRG	9606.ENSP00000362649	9606.ENSP00000352900	0	0	0	0	0	0.045	0.650	0.137	0.686
HDAC1	STAT1	9606.ENSP00000362649	9606.ENSP00000354394	0	0	0	0	0.049	0.318	0	0.957	0.969
HDAC1	TOP1	9606.ENSP00000362649	9606.ENSP00000354522	0	0	0	0	0.107	0.140	0	0.532	0.609
HDAC1	MTOR	9606.ENSP00000362649	9606.ENSP00000354558	0	0	0	0	0.074	0	0	0.448	0.467
HDAC1	PARP1	9606.ENSP00000362649	9606.ENSP00000355759	0	0	0	0	0.124	0.647	0	0.701	0.900
HDAC1	PTGS2	9606.ENSP00000362649	9606.ENSP00000356438	0	0	0	0	0.049	0.292	0	0.323	0.504
HDAC1	HSP90AB1	9606.ENSP00000362649	9606.ENSP00000360609	0	0	0	0	0.078	0.091	0	0.727	0.751
HDAC1	KDM4A	9606.ENSP00000362649	9606.ENSP00000361473	0	0	0	0	0.049	0.292	0	0.669	0.758
HDAC1	KDM3A	9606.ENSP00000362649	9606.ENSP00000386660	0	0	0	0	0.049	0.045	0	0.417	0.424
HDAC1	SYK	9606.ENSP00000362649	9606.ENSP00000364898	0	0	0	0	0.072	0.311	0	0.172	0.426
HDAC1	SRC	9606.ENSP00000362649	9606.ENSP00000362680	0	0	0	0	0.055	0.068	0	0.405	0.430
HDAC1	RPS6KA3	9606.ENSP00000362649	9606.ENSP00000368884	0	0	0	0	0.062	0.053	0	0.426	0.446
HDAC1	ITGB1	9606.ENSP00000362649	9606.ENSP00000379350	0	0	0	0	0.049	0	0	0.480	0.484
HDAC1	MAPK8	9606.ENSP00000362649	9606.ENSP00000378974	0	0	0	0	0.063	0.292	0	0.290	0.488
HDAC1	TNF	9606.ENSP00000362649	9606.ENSP00000398698	0	0	0	0	0.057	0.071	0	0.485	0.510
HDAC1	TYK2	9606.ENSP00000362649	9606.ENSP00000431885	0	0	0	0	0.135	0.068	0	0.489	0.553
HDAC1	IKBKB	9606.ENSP00000362649	9606.ENSP00000430684	0	0	0	0	0.082	0.068	0	0.522	0.556
HDAC1	JAK2	9606.ENSP00000362649	9606.ENSP00000371067	0	0	0	0	0.055	0.068	0	0.594	0.611
HDAC1	TYRP1	9606.ENSP00000362649	9606.ENSP00000373570	0	0	0	0	0.067	0.094	0	0.621	0.652
HDAC1	NR4A1	9606.ENSP00000362649	9606.ENSP00000440864	0	0	0	0	0	0.226	0	0.571	0.653
HDAC1	THRB	9606.ENSP00000362649	9606.ENSP00000379904	0	0	0	0	0	0.045	0.650	0.140	0.687
HDAC1	RXRB	9606.ENSP00000362649	9606.ENSP00000363817	0	0	0	0	0.050	0.045	0.650	0.131	0.687
HDAC1	KLF5	9606.ENSP00000362649	9606.ENSP00000366915	0	0	0	0	0	0.328	0	0.587	0.711
HDAC1	HDAC6	9606.ENSP00000362649	9606.ENSP00000365804	0	0	0.140	0.611	0.049	0.288	0	0.598	0.735
HDAC1	RXRA	9606.ENSP00000362649	9606.ENSP00000419692	0	0	0	0	0.127	0.045	0.650	0.261	0.755
HDAC1	TOP2A	9606.ENSP00000362649	9606.ENSP00000411532	0	0	0	0	0.107	0.511	0	0.598	0.809
HDAC1	RELA	9606.ENSP00000362649	9606.ENSP00000384273	0	0	0	0	0.111	0.897	0	0.981	0.998
HDAC1	HDAC2	9606.ENSP00000362649	9606.ENSP00000430432	0	0	0.049	0.983	0.101	0.994	0.900	0.982	0.999
HDAC2	SIRT1	9606.ENSP00000430432	9606.ENSP00000212015	0	0	0	0	0.074	0.372	0	0.839	0.898
HDAC2	NFKB1	9606.ENSP00000430432	9606.ENSP00000226574	0	0	0	0	0.056	0.452	0	0.649	0.803
HDAC2	NR3C1	9606.ENSP00000430432	9606.ENSP00000231509	0	0	0	0	0.047	0.294	0	0.812	0.862
HDAC2	SIRT2	9606.ENSP00000430432	9606.ENSP00000249396	0	0	0	0	0	0.137	0	0.822	0.840
HDAC2	RARA	9606.ENSP00000430432	9606.ENSP00000254066	0	0	0	0	0	0.512	0	0.318	0.653
HDAC2	MDM2	9606.ENSP00000430432	9606.ENSP00000258149	0	0	0	0	0.079	0.299	0	0.377	0.563
HDAC2	KAT2B	9606.ENSP00000430432	9606.ENSP00000263754	0	0	0	0	0.063	0.183	0.500	0.885	0.950
HDAC2	HDAC4	9606.ENSP00000430432	9606.ENSP00000264606	0	0	0.170	0.611	0.044	0.288	0	0.730	0.827
HDAC2	THRA	9606.ENSP00000430432	9606.ENSP00000264637	0	0	0	0	0	0.045	0.650	0.134	0.685
HDAC2	PPARG	9606.ENSP00000430432	9606.ENSP00000287820	0	0	0	0	0	0.051	0.500	0.583	0.784
HDAC2	MAP2K1	9606.ENSP00000430432	9606.ENSP00000302486	0	0	0	0	0.113	0.242	0	0.222	0.431
HDAC2	HDAC3	9606.ENSP00000430432	9606.ENSP00000302967	0	0	0.059	0.963	0.067	0	0.900	0.056	0.906
HDAC2	PPARD	9606.ENSP00000430432	9606.ENSP00000310928	0	0	0	0	0	0.600	0	0.163	0.651
HDAC2	PTPN2	9606.ENSP00000430432	9606.ENSP00000311857	0	0	0	0	0.095	0	0	0.394	0.428
HDAC2	PRKDC	9606.ENSP00000430432	9606.ENSP00000313420	0	0	0	0	0.067	0.095	0	0.353	0.406
HDAC2	HSP90AA1	9606.ENSP00000430432	9606.ENSP00000335153	0	0	0	0	0.141	0.142	0	0.518	0.614
HDAC2	TRIM24	9606.ENSP00000430432	9606.ENSP00000340507	0	0	0	0	0.097	0.316	0	0.226	0.480
HDAC2	PRKAA1	9606.ENSP00000430432	9606.ENSP00000346148	0	0.001	0	0	0.068	0.145	0	0.468	0.539
HDAC2	RXRG	9606.ENSP00000430432	9606.ENSP00000352900	0	0	0	0	0	0.045	0.650	0.114	0.678
HDAC2	STAT1	9606.ENSP00000430432	9606.ENSP00000354394	0	0	0	0	0.044	0.077	0	0.386	0.410
HDAC2	MTOR	9606.ENSP00000430432	9606.ENSP00000354558	0	0	0	0	0.049	0	0	0.400	0.405
HDAC2	PSEN2	9606.ENSP00000430432	9606.ENSP00000355747	0	0	0	0	0	0	0	0.409	0.409
HDAC2	PARP1	9606.ENSP00000430432	9606.ENSP00000355759	0	0	0	0	0.154	0.598	0	0.681	0.882
HDAC2	HSP90AB1	9606.ENSP00000430432	9606.ENSP00000360609	0	0	0	0	0.083	0.142	0	0.518	0.588
HDAC2	KDM4A	9606.ENSP00000430432	9606.ENSP00000361473	0	0	0	0	0	0	0	0.411	0.411
HDAC2	RXRB	9606.ENSP00000430432	9606.ENSP00000363817	0	0	0	0	0	0.045	0.650	0.090	0.669
HDAC2	HDAC6	9606.ENSP00000430432	9606.ENSP00000365804	0	0	0.136	0.611	0.049	0.288	0	0.609	0.741
HDAC2	KLF5	9606.ENSP00000430432	9606.ENSP00000366915	0	0	0	0	0	0.328	0	0.234	0.464
HDAC2	MAPK8	9606.ENSP00000430432	9606.ENSP00000378974	0	0	0	0	0.085	0	0	0.393	0.421
HDAC2	THRB	9606.ENSP00000430432	9606.ENSP00000379904	0	0	0	0	0	0.045	0.650	0.131	0.684
HDAC2	RELA	9606.ENSP00000430432	9606.ENSP00000384273	0	0	0	0	0.055	0.874	0	0.895	0.986
HDAC2	KDM3A	9606.ENSP00000430432	9606.ENSP00000386660	0	0	0	0	0.057	0.045	0	0.622	0.629
HDAC2	TNF	9606.ENSP00000430432	9606.ENSP00000398698	0	0	0	0	0.057	0.071	0	0.451	0.477
HDAC2	TOP2A	9606.ENSP00000430432	9606.ENSP00000411532	0	0	0	0	0.110	0.294	0	0.285	0.512
HDAC2	RXRA	9606.ENSP00000430432	9606.ENSP00000419692	0	0	0	0	0.067	0.045	0.650	0.238	0.730
HDAC2	NR4A1	9606.ENSP00000430432	9606.ENSP00000440864	0	0	0	0	0	0	0	0.820	0.820
HDAC3	SIRT1	9606.ENSP00000302967	9606.ENSP00000212015	0	0	0	0	0.049	0.262	0	0.782	0.834
HDAC3	MPO	9606.ENSP00000302967	9606.ENSP00000225275	0	0	0	0	0.049	0	0	0.399	0.404
HDAC3	NFKB1	9606.ENSP00000302967	9606.ENSP00000226574	0	0	0	0	0.105	0.498	0	0.523	0.767
HDAC3	MAPK14	9606.ENSP00000302967	9606.ENSP00000229795	0	0	0	0	0.072	0.313	0	0.136	0.402
HDAC3	SIRT2	9606.ENSP00000302967	9606.ENSP00000249396	0	0	0	0	0.043	0.137	0	0.813	0.832
HDAC3	RARA	9606.ENSP00000302967	9606.ENSP00000254066	0	0	0	0	0.049	0.294	0.500	0.178	0.687
HDAC3	MDM2	9606.ENSP00000302967	9606.ENSP00000258149	0	0	0	0	0.061	0.294	0	0.203	0.426
HDAC3	RORA	9606.ENSP00000302967	9606.ENSP00000261523	0	0	0	0	0	0	0.500	0.451	0.713
HDAC3	KAT2B	9606.ENSP00000302967	9606.ENSP00000263754	0	0	0	0	0.060	0.396	0.500	0.653	0.888
HDAC3	HDAC4	9606.ENSP00000302967	9606.ENSP00000264606	0	0	0.175	0.603	0.049	0.877	0	0.308	0.924
HDAC3	THRA	9606.ENSP00000302967	9606.ENSP00000264637	0	0	0	0	0	0.512	0.650	0.202	0.851
HDAC3	PPARG	9606.ENSP00000302967	9606.ENSP00000287820	0	0	0	0	0	0.746	0.500	0.748	0.965
HDAC3	NOS3	9606.ENSP00000302967	9606.ENSP00000297494	0	0	0	0	0	0.292	0	0.215	0.420
HDAC3	PLIN1	9606.ENSP00000302967	9606.ENSP00000300055	0	0	0	0	0	0.094	0.500	0.128	0.570
HDAC3	MAPK11	9606.ENSP00000302967	9606.ENSP00000333685	0	0	0	0	0.047	0.313	0	0.164	0.405
HDAC3	ITK	9606.ENSP00000302967	9606.ENSP00000398655	0	0	0	0	0	0.068	0	0.394	0.411
HDAC3	PRKDC	9606.ENSP00000302967	9606.ENSP00000313420	0	0	0	0	0.058	0.292	0	0.209	0.427
HDAC3	HNF4A	9606.ENSP00000302967	9606.ENSP00000312987	0	0	0	0	0	0.300	0	0.228	0.437
HDAC3	STAT1	9606.ENSP00000302967	9606.ENSP00000354394	0	0	0	0	0.063	0.318	0	0.202	0.446
HDAC3	KDM4A	9606.ENSP00000302967	9606.ENSP00000361473	0	0	0	0	0.049	0.292	0	0.258	0.457
HDAC3	PARP1	9606.ENSP00000302967	9606.ENSP00000355759	0	0	0	0	0.106	0.294	0	0.228	0.471
HDAC3	RARG	9606.ENSP00000302967	9606.ENSP00000388510	0	0	0	0	0	0.045	0.500	0.075	0.520
HDAC3	NR1H3	9606.ENSP00000302967	9606.ENSP00000477707	0	0	0	0	0	0.045	0.500	0.092	0.528
HDAC3	PRKACA	9606.ENSP00000302967	9606.ENSP00000309591	0	0	0	0	0.042	0	0.400	0.262	0.539
HDAC3	HDAC6	9606.ENSP00000302967	9606.ENSP00000365804	0	0	0.131	0.597	0.049	0.288	0	0.347	0.565
HDAC3	MTOR	9606.ENSP00000302967	9606.ENSP00000354558	0	0	0	0	0.092	0	0	0.570	0.593
HDAC3	PPARD	9606.ENSP00000302967	9606.ENSP00000310928	0	0	0	0	0.049	0.512	0	0.243	0.618
HDAC3	PPARA	9606.ENSP00000302967	9606.ENSP00000385523	0	0	0	0	0	0.051	0.500	0.318	0.648
HDAC3	SRC	9606.ENSP00000302967	9606.ENSP00000362680	0	0	0	0	0.067	0.523	0	0.270	0.648
HDAC3	RXRB	9606.ENSP00000302967	9606.ENSP00000363817	0	0	0	0	0.042	0.045	0.650	0.090	0.669
HDAC3	RXRG	9606.ENSP00000302967	9606.ENSP00000352900	0	0	0	0	0	0.045	0.650	0.090	0.669
HDAC3	RELA	9606.ENSP00000302967	9606.ENSP00000384273	0	0	0	0	0.067	0.645	0	0.344	0.764
HDAC3	RXRA	9606.ENSP00000302967	9606.ENSP00000419692	0	0	0	0	0.056	0.294	0.650	0.145	0.774
HDAC3	THRB	9606.ENSP00000302967	9606.ENSP00000379904	0	0	0	0	0	0.294	0.650	0.167	0.776
HDAC4	SIRT1	9606.ENSP00000264606	9606.ENSP00000212015	0	0	0	0	0.067	0.559	0	0.776	0.900
HDAC4	MAPK1	9606.ENSP00000264606	9606.ENSP00000215832	0	0	0	0	0.110	0.308	0	0.246	0.496
HDAC4	NFKB1	9606.ENSP00000264606	9606.ENSP00000226574	0	0	0	0	0.047	0.331	0	0.375	0.567
HDAC4	SIRT2	9606.ENSP00000264606	9606.ENSP00000249396	0	0	0	0	0	0.137	0	0.671	0.704
HDAC4	RARA	9606.ENSP00000264606	9606.ENSP00000254066	0	0	0	0	0.070	0.294	0	0.638	0.742
HDAC4	MDM2	9606.ENSP00000264606	9606.ENSP00000258149	0	0	0	0	0.066	0	0	0.507	0.520
HDAC4	MMP13	9606.ENSP00000264606	9606.ENSP00000260302	0	0	0	0	0.051	0.052	0	0.417	0.430
HDAC4	KAT2B	9606.ENSP00000264606	9606.ENSP00000263754	0	0	0	0	0.079	0.157	0.500	0.768	0.898
HDAC4	MTOR	9606.ENSP00000264606	9606.ENSP00000354558	0	0	0	0	0.082	0	0	0.374	0.401
HDAC4	PPARD	9606.ENSP00000264606	9606.ENSP00000310928	0	0	0	0	0.053	0.294	0	0.198	0.418
HDAC4	PARP1	9606.ENSP00000264606	9606.ENSP00000355759	0	0	0	0	0.069	0.136	0	0.340	0.424
HDAC4	TNF	9606.ENSP00000264606	9606.ENSP00000398698	0	0	0	0	0.083	0.095	0	0.373	0.434
HDAC4	HNF4A	9606.ENSP00000264606	9606.ENSP00000312987	0	0	0	0	0	0.300	0	0.245	0.449
HDAC4	PTGS2	9606.ENSP00000264606	9606.ENSP00000356438	0	0	0	0	0.089	0.292	0	0.233	0.462
HDAC4	TERT	9606.ENSP00000264606	9606.ENSP00000309572	0	0	0	0	0	0	0	0.535	0.535
HDAC4	NR1H3	9606.ENSP00000264606	9606.ENSP00000477707	0	0.001	0	0	0.046	0.294	0.400	0.165	0.618
HDAC4	HMGB1	9606.ENSP00000264606	9606.ENSP00000345347	0	0	0	0	0.073	0.178	0	0.547	0.625
HDAC4	RXRA	9606.ENSP00000264606	9606.ENSP00000419692	0	0	0	0	0.053	0.294	0	0.489	0.629
HDAC4	HDAC6	9606.ENSP00000264606	9606.ENSP00000365804	0	0	0.159	0.664	0.060	0.048	0	0.579	0.641
HDAC4	TBK1	9606.ENSP00000264606	9606.ENSP00000329967	0	0	0	0	0.088	0.068	0	0.669	0.694
HDAC4	STAT1	9606.ENSP00000264606	9606.ENSP00000354394	0	0	0	0	0.057	0.314	0	0.566	0.695
HDAC4	PPARG	9606.ENSP00000264606	9606.ENSP00000287820	0	0	0	0	0.046	0.512	0	0.606	0.800
HDAC4	HSP90AB1	9606.ENSP00000264606	9606.ENSP00000360609	0	0	0	0	0.046	0.175	0	0.956	0.962
HDAC4	HSP90AA1	9606.ENSP00000264606	9606.ENSP00000335153	0	0	0	0	0.046	0.175	0	0.971	0.975
HDAC6	SIRT1	9606.ENSP00000365804	9606.ENSP00000212015	0	0	0	0	0	0.137	0	0.758	0.782
HDAC6	MAPK1	9606.ENSP00000365804	9606.ENSP00000215832	0	0	0	0	0.069	0.521	0	0.261	0.642
HDAC6	NFKB1	9606.ENSP00000365804	9606.ENSP00000226574	0	0	0	0	0.047	0.095	0	0.372	0.412
HDAC6	NR3C1	9606.ENSP00000365804	9606.ENSP00000231509	0	0	0	0	0.074	0.294	0	0.753	0.824
HDAC6	SIRT2	9606.ENSP00000365804	9606.ENSP00000249396	0	0	0	0	0.042	0.559	0	0.872	0.941
HDAC6	MDM2	9606.ENSP00000365804	9606.ENSP00000258149	0	0	0	0	0.073	0	0	0.690	0.701
HDAC6	KAT2B	9606.ENSP00000365804	9606.ENSP00000263754	0	0	0	0	0.054	0.157	0.500	0.571	0.806
HDAC6	PIK3CA	9606.ENSP00000365804	9606.ENSP00000263967	0	0	0	0	0	0.251	0	0.522	0.627
HDAC6	LRRK2	9606.ENSP00000365804	9606.ENSP00000298910	0	0	0	0	0.055	0.311	0	0.228	0.454
HDAC6	PLK1	9606.ENSP00000365804	9606.ENSP00000300093	0	0	0	0	0.042	0.292	0	0.376	0.539
HDAC6	PRKDC	9606.ENSP00000365804	9606.ENSP00000313420	0	0	0	0	0.042	0.292	0	0.244	0.442
HDAC6	HSP90AA1	9606.ENSP00000365804	9606.ENSP00000335153	0	0	0	0	0.046	0.843	0.500	0.994	0.999
HDAC6	MTOR	9606.ENSP00000365804	9606.ENSP00000354558	0	0	0	0	0.060	0	0	0.448	0.459
HDAC6	PARP1	9606.ENSP00000365804	9606.ENSP00000355759	0	0	0	0	0.085	0.045	0	0.444	0.472
HDAC6	HSP90AB1	9606.ENSP00000365804	9606.ENSP00000360609	0	0	0	0	0.048	0.426	0.500	0.994	0.998
HDAC6	SRC	9606.ENSP00000365804	9606.ENSP00000362680	0	0	0	0	0.076	0.068	0	0.374	0.414
HDAC6	SYK	9606.ENSP00000365804	9606.ENSP00000364898	0	0	0	0	0.069	0.311	0	0.138	0.400
HDAC6	TNF	9606.ENSP00000365804	9606.ENSP00000398698	0	0	0	0	0.069	0.076	0	0.396	0.435
HDAC6	MAPK8	9606.ENSP00000365804	9606.ENSP00000378974	0	0	0	0	0.049	0	0	0.509	0.513
HDAC6	JAK2	9606.ENSP00000365804	9606.ENSP00000371067	0	0	0	0	0.060	0.311	0	0.308	0.513
HDAC6	RELA	9606.ENSP00000365804	9606.ENSP00000384273	0	0	0	0	0.042	0.331	0	0.304	0.515
HDAC6	RPS6KA3	9606.ENSP00000365804	9606.ENSP00000368884	0	0	0	0	0.118	0.066	0	0.490	0.543
HDAC6	ROCK1	9606.ENSP00000365804	9606.ENSP00000382697	0	0	0	0	0.107	0.068	0	0.514	0.561
HDAC6	TUBA1A	9606.ENSP00000365804	9606.ENSP00000439020	0	0	0	0	0.047	0.838	0	0.721	0.953
HMGB1	SIRT1	9606.ENSP00000345347	9606.ENSP00000212015	0	0	0	0	0.083	0.306	0	0.509	0.660
HMGB1	MIF	9606.ENSP00000345347	9606.ENSP00000215754	0	0	0	0	0.108	0	0	0.448	0.487
HMGB1	MAPK1	9606.ENSP00000345347	9606.ENSP00000215832	0	0	0	0	0.093	0.258	0.500	0.456	0.792
HMGB1	MMP2	9606.ENSP00000345347	9606.ENSP00000219070	0	0	0	0	0.093	0.045	0	0.394	0.429
HMGB1	PLAT	9606.ENSP00000345347	9606.ENSP00000220809	0	0	0	0	0	0.289	0	0.391	0.549
HMGB1	MPO	9606.ENSP00000345347	9606.ENSP00000225275	0	0	0	0	0.042	0	0	0.774	0.774
HMGB1	NFKB1	9606.ENSP00000345347	9606.ENSP00000226574	0	0	0	0	0.111	0.294	0.400	0.820	0.923
HMGB1	NR3C1	9606.ENSP00000345347	9606.ENSP00000231509	0	0	0	0	0.049	0.292	0	0.251	0.451
HMGB1	ITGAV	9606.ENSP00000345347	9606.ENSP00000261023	0	0	0	0	0.052	0	0.720	0.117	0.745
HMGB1	ICAM1	9606.ENSP00000345347	9606.ENSP00000264832	0	0	0	0	0.042	0	0	0.582	0.582
HMGB1	PPARG	9606.ENSP00000345347	9606.ENSP00000287820	0	0	0	0	0	0	0	0.432	0.432
HMGB1	VCAM1	9606.ENSP00000345347	9606.ENSP00000294728	0	0	0	0	0.099	0.046	0	0.690	0.710
HMGB1	P2RY12	9606.ENSP00000345347	9606.ENSP00000307259	0	0	0	0	0	0	0	0.550	0.550
HMGB1	PLG	9606.ENSP00000345347	9606.ENSP00000308938	0	0	0	0	0	0.294	0	0.892	0.921
HMGB1	PGR	9606.ENSP00000345347	9606.ENSP00000325120	0	0	0	0	0	0.292	0	0.457	0.599
HMGB1	TBK1	9606.ENSP00000345347	9606.ENSP00000329967	0	0	0	0	0.106	0.071	0	0.551	0.595
HMGB1	P2RX7	9606.ENSP00000345347	9606.ENSP00000330696	0	0	0	0	0	0	0	0.661	0.661
HMGB1	SELE	9606.ENSP00000345347	9606.ENSP00000331736	0	0	0	0	0.086	0.045	0	0.444	0.472
HMGB1	HSP90AA1	9606.ENSP00000345347	9606.ENSP00000335153	0	0	0	0	0.211	0.067	0	0.629	0.703
HMGB1	SRC	9606.ENSP00000345347	9606.ENSP00000362680	0	0	0	0	0.055	0.071	0	0.372	0.401
HMGB1	JAK2	9606.ENSP00000345347	9606.ENSP00000371067	0	0	0	0	0.086	0.071	0	0.354	0.404
HMGB1	IKBKB	9606.ENSP00000345347	9606.ENSP00000430684	0	0	0	0	0.055	0.071	0	0.376	0.405
HMGB1	IDO1	9606.ENSP00000345347	9606.ENSP00000430950	0	0	0	0	0	0	0	0.432	0.432
HMGB1	IRAK4	9606.ENSP00000345347	9606.ENSP00000479889	0	0	0	0	0.055	0.071	0	0.406	0.434
HMGB1	PTPRC	9606.ENSP00000345347	9606.ENSP00000411355	0	0	0	0	0.099	0.054	0	0.401	0.445
HMGB1	MTOR	9606.ENSP00000345347	9606.ENSP00000354558	0	0	0	0	0.042	0.062	0	0.463	0.476
HMGB1	XDH	9606.ENSP00000345347	9606.ENSP00000368727	0	0	0	0	0	0	0	0.547	0.547
HMGB1	MMP9	9606.ENSP00000345347	9606.ENSP00000361405	0	0	0	0	0.083	0.045	0	0.573	0.593
HMGB1	PARP1	9606.ENSP00000345347	9606.ENSP00000355759	0	0	0	0	0.158	0.366	0	0.377	0.638
HMGB1	PTGS2	9606.ENSP00000345347	9606.ENSP00000356438	0	0	0	0	0.058	0	0	0.646	0.652
HMGB1	STAT1	9606.ENSP00000345347	9606.ENSP00000354394	0	0	0	0	0.092	0.078	0	0.625	0.658
HMGB1	HSP90AB1	9606.ENSP00000345347	9606.ENSP00000360609	0	0	0	0	0.127	0.067	0	0.649	0.689
HMGB1	RELA	9606.ENSP00000345347	9606.ENSP00000384273	0	0	0	0	0.076	0.342	0.400	0.322	0.720
HMGB1	TNF	9606.ENSP00000345347	9606.ENSP00000398698	0	0	0	0	0.083	0	0	0.742	0.753
HMGB1	ITGB3	9606.ENSP00000345347	9606.ENSP00000452786	0	0	0	0	0.059	0	0.720	0.159	0.759
HMGB1	TLR9	9606.ENSP00000345347	9606.ENSP00000353874	0	0	0	0	0	0	0	0.997	0.997
HMGB1	TLR4	9606.ENSP00000345347	9606.ENSP00000363089	0	0	0	0	0.078	0.445	0.500	0.998	0.999
HMGCR	SIRT1	9606.ENSP00000287936	9606.ENSP00000212015	0.099	0	0	0	0.086	0	0	0.537	0.586
HMGCR	STS	9606.ENSP00000287936	9606.ENSP00000217961	0	0	0	0	0	0	0	0.431	0.431
HMGCR	HSD17B1	9606.ENSP00000287936	9606.ENSP00000225929	0	0	0	0	0	0.045	0.172	0.508	0.577
HMGCR	NFKB1	9606.ENSP00000287936	9606.ENSP00000226574	0	0	0	0	0	0.068	0	0.394	0.411
HMGCR	LIPE	9606.ENSP00000287936	9606.ENSP00000244289	0	0	0	0	0	0	0	0.501	0.501
HMGCR	ICAM1	9606.ENSP00000287936	9606.ENSP00000264832	0	0	0	0	0	0	0	0.475	0.475
HMGCR	MGLL	9606.ENSP00000287936	9606.ENSP00000265052	0.053	0	0	0	0	0	0	0.408	0.415
HMGCR	SQLE	9606.ENSP00000287936	9606.ENSP00000265896	0	0	0	0	0.812	0	0	0.863	0.973
HMGCR	REN	9606.ENSP00000287936	9606.ENSP00000272190	0	0	0	0	0	0.066	0	0.536	0.548
HMGCR	SIGMAR1	9606.ENSP00000287936	9606.ENSP00000277010	0	0	0	0	0.086	0	0	0.432	0.459
HMGCR	PPARG	9606.ENSP00000287936	9606.ENSP00000287820	0	0	0	0	0.044	0	0	0.660	0.661
HMGCR	TOP2A	9606.ENSP00000287936	9606.ENSP00000411532	0	0	0	0	0.060	0	0	0.391	0.403
HMGCR	IGF1R	9606.ENSP00000287936	9606.ENSP00000497069	0	0	0	0	0.049	0.122	0	0.344	0.405
HMGCR	PSEN1	9606.ENSP00000287936	9606.ENSP00000326366	0	0	0	0	0.074	0	0	0.396	0.417
HMGCR	VCAM1	9606.ENSP00000287936	9606.ENSP00000294728	0	0	0	0	0	0	0	0.419	0.418
HMGCR	TERT	9606.ENSP00000287936	9606.ENSP00000309572	0	0	0	0	0	0	0	0.423	0.423
HMGCR	PPARD	9606.ENSP00000287936	9606.ENSP00000310928	0	0	0	0	0	0	0	0.426	0.426
HMGCR	MMP9	9606.ENSP00000287936	9606.ENSP00000361405	0	0	0	0	0.045	0	0	0.429	0.432
HMGCR	PTGS2	9606.ENSP00000287936	9606.ENSP00000356438	0	0	0	0	0.044	0	0	0.461	0.463
HMGCR	MTOR	9606.ENSP00000287936	9606.ENSP00000354558	0	0	0	0	0.074	0	0	0.474	0.492
HMGCR	RXRA	9606.ENSP00000287936	9606.ENSP00000419692	0	0	0	0	0.044	0	0.400	0.294	0.559
HMGCR	TNF	9606.ENSP00000287936	9606.ENSP00000398698	0	0	0	0	0	0	0	0.572	0.572
HMGCR	NR1H3	9606.ENSP00000287936	9606.ENSP00000477707	0	0	0	0	0	0	0	0.596	0.596
HMGCR	NR1H4	9606.ENSP00000287936	9606.ENSP00000447149	0	0	0	0	0.044	0	0	0.615	0.616
HMGCR	HSD11B1	9606.ENSP00000287936	9606.ENSP00000355995	0	0	0	0	0	0.045	0.172	0.563	0.624
HMGCR	NOS3	9606.ENSP00000287936	9606.ENSP00000297494	0	0	0	0	0	0	0	0.662	0.662
HMGCR	SCD	9606.ENSP00000287936	9606.ENSP00000359380	0	0	0	0	0.181	0	0	0.703	0.747
HMGCR	PPARA	9606.ENSP00000287936	9606.ENSP00000385523	0	0	0	0	0	0	0.500	0.724	0.856
HMGCR	PRKAA1	9606.ENSP00000287936	9606.ENSP00000346148	0	0	0	0	0.049	0.136	0.900	0.341	0.938
HNF4A	SIRT1	9606.ENSP00000312987	9606.ENSP00000212015	0	0	0	0	0	0.446	0	0.466	0.691
HNF4A	MAPK1	9606.ENSP00000312987	9606.ENSP00000215832	0	0	0	0	0	0.331	0	0.248	0.476
HNF4A	MMP2	9606.ENSP00000312987	9606.ENSP00000219070	0	0	0	0	0.055	0	0	0.401	0.410
HNF4A	NFKB1	9606.ENSP00000312987	9606.ENSP00000226574	0	0	0	0	0	0.045	0	0.634	0.635
HNF4A	NR3C1	9606.ENSP00000312987	9606.ENSP00000231509	0	0	0	0.613	0	0.328	0	0.529	0.670
HNF4A	TTR	9606.ENSP00000312987	9606.ENSP00000237014	0	0	0	0	0.111	0	0	0.495	0.532
HNF4A	SMO	9606.ENSP00000312987	9606.ENSP00000249373	0	0	0	0	0	0	0	0.405	0.405
HNF4A	LGALS3	9606.ENSP00000312987	9606.ENSP00000254301	0	0	0	0	0	0	0	0.498	0.497
HNF4A	MDM2	9606.ENSP00000312987	9606.ENSP00000258149	0	0	0	0	0.054	0.292	0	0.355	0.530
HNF4A	MMP7	9606.ENSP00000312987	9606.ENSP00000260227	0	0	0	0	0.055	0	0	0.578	0.584
HNF4A	KAT2B	9606.ENSP00000312987	9606.ENSP00000263754	0	0	0	0	0	0.072	0	0.547	0.561
HNF4A	PPARG	9606.ENSP00000312987	9606.ENSP00000287820	0	0	0	0.633	0.049	0.091	0	0.555	0.582
HNF4A	TERT	9606.ENSP00000312987	9606.ENSP00000309572	0	0	0	0	0.043	0	0	0.611	0.611
HNF4A	PRKACA	9606.ENSP00000312987	9606.ENSP00000309591	0	0	0	0	0	0.292	0	0.418	0.570
HNF4A	SCD	9606.ENSP00000312987	9606.ENSP00000359380	0	0	0	0	0	0	0	0.412	0.412
HNF4A	IGF1R	9606.ENSP00000312987	9606.ENSP00000497069	0	0	0	0	0	0.070	0	0.399	0.417
HNF4A	RXRA	9606.ENSP00000312987	9606.ENSP00000419692	0	0	0	0.840	0.087	0.091	0	0.368	0.429
HNF4A	TNF	9606.ENSP00000312987	9606.ENSP00000398698	0	0	0	0	0	0	0	0.446	0.446
HNF4A	HSP90AA1	9606.ENSP00000312987	9606.ENSP00000335153	0	0	0	0	0	0	0	0.447	0.447
HNF4A	HSP90AB1	9606.ENSP00000312987	9606.ENSP00000360609	0	0	0	0	0	0	0	0.457	0.457
HNF4A	NR4A1	9606.ENSP00000312987	9606.ENSP00000440864	0	0	0	0.650	0	0	0	0.460	0.460
HNF4A	MET	9606.ENSP00000312987	9606.ENSP00000317272	0	0	0	0	0.116	0.045	0	0.419	0.466
HNF4A	MMP9	9606.ENSP00000312987	9606.ENSP00000361405	0	0	0	0	0.074	0	0	0.447	0.466
HNF4A	ROCK1	9606.ENSP00000312987	9606.ENSP00000382697	0	0	0	0	0	0.045	0	0.532	0.533
HNF4A	MAPK8	9606.ENSP00000312987	9606.ENSP00000378974	0	0	0	0	0.042	0.292	0	0.368	0.533
HNF4A	SRC	9606.ENSP00000312987	9606.ENSP00000362680	0	0	0	0	0.070	0.045	0	0.741	0.750
HNF4A	NR1H4	9606.ENSP00000312987	9606.ENSP00000447149	0	0	0	0.639	0.280	0.091	0	0.700	0.786
HNF4A	NR1I2	9606.ENSP00000312987	9606.ENSP00000336528	0	0	0	0.627	0.188	0.535	0	0.584	0.829
HSD11B1	HSD17B2	9606.ENSP00000355995	9606.ENSP00000199936	0	0	0.163	0.593	0.112	0	0	0.352	0.477
HSD11B1	HSD17B1	9606.ENSP00000355995	9606.ENSP00000225929	0	0	0.258	0	0	0	0	0.507	0.618
HSD11B1	NR3C1	9606.ENSP00000355995	9606.ENSP00000231509	0	0	0	0	0.045	0	0	0.851	0.852
HSD11B1	SRD5A1	9606.ENSP00000355995	9606.ENSP00000274192	0	0	0	0	0.087	0	0	0.819	0.828
HSD11B1	PPARG	9606.ENSP00000355995	9606.ENSP00000287820	0	0	0	0	0.066	0	0	0.445	0.459
HSD11B1	HSD11B2	9606.ENSP00000355995	9606.ENSP00000316786	0	0	0.111	0.613	0.105	0	0.900	0.566	0.960
HSD11B1	NR3C2	9606.ENSP00000355995	9606.ENSP00000350815	0	0	0	0	0.063	0	0	0.800	0.805
HSD11B1	TNF	9606.ENSP00000355995	9606.ENSP00000398698	0	0	0	0	0.048	0.071	0	0.376	0.400
HSD11B1	HSD17B3	9606.ENSP00000355995	9606.ENSP00000364412	0.042	0	0.162	0.595	0.071	0.059	0.186	0.378	0.563
HSD11B1	SRD5A2	9606.ENSP00000355995	9606.ENSP00000477587	0	0	0	0	0.094	0	0	0.580	0.603
HSD11B2	HSD17B1	9606.ENSP00000316786	9606.ENSP00000225929	0	0	0.188	0.608	0.103	0	0	0.270	0.422
HSD11B2	NR3C1	9606.ENSP00000316786	9606.ENSP00000231509	0	0	0	0	0	0.045	0	0.816	0.816
HSD11B2	REN	9606.ENSP00000316786	9606.ENSP00000272190	0	0	0	0	0.042	0	0	0.757	0.757
HSD11B2	SRD5A1	9606.ENSP00000316786	9606.ENSP00000274192	0	0	0	0	0.074	0	0	0.800	0.806
HSD11B2	SRD5A2	9606.ENSP00000316786	9606.ENSP00000477587	0	0	0	0	0.074	0	0	0.574	0.588
HSD11B2	HSD17B3	9606.ENSP00000316786	9606.ENSP00000364412	0	0	0	0	0	0	0	0.641	0.641
HSD11B2	NR3C2	9606.ENSP00000316786	9606.ENSP00000350815	0	0	0	0	0.091	0.045	0	0.918	0.923
HSD17B1	HSD17B2	9606.ENSP00000225929	9606.ENSP00000199936	0	0	0.418	0	0.103	0	0.900	0.986	0.999
HSD17B1	STS	9606.ENSP00000225929	9606.ENSP00000217961	0	0	0	0	0.217	0.098	0	0.735	0.797
HSD17B1	PGR	9606.ENSP00000225929	9606.ENSP00000325120	0	0	0	0	0	0	0	0.483	0.483
HSD17B1	SRD5A2	9606.ENSP00000225929	9606.ENSP00000477587	0	0	0	0	0.086	0	0	0.572	0.592
HSD17B1	SRD5A1	9606.ENSP00000225929	9606.ENSP00000274192	0	0	0	0	0.086	0	0	0.620	0.638
HSD17B1	HSD17B3	9606.ENSP00000225929	9606.ENSP00000364412	0.042	0	0.245	0	0.055	0.059	0.186	0.975	0.984
HSD17B2	PGR	9606.ENSP00000199936	9606.ENSP00000325120	0	0	0	0	0	0.045	0	0.460	0.462
HSD17B2	STS	9606.ENSP00000199936	9606.ENSP00000217961	0	0	0	0	0.088	0	0	0.632	0.650
HSD17B2	SRD5A2	9606.ENSP00000199936	9606.ENSP00000477587	0	0	0	0	0.080	0	0.900	0.581	0.958
HSD17B2	SRD5A1	9606.ENSP00000199936	9606.ENSP00000274192	0	0	0	0	0.087	0	0.900	0.775	0.977
HSD17B2	HSD17B3	9606.ENSP00000199936	9606.ENSP00000364412	0	0	0.289	0	0	0	0.900	0.979	0.998
HSD17B3	STS	9606.ENSP00000364412	9606.ENSP00000217961	0	0	0	0	0.100	0	0	0.464	0.497
HSD17B3	SRD5A1	9606.ENSP00000364412	9606.ENSP00000274192	0	0	0	0	0.069	0	0.900	0.791	0.978
HSD17B3	SRD5A2	9606.ENSP00000364412	9606.ENSP00000477587	0	0	0	0	0.077	0	0.900	0.799	0.979
HSP90AA1	SIRT1	9606.ENSP00000335153	9606.ENSP00000212015	0	0	0	0	0.047	0.394	0	0.686	0.803
HSP90AA1	MIF	9606.ENSP00000335153	9606.ENSP00000215754	0	0	0	0	0.106	0.292	0	0.290	0.511
HSP90AA1	MAPK1	9606.ENSP00000335153	9606.ENSP00000215832	0	0	0	0	0.057	0.113	0.400	0.897	0.941
HSP90AA1	MMP2	9606.ENSP00000335153	9606.ENSP00000219070	0	0	0	0	0.068	0.292	0	0.765	0.831
HSP90AA1	RIPK2	9606.ENSP00000335153	9606.ENSP00000220751	0	0	0	0	0.054	0.270	0.900	0.220	0.938
HSP90AA1	RPS6KB1	9606.ENSP00000335153	9606.ENSP00000225577	0	0	0	0	0.104	0.196	0	0.792	0.837
HSP90AA1	NFKB1	9606.ENSP00000335153	9606.ENSP00000226574	0	0	0	0	0.120	0.088	0	0.580	0.634
HSP90AA1	LTA4H	9606.ENSP00000335153	9606.ENSP00000228740	0	0	0	0	0.071	0.071	0	0.469	0.503
HSP90AA1	MAPK14	9606.ENSP00000335153	9606.ENSP00000229795	0	0	0	0	0.052	0.197	0	0.465	0.558
HSP90AA1	NR3C1	9606.ENSP00000335153	9606.ENSP00000231509	0	0	0	0	0.054	0.994	0.500	0.996	0.999
HSP90AA1	TTR	9606.ENSP00000335153	9606.ENSP00000237014	0	0	0	0	0.044	0.292	0	0.270	0.462
HSP90AA1	SIRT2	9606.ENSP00000335153	9606.ENSP00000249396	0	0	0	0	0	0	0	0.613	0.613
HSP90AA1	RARA	9606.ENSP00000335153	9606.ENSP00000254066	0	0	0	0	0.054	0.159	0	0.308	0.401
HSP90AA1	LGALS3	9606.ENSP00000335153	9606.ENSP00000254301	0	0	0	0	0.042	0	0	0.480	0.480
HSP90AA1	PDGFRA	9606.ENSP00000335153	9606.ENSP00000257290	0	0	0	0	0	0.070	0	0.585	0.597
HSP90AA1	MDM2	9606.ENSP00000335153	9606.ENSP00000258149	0	0	0	0	0.049	0.539	0	0.810	0.909
HSP90AA1	ITGAV	9606.ENSP00000335153	9606.ENSP00000261023	0	0	0	0	0.067	0	0.500	0.210	0.599
HSP90AA1	PDGFRB	9606.ENSP00000335153	9606.ENSP00000261799	0	0	0	0	0	0.220	0	0.616	0.687
HSP90AA1	KCNH2	9606.ENSP00000335153	9606.ENSP00000262186	0	0	0	0	0	0.735	0	0.851	0.958
HSP90AA1	MAP2K2	9606.ENSP00000335153	9606.ENSP00000262948	0	0	0	0	0.089	0.238	0	0.327	0.492
HSP90AA1	MAP3K8	9606.ENSP00000335153	9606.ENSP00000263056	0	0	0	0	0	0.349	0	0.466	0.638
HSP90AA1	KAT2B	9606.ENSP00000335153	9606.ENSP00000263754	0	0	0	0	0.070	0.091	0	0.589	0.622
HSP90AA1	KDR	9606.ENSP00000335153	9606.ENSP00000263923	0	0	0	0	0	0.313	0.500	0.878	0.954
HSP90AA1	PIK3CA	9606.ENSP00000335153	9606.ENSP00000263967	0	0	0	0	0.049	0	0.500	0.686	0.837
HSP90AA1	ZAP70	9606.ENSP00000335153	9606.ENSP00000264972	0	0	0	0	0	0.362	0	0.267	0.513
HSP90AA1	PPARG	9606.ENSP00000335153	9606.ENSP00000287820	0	0	0	0	0.054	0.164	0	0.645	0.695
HSP90AA1	NOS3	9606.ENSP00000335153	9606.ENSP00000297494	0	0	0	0	0	0.789	0.800	0.992	0.999
HSP90AA1	LRRK2	9606.ENSP00000335153	9606.ENSP00000298910	0	0	0	0	0.050	0.899	0	0.718	0.970
HSP90AA1	PLK1	9606.ENSP00000335153	9606.ENSP00000300093	0	0	0	0	0.094	0.141	0.800	0.757	0.957
HSP90AA1	MAP2K1	9606.ENSP00000335153	9606.ENSP00000302486	0	0	0	0	0.098	0.181	0	0.749	0.798
HSP90AA1	PRKCE	9606.ENSP00000335153	9606.ENSP00000306124	0	0	0	0	0	0.451	0	0.252	0.572
HSP90AA1	TERT	9606.ENSP00000335153	9606.ENSP00000309572	0	0	0	0	0	0.835	0	0.988	0.998
HSP90AA1	PRKACA	9606.ENSP00000335153	9606.ENSP00000309591	0	0	0	0	0.052	0.603	0	0.496	0.794
HSP90AA1	PPARD	9606.ENSP00000335153	9606.ENSP00000310928	0	0	0	0	0.054	0.411	0	0.223	0.530
HSP90AA1	PRKDC	9606.ENSP00000335153	9606.ENSP00000313420	0	0	0	0	0.091	0.208	0	0.659	0.733
HSP90AA1	MET	9606.ENSP00000335153	9606.ENSP00000317272	0	0	0	0	0.047	0.558	0	0.494	0.768
HSP90AA1	ROCK2	9606.ENSP00000335153	9606.ENSP00000317985	0	0	0	0	0.056	0.136	0.500	0.229	0.643
HSP90AA1	IMPDH2	9606.ENSP00000335153	9606.ENSP00000321584	0	0	0	0	0.177	0.094	0	0.315	0.445
HSP90AA1	PGR	9606.ENSP00000335153	9606.ENSP00000325120	0	0	0	0	0.054	0.582	0.500	0.956	0.990
HSP90AA1	NOS2	9606.ENSP00000335153	9606.ENSP00000327251	0	0	0	0	0	0.427	0.400	0.280	0.731
HSP90AA1	TBK1	9606.ENSP00000335153	9606.ENSP00000329967	0	0	0	0	0.094	0.658	0.500	0.573	0.925
HSP90AA1	PRKCD	9606.ENSP00000335153	9606.ENSP00000331602	0	0	0	0	0.042	0.328	0	0.685	0.780
HSP90AA1	MAPK11	9606.ENSP00000335153	9606.ENSP00000333685	0	0	0	0	0.050	0.113	0	0.575	0.611
HSP90AA1	JAK3	9606.ENSP00000335153	9606.ENSP00000432511	0	0	0	0	0.082	0.213	0	0.252	0.413
HSP90AA1	MDM4	9606.ENSP00000335153	9606.ENSP00000356150	0	0	0	0	0.049	0.146	0	0.343	0.419
HSP90AA1	TOP2A	9606.ENSP00000335153	9606.ENSP00000411532	0.061	0	0	0	0.073	0	0	0.413	0.444
HSP90AA1	TYK2	9606.ENSP00000335153	9606.ENSP00000431885	0	0	0	0	0.084	0.223	0	0.294	0.454
HSP90AA1	PLAU	9606.ENSP00000335153	9606.ENSP00000361850	0	0	0	0	0.079	0	0	0.431	0.454
HSP90AA1	MAOA	9606.ENSP00000335153	9606.ENSP00000340684	0	0	0	0	0.051	0.091	0	0.425	0.461
HSP90AA1	PTGS2	9606.ENSP00000335153	9606.ENSP00000356438	0	0	0	0	0.042	0	0	0.470	0.470
HSP90AA1	ITK	9606.ENSP00000335153	9606.ENSP00000398655	0	0	0	0	0	0.396	0	0.173	0.479
HSP90AA1	MMP9	9606.ENSP00000335153	9606.ENSP00000361405	0	0	0	0	0.051	0	0	0.484	0.489
HSP90AA1	XIAP	9606.ENSP00000335153	9606.ENSP00000360242	0	0	0	0	0.097	0	0	0.474	0.505
HSP90AA1	JAK1	9606.ENSP00000335153	9606.ENSP00000499900	0	0	0	0	0.087	0.223	0	0.372	0.516
HSP90AA1	RELA	9606.ENSP00000335153	9606.ENSP00000384273	0	0	0	0	0.058	0.187	0	0.429	0.525
HSP90AA1	RET	9606.ENSP00000335153	9606.ENSP00000347942	0	0	0	0	0	0.164	0	0.473	0.540
HSP90AA1	PIK3CG	9606.ENSP00000335153	9606.ENSP00000419260	0	0	0	0	0	0	0	0.547	0.547
HSP90AA1	NR1H4	9606.ENSP00000335153	9606.ENSP00000447149	0	0	0	0	0.054	0.159	0	0.491	0.560
HSP90AA1	PRKAA1	9606.ENSP00000335153	9606.ENSP00000346148	0	0	0	0	0.042	0.474	0	0.205	0.565
HSP90AA1	PTPN1	9606.ENSP00000335153	9606.ENSP00000360683	0	0	0	0	0.090	0.091	0	0.522	0.570
HSP90AA1	NR1I2	9606.ENSP00000335153	9606.ENSP00000336528	0	0	0	0	0.054	0.439	0	0.254	0.570
HSP90AA1	SYK	9606.ENSP00000335153	9606.ENSP00000364898	0	0	0	0	0.044	0.136	0	0.552	0.598
HSP90AA1	TNF	9606.ENSP00000335153	9606.ENSP00000398698	0	0	0	0	0	0	0	0.599	0.599
HSP90AA1	NOS1	9606.ENSP00000335153	9606.ENSP00000477999	0	0	0	0	0	0.053	0	0.622	0.627
HSP90AA1	NTRK1	9606.ENSP00000335153	9606.ENSP00000431418	0	0	0	0	0	0.474	0	0.367	0.653
HSP90AA1	PARP1	9606.ENSP00000335153	9606.ENSP00000355759	0	0	0	0	0.146	0	0	0.631	0.672
HSP90AA1	RPS6KA1	9606.ENSP00000335153	9606.ENSP00000435412	0	0	0	0	0.042	0.555	0	0.321	0.686
HSP90AA1	PTK2	9606.ENSP00000335153	9606.ENSP00000341189	0	0	0	0	0.044	0.138	0.500	0.393	0.716
HSP90AA1	ITGB3	9606.ENSP00000335153	9606.ENSP00000452786	0	0	0	0	0.055	0	0.500	0.460	0.722
HSP90AA1	MAPK8	9606.ENSP00000335153	9606.ENSP00000378974	0	0	0	0	0.049	0.292	0	0.635	0.732
HSP90AA1	TUBA1A	9606.ENSP00000335153	9606.ENSP00000439020	0	0	0	0	0.095	0.464	0	0.514	0.744
HSP90AA1	ROCK1	9606.ENSP00000335153	9606.ENSP00000382697	0	0	0	0	0.061	0.136	0.500	0.530	0.784
HSP90AA1	PIK3R1	9606.ENSP00000335153	9606.ENSP00000428056	0	0	0	0	0.043	0	0.500	0.593	0.788
HSP90AA1	NOX1	9606.ENSP00000335153	9606.ENSP00000362057	0	0	0	0	0	0	0	0.790	0.790
HSP90AA1	IGF1R	9606.ENSP00000335153	9606.ENSP00000497069	0	0	0	0	0	0.274	0	0.724	0.791
HSP90AA1	JAK2	9606.ENSP00000335153	9606.ENSP00000371067	0	0	0	0	0.082	0.362	0	0.672	0.791
HSP90AA1	WEE1	9606.ENSP00000335153	9606.ENSP00000402084	0	0	0	0	0.104	0.390	0	0.650	0.792
HSP90AA1	LYN	9606.ENSP00000335153	9606.ENSP00000428924	0	0	0	0	0	0.495	0	0.638	0.809
HSP90AA1	PPARA	9606.ENSP00000335153	9606.ENSP00000385523	0	0	0	0	0.054	0.538	0	0.603	0.811
HSP90AA1	LCK	9606.ENSP00000335153	9606.ENSP00000477713	0	0	0	0	0.056	0.659	0	0.525	0.834
HSP90AA1	MCL1	9606.ENSP00000335153	9606.ENSP00000358022	0	0	0	0	0.108	0.165	0.400	0.681	0.838
HSP90AA1	TNK2	9606.ENSP00000335153	9606.ENSP00000371341	0	0	0	0	0	0.706	0	0.481	0.841
HSP90AA1	PDPK1	9606.ENSP00000335153	9606.ENSP00000344220	0	0	0	0	0.082	0	0.500	0.690	0.845
HSP90AA1	NR3C2	9606.ENSP00000335153	9606.ENSP00000350815	0	0	0	0	0.054	0.244	0.500	0.666	0.864
HSP90AA1	STAT1	9606.ENSP00000335153	9606.ENSP00000354394	0	0	0	0	0.103	0	0.400	0.775	0.868
HSP90AA1	TGFBR1	9606.ENSP00000335153	9606.ENSP00000447297	0	0	0	0	0	0.662	0	0.729	0.904
HSP90AA1	IKBKB	9606.ENSP00000335153	9606.ENSP00000430684	0	0	0	0	0.060	0.643	0	0.933	0.975
HSP90AA1	RAF1	9606.ENSP00000335153	9606.ENSP00000401888	0	0	0	0	0.054	0.941	0	0.766	0.985
HSP90AA1	TLR4	9606.ENSP00000335153	9606.ENSP00000363089	0	0	0	0	0	0.063	0	0.986	0.987
HSP90AA1	HSP90AB1	9606.ENSP00000335153	9606.ENSP00000360609	0	0	0.048	0.984	0.783	0.896	0.900	0.048	0.997
HSP90AA1	MTOR	9606.ENSP00000335153	9606.ENSP00000354558	0	0	0	0	0.095	0.994	0	0.794	0.998
HSP90AA1	SRC	9606.ENSP00000335153	9606.ENSP00000362680	0	0	0	0	0.042	0.799	0.800	0.994	0.999
HSP90AB1	SIRT1	9606.ENSP00000360609	9606.ENSP00000212015	0	0	0	0	0.044	0	0	0.687	0.688
HSP90AB1	MAPK1	9606.ENSP00000360609	9606.ENSP00000215832	0	0	0	0	0.057	0.113	0.400	0.672	0.813
HSP90AB1	MMP2	9606.ENSP00000360609	9606.ENSP00000219070	0	0	0	0	0.068	0	0	0.752	0.758
HSP90AB1	RIPK2	9606.ENSP00000360609	9606.ENSP00000220751	0	0	0	0	0.054	0.136	0.900	0.226	0.928
HSP90AB1	RPS6KB1	9606.ENSP00000360609	9606.ENSP00000225577	0	0	0	0	0.108	0.197	0	0.692	0.760
HSP90AB1	NFKB1	9606.ENSP00000360609	9606.ENSP00000226574	0	0	0	0	0.117	0.637	0	0.554	0.845
HSP90AB1	MAPK14	9606.ENSP00000360609	9606.ENSP00000229795	0	0	0	0	0.061	0.197	0	0.530	0.615
HSP90AB1	NR3C1	9606.ENSP00000360609	9606.ENSP00000231509	0	0	0	0	0.054	0.548	0.500	0.994	0.998
HSP90AB1	SIRT2	9606.ENSP00000360609	9606.ENSP00000249396	0	0	0	0	0	0	0	0.613	0.613
HSP90AB1	LGALS3	9606.ENSP00000360609	9606.ENSP00000254301	0	0	0	0	0.042	0.292	0	0.476	0.613
HSP90AB1	PDGFRA	9606.ENSP00000360609	9606.ENSP00000257290	0	0	0	0	0	0.070	0	0.578	0.590
HSP90AB1	MDM2	9606.ENSP00000360609	9606.ENSP00000258149	0	0	0	0	0	0.080	0	0.743	0.753
HSP90AB1	PDGFRB	9606.ENSP00000360609	9606.ENSP00000261799	0	0	0	0	0	0.165	0	0.608	0.658
HSP90AB1	KCNH2	9606.ENSP00000360609	9606.ENSP00000262186	0	0	0	0	0	0	0	0.819	0.819
HSP90AB1	MAP2K2	9606.ENSP00000360609	9606.ENSP00000262948	0	0	0	0	0.099	0.244	0	0.329	0.504
HSP90AB1	MAP3K8	9606.ENSP00000360609	9606.ENSP00000263056	0	0	0	0	0	0.349	0	0.461	0.634
HSP90AB1	KDR	9606.ENSP00000360609	9606.ENSP00000263923	0	0	0	0	0	0.070	0	0.876	0.879
HSP90AB1	PIK3CA	9606.ENSP00000360609	9606.ENSP00000263967	0	0	0	0	0.043	0	0	0.638	0.639
HSP90AB1	PPARG	9606.ENSP00000360609	9606.ENSP00000287820	0	0	0	0	0.054	0.232	0	0.635	0.712
HSP90AB1	NOS3	9606.ENSP00000360609	9606.ENSP00000297494	0	0	0	0	0	0.059	0.800	0.992	0.998
HSP90AB1	LRRK2	9606.ENSP00000360609	9606.ENSP00000298910	0	0	0	0	0.050	0.806	0	0.713	0.942
HSP90AB1	PLK1	9606.ENSP00000360609	9606.ENSP00000300093	0	0	0	0	0.094	0.141	0	0.842	0.866
HSP90AB1	MAP2K1	9606.ENSP00000360609	9606.ENSP00000302486	0	0	0	0	0.110	0.162	0	0.705	0.761
HSP90AB1	PRKCE	9606.ENSP00000360609	9606.ENSP00000306124	0	0	0	0	0	0.451	0	0.251	0.571
HSP90AB1	TERT	9606.ENSP00000360609	9606.ENSP00000309572	0	0	0	0	0	0.126	0	0.986	0.987
HSP90AB1	PRKACA	9606.ENSP00000360609	9606.ENSP00000309591	0	0	0	0	0.052	0.374	0	0.487	0.669
HSP90AB1	PRKDC	9606.ENSP00000360609	9606.ENSP00000313420	0	0	0	0	0.092	0.208	0	0.654	0.730
HSP90AB1	MET	9606.ENSP00000360609	9606.ENSP00000317272	0	0	0	0	0.043	0.362	0	0.491	0.662
HSP90AB1	IMPDH2	9606.ENSP00000360609	9606.ENSP00000321584	0	0	0	0	0.236	0.094	0	0.317	0.486
HSP90AB1	PGR	9606.ENSP00000360609	9606.ENSP00000325120	0	0	0	0	0.054	0.177	0.500	0.950	0.978
HSP90AB1	TBK1	9606.ENSP00000360609	9606.ENSP00000329967	0	0	0	0	0.060	0.311	0.500	0.572	0.843
HSP90AB1	PRKCD	9606.ENSP00000360609	9606.ENSP00000331602	0	0	0	0	0.044	0.091	0	0.563	0.588
HSP90AB1	MAPK11	9606.ENSP00000360609	9606.ENSP00000333685	0	0	0	0	0.050	0.113	0	0.356	0.410
HSP90AB1	NR1I2	9606.ENSP00000360609	9606.ENSP00000336528	0	0	0	0	0.054	0.268	0	0.250	0.436
HSP90AB1	PTK2	9606.ENSP00000360609	9606.ENSP00000341189	0	0	0	0	0.049	0.139	0	0.385	0.452
HSP90AB1	PDPK1	9606.ENSP00000360609	9606.ENSP00000344220	0	0	0	0	0.075	0	0	0.679	0.690
HSP90AB1	RET	9606.ENSP00000360609	9606.ENSP00000347942	0	0	0	0	0	0.165	0	0.468	0.536
HSP90AB1	NR3C2	9606.ENSP00000360609	9606.ENSP00000350815	0	0	0	0	0.054	0.244	0.500	0.661	0.862
HSP90AB1	STAT1	9606.ENSP00000360609	9606.ENSP00000354394	0	0	0	0	0.102	0.164	0	0.793	0.831
HSP90AB1	MTOR	9606.ENSP00000360609	9606.ENSP00000354558	0	0	0	0	0.103	0.994	0	0.784	0.998
HSP90AB1	PARP1	9606.ENSP00000360609	9606.ENSP00000355759	0	0	0	0	0.150	0	0	0.622	0.665
HSP90AB1	MDM4	9606.ENSP00000360609	9606.ENSP00000356150	0	0	0	0	0	0.147	0	0.341	0.414
HSP90AB1	PTGS2	9606.ENSP00000360609	9606.ENSP00000356438	0	0	0	0	0	0	0	0.442	0.442
HSP90AB1	MCL1	9606.ENSP00000360609	9606.ENSP00000358022	0	0	0	0	0.104	0	0	0.510	0.542
HSP90AB1	XIAP	9606.ENSP00000360609	9606.ENSP00000360242	0	0	0	0	0.083	0	0	0.473	0.496
HSP90AB1	JAK3	9606.ENSP00000360609	9606.ENSP00000432511	0	0	0	0	0.082	0.213	0	0.248	0.409
HSP90AB1	TOP2A	9606.ENSP00000360609	9606.ENSP00000411532	0.061	0	0	0	0.068	0	0	0.386	0.416
HSP90AB1	ITGB3	9606.ENSP00000360609	9606.ENSP00000452786	0	0	0	0	0.055	0	0	0.449	0.457
HSP90AB1	TYK2	9606.ENSP00000360609	9606.ENSP00000431885	0	0	0	0	0.086	0.224	0	0.297	0.458
HSP90AB1	MMP9	9606.ENSP00000360609	9606.ENSP00000361405	0	0	0	0	0.051	0	0	0.456	0.462
HSP90AB1	ITK	9606.ENSP00000360609	9606.ENSP00000398655	0	0	0	0	0.042	0.384	0	0.178	0.473
HSP90AB1	TUBA1A	9606.ENSP00000360609	9606.ENSP00000439020	0	0	0	0	0.097	0.145	0	0.382	0.481
HSP90AB1	KDM3A	9606.ENSP00000360609	9606.ENSP00000386660	0	0	0	0	0.056	0	0	0.474	0.483
HSP90AB1	NTRK1	9606.ENSP00000360609	9606.ENSP00000431418	0	0	0	0	0	0.247	0	0.343	0.484
HSP90AB1	RELA	9606.ENSP00000360609	9606.ENSP00000384273	0	0	0	0	0.074	0.185	0	0.409	0.515
HSP90AB1	JAK1	9606.ENSP00000360609	9606.ENSP00000499900	0	0	0	0	0.098	0.224	0	0.368	0.519
HSP90AB1	PIK3CG	9606.ENSP00000360609	9606.ENSP00000419260	0	0	0	0	0	0	0	0.526	0.526
HSP90AB1	LCK	9606.ENSP00000360609	9606.ENSP00000477713	0	0	0	0	0.056	0.307	0	0.341	0.531
HSP90AB1	ITGB1	9606.ENSP00000360609	9606.ENSP00000379350	0	0	0	0	0.091	0	0	0.520	0.545
HSP90AB1	NR1H4	9606.ENSP00000360609	9606.ENSP00000447149	0	0	0	0	0.054	0.159	0	0.492	0.561
HSP90AB1	RPS6KA1	9606.ENSP00000360609	9606.ENSP00000435412	0	0	0	0	0.042	0.419	0	0.320	0.588
HSP90AB1	TNF	9606.ENSP00000360609	9606.ENSP00000398698	0	0	0	0	0	0	0	0.594	0.594
HSP90AB1	NOS1	9606.ENSP00000360609	9606.ENSP00000477999	0	0	0	0	0	0.053	0	0.622	0.627
HSP90AB1	IGF1R	9606.ENSP00000360609	9606.ENSP00000497069	0	0	0	0	0	0.266	0	0.538	0.646
HSP90AB1	PPARA	9606.ENSP00000360609	9606.ENSP00000385523	0	0	0	0	0.054	0.159	0	0.600	0.654
HSP90AB1	JAK2	9606.ENSP00000360609	9606.ENSP00000371067	0	0	0	0	0.082	0.362	0	0.490	0.675
HSP90AB1	ROCK1	9606.ENSP00000360609	9606.ENSP00000382697	0	0	0	0	0.042	0.362	0	0.517	0.679
HSP90AB1	TNK2	9606.ENSP00000360609	9606.ENSP00000371341	0	0	0	0	0	0.449	0	0.482	0.702
HSP90AB1	LYN	9606.ENSP00000360609	9606.ENSP00000428924	0	0	0	0	0	0.285	0	0.616	0.714
HSP90AB1	TGFBR1	9606.ENSP00000360609	9606.ENSP00000447297	0	0	0	0	0	0.136	0	0.730	0.757
HSP90AB1	NOX1	9606.ENSP00000360609	9606.ENSP00000362057	0	0	0	0	0	0	0	0.791	0.791
HSP90AB1	WEE1	9606.ENSP00000360609	9606.ENSP00000402084	0	0	0	0	0.109	0.238	0	0.753	0.817
HSP90AB1	IKBKB	9606.ENSP00000360609	9606.ENSP00000430684	0	0	0	0	0.065	0.740	0	0.909	0.976
HSP90AB1	TLR4	9606.ENSP00000360609	9606.ENSP00000363089	0	0	0	0	0	0.063	0	0.987	0.988
HSP90AB1	RAF1	9606.ENSP00000360609	9606.ENSP00000401888	0	0	0	0	0.050	0.973	0	0.758	0.993
HSP90AB1	SRC	9606.ENSP00000360609	9606.ENSP00000362680	0	0	0	0	0.042	0.301	0	0.993	0.995
HTR1A	NR3C1	9606.ENSP00000316244	9606.ENSP00000231509	0	0	0	0	0.067	0	0	0.605	0.615
HTR1A	SLC6A4	9606.ENSP00000316244	9606.ENSP00000261707	0	0	0	0	0.054	0	0	0.968	0.968
HTR1A	KCNH2	9606.ENSP00000316244	9606.ENSP00000262186	0	0	0	0	0.067	0	0	0.410	0.427
HTR1A	TRPA1	9606.ENSP00000316244	9606.ENSP00000262209	0	0	0	0	0.052	0.099	0	0.412	0.455
HTR1A	SLC6A3	9606.ENSP00000316244	9606.ENSP00000270349	0	0	0	0	0.061	0	0	0.787	0.792
HTR1A	HTR2C	9606.ENSP00000316244	9606.ENSP00000276198	0	0	0	0.744	0.133	0	0	0.576	0.617
HTR1A	SIGMAR1	9606.ENSP00000316244	9606.ENSP00000277010	0	0	0	0	0	0.045	0	0.480	0.482
HTR1A	PPARG	9606.ENSP00000316244	9606.ENSP00000287820	0	0	0	0	0.068	0	0	0.385	0.403
HTR1A	PRKACA	9606.ENSP00000316244	9606.ENSP00000309591	0	0	0	0	0	0.066	0	0.417	0.432
HTR1A	NOS1	9606.ENSP00000316244	9606.ENSP00000477999	0	0	0	0	0.063	0	0	0.456	0.468
HTR1A	HTR1D	9606.ENSP00000316244	9606.ENSP00000363748	0	0	0	0.899	0.094	0.292	0	0.547	0.684
HTR1A	MAOB	9606.ENSP00000316244	9606.ENSP00000367309	0	0	0	0	0.072	0	0	0.727	0.735
HTR1A	TRPV1	9606.ENSP00000316244	9606.ENSP00000459962	0	0	0	0	0.055	0.045	0	0.735	0.740
HTR1A	MAOA	9606.ENSP00000316244	9606.ENSP00000340684	0	0	0	0	0	0	0	0.861	0.861
HTR1A	HTR1B	9606.ENSP00000316244	9606.ENSP00000358963	0	0	0	0.901	0.083	0.322	0	0.873	0.914
HTR1A	HTR2A	9606.ENSP00000316244	9606.ENSP00000437737	0	0	0	0.729	0.113	0.324	0	0.878	0.920
HTR1B	SLC6A4	9606.ENSP00000358963	9606.ENSP00000261707	0	0	0	0	0.054	0	0	0.931	0.932
HTR1B	SLC6A3	9606.ENSP00000358963	9606.ENSP00000270349	0	0	0	0	0.054	0	0	0.744	0.748
HTR1B	HTR2C	9606.ENSP00000358963	9606.ENSP00000276198	0	0	0	0.753	0.068	0	0.360	0.570	0.721
HTR1B	P2RY1	9606.ENSP00000358963	9606.ENSP00000304767	0	0	0	0	0	0.045	0	0.404	0.407
HTR1B	MAOA	9606.ENSP00000358963	9606.ENSP00000340684	0	0	0	0	0	0	0	0.734	0.734
HTR1B	SRC	9606.ENSP00000358963	9606.ENSP00000362680	0	0	0	0	0.047	0	0.500	0.166	0.567
HTR1B	MAOB	9606.ENSP00000358963	9606.ENSP00000367309	0	0	0	0	0	0	0	0.802	0.802
HTR1B	HTR2A	9606.ENSP00000358963	9606.ENSP00000437737	0	0	0	0.752	0.075	0.045	0.360	0.750	0.839
HTR1B	HTR1D	9606.ENSP00000358963	9606.ENSP00000363748	0	0	0.057	0.963	0.078	0.292	0.400	0.891	0.952
HTR1D	SLC6A4	9606.ENSP00000363748	9606.ENSP00000261707	0	0	0	0	0.054	0	0	0.920	0.921
HTR1D	SLC6A3	9606.ENSP00000363748	9606.ENSP00000270349	0	0	0	0	0.054	0	0	0.448	0.456
HTR1D	HTR2C	9606.ENSP00000363748	9606.ENSP00000276198	0	0	0	0.779	0.060	0	0	0.549	0.558
HTR1D	P2RY1	9606.ENSP00000363748	9606.ENSP00000304767	0	0	0	0	0	0.045	0	0.418	0.421
HTR1D	MAOA	9606.ENSP00000363748	9606.ENSP00000340684	0	0	0	0	0	0	0	0.603	0.603
HTR1D	PDE10A	9606.ENSP00000363748	9606.ENSP00000355847	0	0	0	0	0.089	0.046	0	0.364	0.400
HTR1D	SRC	9606.ENSP00000363748	9606.ENSP00000362680	0	0	0	0	0.047	0	0.500	0.104	0.535
HTR1D	HTR2A	9606.ENSP00000363748	9606.ENSP00000437737	0	0	0	0.767	0.057	0.045	0	0.508	0.518
HTR1D	MAOB	9606.ENSP00000363748	9606.ENSP00000367309	0	0	0	0	0	0	0	0.779	0.779
HTR2A	NR3C1	9606.ENSP00000437737	9606.ENSP00000231509	0	0	0	0	0	0	0	0.447	0.447
HTR2A	SLC6A4	9606.ENSP00000437737	9606.ENSP00000261707	0	0	0	0	0	0	0	0.961	0.961
HTR2A	KCNH2	9606.ENSP00000437737	9606.ENSP00000262186	0	0	0	0	0	0	0	0.432	0.432
HTR2A	SLC6A3	9606.ENSP00000437737	9606.ENSP00000270349	0	0	0	0	0	0	0	0.708	0.708
HTR2A	HTR2C	9606.ENSP00000437737	9606.ENSP00000276198	0	0	0	0.935	0.063	0.573	0.900	0.816	0.991
HTR2A	SIGMAR1	9606.ENSP00000437737	9606.ENSP00000277010	0	0	0	0	0	0	0	0.447	0.447
HTR2A	P2RY12	9606.ENSP00000437737	9606.ENSP00000307259	0	0	0	0	0.084	0	0	0.392	0.419
HTR2A	MAOA	9606.ENSP00000437737	9606.ENSP00000340684	0	0	0	0	0	0	0	0.786	0.786
HTR2A	NTRK3	9606.ENSP00000437737	9606.ENSP00000354207	0	0	0	0	0.121	0.230	0	0.200	0.411
HTR2A	XIAP	9606.ENSP00000437737	9606.ENSP00000360242	0	0	0	0	0	0	0	0.450	0.450
HTR2A	SRC	9606.ENSP00000437737	9606.ENSP00000362680	0	0	0	0	0	0	0	0.416	0.416
HTR2A	MAOB	9606.ENSP00000437737	9606.ENSP00000367309	0	0	0	0	0.072	0	0	0.676	0.687
HTR2A	TRPV1	9606.ENSP00000437737	9606.ENSP00000459962	0	0	0	0	0.108	0.045	0	0.387	0.432
HTR2C	SLC6A4	9606.ENSP00000276198	9606.ENSP00000261707	0	0	0	0	0	0	0	0.914	0.914
HTR2C	KCNH2	9606.ENSP00000276198	9606.ENSP00000262186	0	0	0	0	0.080	0	0	0.397	0.421
HTR2C	SLC6A3	9606.ENSP00000276198	9606.ENSP00000270349	0	0	0	0	0	0	0	0.622	0.622
HTR2C	P2RY1	9606.ENSP00000276198	9606.ENSP00000304767	0	0	0	0	0	0.045	0	0.407	0.409
HTR2C	MAOA	9606.ENSP00000276198	9606.ENSP00000340684	0	0	0	0	0.063	0	0	0.684	0.691
HTR2C	MAOB	9606.ENSP00000276198	9606.ENSP00000367309	0	0	0	0	0.063	0	0	0.796	0.800
ICAM1	SIRT1	9606.ENSP00000264832	9606.ENSP00000212015	0	0	0	0	0	0	0	0.494	0.494
ICAM1	MIF	9606.ENSP00000264832	9606.ENSP00000215754	0	0	0	0	0.042	0	0	0.479	0.479
ICAM1	MAPK1	9606.ENSP00000264832	9606.ENSP00000215832	0	0	0	0	0.042	0	0	0.579	0.579
ICAM1	MMP2	9606.ENSP00000264832	9606.ENSP00000219070	0	0	0	0	0.049	0	0	0.749	0.751
ICAM1	PLAT	9606.ENSP00000264832	9606.ENSP00000220809	0	0	0	0	0.048	0	0	0.588	0.591
ICAM1	SERPINE1	9606.ENSP00000264832	9606.ENSP00000223095	0	0	0	0	0.129	0	0	0.716	0.742
ICAM1	MPO	9606.ENSP00000264832	9606.ENSP00000225275	0	0	0	0	0.066	0	0	0.763	0.769
ICAM1	NFKB1	9606.ENSP00000264832	9606.ENSP00000226574	0	0	0	0	0.220	0	0	0.881	0.903
ICAM1	MAPK14	9606.ENSP00000264832	9606.ENSP00000229795	0	0	0	0	0	0	0	0.436	0.436
ICAM1	NR3C1	9606.ENSP00000264832	9606.ENSP00000231509	0	0	0	0	0.073	0.292	0	0.318	0.514
ICAM1	RARA	9606.ENSP00000264832	9606.ENSP00000254066	0	0	0	0	0.083	0	0	0.508	0.530
ICAM1	LGALS3	9606.ENSP00000264832	9606.ENSP00000254301	0	0	0	0	0.083	0	0	0.657	0.672
ICAM1	PDGFRA	9606.ENSP00000264832	9606.ENSP00000257290	0	0	0	0	0.055	0	0	0.535	0.541
ICAM1	MMP7	9606.ENSP00000264832	9606.ENSP00000260227	0	0	0	0	0.082	0	0	0.397	0.423
ICAM1	MMP13	9606.ENSP00000264832	9606.ENSP00000260302	0	0	0	0	0	0	0	0.564	0.564
ICAM1	ITGAV	9606.ENSP00000264832	9606.ENSP00000261023	0	0	0	0	0.066	0	0	0.677	0.685
ICAM1	PDGFRB	9606.ENSP00000264832	9606.ENSP00000261799	0	0	0	0	0.055	0	0	0.449	0.457
ICAM1	ITGA2B	9606.ENSP00000264832	9606.ENSP00000262407	0	0	0	0	0.083	0	0	0.936	0.938
ICAM1	NOX4	9606.ENSP00000264832	9606.ENSP00000263317	0	0	0	0	0.068	0	0	0.540	0.553
ICAM1	KDR	9606.ENSP00000264832	9606.ENSP00000263923	0	0	0	0	0.069	0	0	0.603	0.615
ICAM1	XIAP	9606.ENSP00000264832	9606.ENSP00000360242	0	0	0	0	0.044	0	0	0.407	0.409
ICAM1	MTOR	9606.ENSP00000264832	9606.ENSP00000354558	0	0	0	0	0.042	0	0	0.413	0.413
ICAM1	MME	9606.ENSP00000264832	9606.ENSP00000418525	0	0	0	0	0	0	0	0.430	0.430
ICAM1	MAPK8	9606.ENSP00000264832	9606.ENSP00000378974	0	0	0	0	0.047	0	0	0.434	0.437
ICAM1	LYN	9606.ENSP00000264832	9606.ENSP00000428924	0	0	0	0	0.131	0	0	0.385	0.443
ICAM1	NOX1	9606.ENSP00000264832	9606.ENSP00000362057	0	0	0	0	0.074	0	0	0.433	0.453
ICAM1	SYK	9606.ENSP00000264832	9606.ENSP00000364898	0	0	0	0	0.052	0	0	0.459	0.466
ICAM1	PARP1	9606.ENSP00000264832	9606.ENSP00000355759	0	0	0	0	0.042	0	0	0.481	0.481
ICAM1	ZAP70	9606.ENSP00000264832	9606.ENSP00000264972	0	0	0	0	0.066	0	0	0.468	0.482
ICAM1	LCK	9606.ENSP00000264832	9606.ENSP00000477713	0	0	0	0	0.110	0	0	0.463	0.501
ICAM1	XDH	9606.ENSP00000264832	9606.ENSP00000368727	0	0	0	0	0.044	0	0	0.500	0.501
ICAM1	JAK2	9606.ENSP00000264832	9606.ENSP00000371067	0	0.006	0	0	0.090	0	0	0.487	0.513
ICAM1	PPARA	9606.ENSP00000264832	9606.ENSP00000385523	0	0	0	0	0.104	0	0	0.487	0.521
ICAM1	PLAU	9606.ENSP00000264832	9606.ENSP00000361850	0	0	0	0	0.137	0	0	0.469	0.522
ICAM1	NR1H4	9606.ENSP00000264832	9606.ENSP00000447149	0	0	0	0	0.059	0	0	0.515	0.524
ICAM1	IKBKB	9606.ENSP00000264832	9606.ENSP00000430684	0	0	0	0	0	0	0	0.528	0.528
ICAM1	MET	9606.ENSP00000264832	9606.ENSP00000317272	0	0	0	0	0.049	0	0	0.553	0.556
ICAM1	REN	9606.ENSP00000264832	9606.ENSP00000272190	0	0	0	0	0	0	0	0.570	0.570
ICAM1	MMP3	9606.ENSP00000264832	9606.ENSP00000299855	0	0	0	0	0.060	0	0	0.571	0.579
ICAM1	PLG	9606.ENSP00000264832	9606.ENSP00000308938	0	0	0	0	0	0	0	0.584	0.584
ICAM1	PTK2	9606.ENSP00000264832	9606.ENSP00000341189	0	0	0	0	0.042	0	0	0.591	0.591
ICAM1	JAK1	9606.ENSP00000264832	9606.ENSP00000499900	0	0.013	0	0	0.055	0	0	0.597	0.603
ICAM1	IDO1	9606.ENSP00000264832	9606.ENSP00000430950	0	0	0	0	0.173	0	0	0.540	0.603
ICAM1	NOS2	9606.ENSP00000264832	9606.ENSP00000327251	0	0	0	0	0.074	0.166	0	0.533	0.608
ICAM1	PPARG	9606.ENSP00000264832	9606.ENSP00000287820	0	0	0	0	0.106	0	0	0.609	0.636
ICAM1	SRC	9606.ENSP00000264832	9606.ENSP00000362680	0	0	0	0	0.106	0	0	0.617	0.643
ICAM1	TLR9	9606.ENSP00000264832	9606.ENSP00000353874	0	0	0	0	0.069	0	0	0.700	0.708
ICAM1	NOS3	9606.ENSP00000264832	9606.ENSP00000297494	0	0	0	0	0.084	0	0	0.696	0.709
ICAM1	MMP1	9606.ENSP00000264832	9606.ENSP00000322788	0	0	0	0	0.084	0	0	0.707	0.720
ICAM1	TLR4	9606.ENSP00000264832	9606.ENSP00000363089	0	0	0	0	0.140	0	0	0.741	0.768
ICAM1	MMP9	9606.ENSP00000264832	9606.ENSP00000361405	0	0	0	0	0.094	0	0	0.779	0.791
ICAM1	STAT1	9606.ENSP00000264832	9606.ENSP00000354394	0	0	0	0	0.116	0	0.500	0.594	0.805
ICAM1	ITGB3	9606.ENSP00000264832	9606.ENSP00000452786	0	0	0	0	0.110	0	0	0.794	0.808
ICAM1	PTPRC	9606.ENSP00000264832	9606.ENSP00000411355	0	0	0	0	0.119	0	0	0.813	0.828
ICAM1	PTGS2	9606.ENSP00000264832	9606.ENSP00000356438	0	0	0	0	0.151	0	0	0.814	0.835
ICAM1	RELA	9606.ENSP00000264832	9606.ENSP00000384273	0	0	0	0	0.173	0.626	0	0.570	0.855
ICAM1	TNF	9606.ENSP00000264832	9606.ENSP00000398698	0	0	0	0	0.255	0	0	0.929	0.944
ICAM1	SELE	9606.ENSP00000264832	9606.ENSP00000331736	0	0	0	0	0.170	0	0	0.941	0.949
ICAM1	ITGB1	9606.ENSP00000264832	9606.ENSP00000379350	0	0	0	0	0.074	0	0	0.966	0.967
ICAM1	ITGA4	9606.ENSP00000264832	9606.ENSP00000380227	0	0	0	0	0.105	0	0	0.985	0.986
ICAM1	VCAM1	9606.ENSP00000264832	9606.ENSP00000294728	0	0	0	0	0.146	0	0	0.999	0.999
ICAM1	ITGAL	9606.ENSP00000264832	9606.ENSP00000349252	0	0	0	0	0.124	0.983	0.900	0.997	0.999
IDO1	NFKB1	9606.ENSP00000430950	9606.ENSP00000226574	0	0	0	0	0.091	0	0	0.639	0.658
IDO1	MMP7	9606.ENSP00000430950	9606.ENSP00000260227	0	0	0	0	0.081	0	0	0.421	0.445
IDO1	SLC6A4	9606.ENSP00000430950	9606.ENSP00000261707	0	0	0	0	0.099	0	0	0.376	0.414
IDO1	PPARG	9606.ENSP00000430950	9606.ENSP00000287820	0	0	0	0	0.102	0	0	0.371	0.411
IDO1	VCAM1	9606.ENSP00000430950	9606.ENSP00000294728	0	0	0	0	0.083	0	0	0.482	0.505
IDO1	MMP1	9606.ENSP00000430950	9606.ENSP00000322788	0	0	0	0	0.085	0	0	0.534	0.555
IDO1	NOS2	9606.ENSP00000430950	9606.ENSP00000327251	0	0	0	0	0.084	0	0	0.507	0.529
IDO1	MAOA	9606.ENSP00000430950	9606.ENSP00000340684	0	0	0	0	0	0	0.900	0.419	0.939
IDO1	TLR9	9606.ENSP00000430950	9606.ENSP00000353874	0	0	0	0	0	0	0	0.582	0.582
IDO1	STAT1	9606.ENSP00000430950	9606.ENSP00000354394	0	0	0	0	0.267	0	0	0.748	0.807
IDO1	MTOR	9606.ENSP00000430950	9606.ENSP00000354558	0	0	0	0	0	0	0	0.475	0.475
IDO1	PTGS2	9606.ENSP00000430950	9606.ENSP00000356438	0	0	0	0	0.081	0	0	0.605	0.621
IDO1	MMP9	9606.ENSP00000430950	9606.ENSP00000361405	0	0	0	0	0.103	0	0	0.474	0.508
IDO1	TLR4	9606.ENSP00000430950	9606.ENSP00000363089	0	0	0	0	0.091	0	0	0.607	0.627
IDO1	MAOB	9606.ENSP00000430950	9606.ENSP00000367309	0	0	0	0	0	0	0.900	0.395	0.936
IDO1	JAK2	9606.ENSP00000430950	9606.ENSP00000371067	0	0	0	0	0.154	0	0	0.434	0.500
IDO1	ITGB1	9606.ENSP00000430950	9606.ENSP00000379350	0	0	0	0	0.056	0	0	0.393	0.402
IDO1	TNF	9606.ENSP00000430950	9606.ENSP00000398698	0	0	0	0	0.122	0	0	0.736	0.758
IDO1	PTPRC	9606.ENSP00000430950	9606.ENSP00000411355	0	0	0	0	0.118	0.061	0	0.603	0.643
IDO1	JAK1	9606.ENSP00000430950	9606.ENSP00000499900	0	0	0	0	0.055	0	0	0.447	0.455
IDO1	PTPN11	9606.ENSP00000430950	9606.ENSP00000489597	0	0	0	0	0.067	0.095	0	0.586	0.619
IGF1R	SIRT1	9606.ENSP00000497069	9606.ENSP00000212015	0	0	0	0	0.049	0	0	0.565	0.569
IGF1R	MMP2	9606.ENSP00000497069	9606.ENSP00000219070	0	0	0	0	0.055	0	0	0.684	0.689
IGF1R	RPS6KB1	9606.ENSP00000497069	9606.ENSP00000225577	0	0	0	0.558	0.048	0.091	0	0.402	0.437
IGF1R	NFKB1	9606.ENSP00000497069	9606.ENSP00000226574	0	0	0	0	0	0.095	0	0.477	0.506
IGF1R	MAPK14	9606.ENSP00000497069	9606.ENSP00000229795	0	0	0	0	0.049	0.110	0	0.372	0.422
IGF1R	SMO	9606.ENSP00000497069	9606.ENSP00000249373	0	0	0	0	0.043	0.071	0	0.386	0.406
IGF1R	PDGFRA	9606.ENSP00000497069	9606.ENSP00000257290	0	0	0	0.584	0	0.074	0	0.524	0.540
IGF1R	MDM2	9606.ENSP00000497069	9606.ENSP00000258149	0	0	0	0	0.056	0.803	0.650	0.753	0.981
IGF1R	ITGAV	9606.ENSP00000497069	9606.ENSP00000261023	0	0	0	0	0.105	0.151	0.720	0.553	0.892
IGF1R	PDGFRB	9606.ENSP00000497069	9606.ENSP00000261799	0	0	0	0.582	0	0.074	0	0.600	0.613
IGF1R	MAP2K2	9606.ENSP00000497069	9606.ENSP00000262948	0	0	0	0.571	0	0.161	0	0.487	0.551
IGF1R	NOX4	9606.ENSP00000497069	9606.ENSP00000263317	0	0	0	0	0	0.063	0	0.476	0.488
IGF1R	KDR	9606.ENSP00000497069	9606.ENSP00000263923	0	0	0	0.574	0	0.074	0	0.537	0.552
IGF1R	PIK3CA	9606.ENSP00000497069	9606.ENSP00000263967	0	0	0	0	0.048	0.098	0.900	0.776	0.978
IGF1R	PPARG	9606.ENSP00000497069	9606.ENSP00000287820	0	0	0	0	0.070	0.071	0	0.625	0.648
IGF1R	VCAM1	9606.ENSP00000497069	9606.ENSP00000294728	0	0	0	0	0	0.102	0	0.552	0.581
IGF1R	MAP2K1	9606.ENSP00000497069	9606.ENSP00000302486	0	0	0	0.575	0	0.249	0	0.585	0.675
IGF1R	INSR	9606.ENSP00000497069	9606.ENSP00000303830	0	0	0.057	0.956	0.137	0.927	0.900	0.696	0.997
IGF1R	PRKACA	9606.ENSP00000497069	9606.ENSP00000309591	0	0	0	0.578	0.055	0.088	0.900	0.191	0.921
IGF1R	PRKDC	9606.ENSP00000497069	9606.ENSP00000313420	0	0	0	0	0.072	0.225	0	0.283	0.440
IGF1R	MET	9606.ENSP00000497069	9606.ENSP00000317272	0	0	0	0.581	0.042	0.192	0	0.560	0.629
IGF1R	PGR	9606.ENSP00000497069	9606.ENSP00000325120	0	0	0	0	0.049	0.071	0	0.812	0.820
IGF1R	PTK2	9606.ENSP00000497069	9606.ENSP00000341189	0	0	0	0.609	0.047	0.331	0.900	0.697	0.978
IGF1R	RET	9606.ENSP00000497069	9606.ENSP00000347942	0	0	0	0.606	0	0.169	0	0.538	0.599
IGF1R	STAT1	9606.ENSP00000497069	9606.ENSP00000354394	0	0	0	0	0	0.096	0	0.364	0.400
IGF1R	MTOR	9606.ENSP00000497069	9606.ENSP00000354558	0	0	0	0	0.049	0.211	0	0.843	0.872
IGF1R	PARP1	9606.ENSP00000497069	9606.ENSP00000355759	0	0	0	0	0	0	0	0.560	0.560
IGF1R	PTGS2	9606.ENSP00000497069	9606.ENSP00000356438	0	0	0	0	0.044	0	0	0.431	0.433
IGF1R	MCL1	9606.ENSP00000497069	9606.ENSP00000358022	0	0	0	0	0.049	0	0	0.488	0.492
IGF1R	XIAP	9606.ENSP00000497069	9606.ENSP00000360242	0	0	0	0	0.049	0.092	0	0.461	0.494
IGF1R	PTPN1	9606.ENSP00000497069	9606.ENSP00000360683	0	0	0	0	0.055	0.969	0	0.786	0.993
IGF1R	MMP9	9606.ENSP00000497069	9606.ENSP00000361405	0	0	0	0	0.043	0	0	0.687	0.688
IGF1R	SRC	9606.ENSP00000497069	9606.ENSP00000362680	0	0	0	0.704	0.048	0.294	0.900	0.959	0.996
IGF1R	PIK3CD	9606.ENSP00000497069	9606.ENSP00000366563	0	0	0	0	0.044	0.167	0.900	0.447	0.950
IGF1R	JAK2	9606.ENSP00000497069	9606.ENSP00000371067	0	0	0	0.568	0	0.295	0.900	0.758	0.981
IGF1R	TNK2	9606.ENSP00000497069	9606.ENSP00000371341	0	0	0	0.575	0	0.053	0	0.396	0.403
IGF1R	MAPK8	9606.ENSP00000497069	9606.ENSP00000378974	0	0	0	0	0.049	0.088	0	0.412	0.446
IGF1R	ITGB1	9606.ENSP00000497069	9606.ENSP00000379350	0	0	0	0	0.078	0.368	0	0.741	0.836
IGF1R	ITGA4	9606.ENSP00000497069	9606.ENSP00000380227	0	0	0	0	0.061	0.058	0	0.473	0.493
IGF1R	RELA	9606.ENSP00000497069	9606.ENSP00000384273	0	0	0	0	0.044	0.306	0	0.278	0.480
IGF1R	PTPN6	9606.ENSP00000497069	9606.ENSP00000391592	0	0	0	0	0.086	0.333	0	0.143	0.432
IGF1R	TNF	9606.ENSP00000497069	9606.ENSP00000398698	0	0	0	0	0	0.057	0	0.623	0.630
IGF1R	PTPRC	9606.ENSP00000497069	9606.ENSP00000411355	0	0	0	0	0	0.097	0	0.546	0.572
IGF1R	PIK3CG	9606.ENSP00000497069	9606.ENSP00000419260	0	0	0	0	0	0.098	0	0.513	0.542
IGF1R	PIK3R1	9606.ENSP00000497069	9606.ENSP00000428056	0	0	0	0	0.042	0.803	0.900	0.735	0.994
IGF1R	NTRK1	9606.ENSP00000497069	9606.ENSP00000431418	0	0	0	0.683	0	0.060	0	0.494	0.504
IGF1R	TYK2	9606.ENSP00000497069	9606.ENSP00000431885	0	0	0	0.564	0	0.046	0	0.446	0.448
IGF1R	ITGB3	9606.ENSP00000497069	9606.ENSP00000452786	0	0	0	0	0.068	0.052	0.900	0.326	0.932
IGF1R	PTPN11	9606.ENSP00000497069	9606.ENSP00000489597	0	0	0	0	0.064	0.697	0	0.791	0.935
IGF1R	JAK1	9606.ENSP00000497069	9606.ENSP00000499900	0	0	0	0.566	0.074	0.295	0.900	0.518	0.964
IGF1R	PIK3CB	9606.ENSP00000497069	9606.ENSP00000501150	0	0	0	0	0.074	0.098	0.900	0.695	0.971
IKBKB	SIRT1	9606.ENSP00000430684	9606.ENSP00000212015	0	0	0	0	0.049	0	0	0.453	0.458
IKBKB	RIPK2	9606.ENSP00000430684	9606.ENSP00000220751	0	0	0	0	0.045	0	0.900	0.445	0.942
IKBKB	NFKB1	9606.ENSP00000430684	9606.ENSP00000226574	0	0	0	0	0.125	0.885	0.900	0.979	0.999
IKBKB	MAPK14	9606.ENSP00000430684	9606.ENSP00000229795	0	0	0	0.644	0.137	0.462	0	0.398	0.696
IKBKB	MDM2	9606.ENSP00000430684	9606.ENSP00000258149	0	0	0	0	0.073	0.050	0	0.406	0.432
IKBKB	TUBB2B	9606.ENSP00000430684	9606.ENSP00000259818	0	0	0	0	0	0.402	0	0.049	0.407
IKBKB	MAP3K8	9606.ENSP00000430684	9606.ENSP00000263056	0	0	0	0.568	0.049	0.052	0.900	0.556	0.954
IKBKB	PRKCQ	9606.ENSP00000430684	9606.ENSP00000263125	0	0	0	0.569	0	0.747	0.900	0.333	0.981
IKBKB	ZAP70	9606.ENSP00000430684	9606.ENSP00000264972	0	0	0	0.563	0.074	0	0	0.426	0.446
IKBKB	PPARG	9606.ENSP00000430684	9606.ENSP00000287820	0	0	0	0	0.083	0.071	0	0.511	0.547
IKBKB	VCAM1	9606.ENSP00000430684	9606.ENSP00000294728	0	0	0	0	0	0.102	0	0.678	0.699
IKBKB	PRKCE	9606.ENSP00000430684	9606.ENSP00000306124	0	0	0	0.563	0.049	0.325	0	0.196	0.439
IKBKB	PRKDC	9606.ENSP00000430684	9606.ENSP00000313420	0	0	0	0	0.087	0.315	0	0.208	0.462
IKBKB	MET	9606.ENSP00000430684	9606.ENSP00000317272	0	0	0	0.557	0.057	0.071	0	0.433	0.459
IKBKB	TBK1	9606.ENSP00000430684	9606.ENSP00000329967	0	0	0	0.596	0.093	0.345	0	0.911	0.943
IKBKB	PRKCD	9606.ENSP00000430684	9606.ENSP00000331602	0	0	0	0.571	0.082	0.325	0	0.165	0.438
IKBKB	MAPK11	9606.ENSP00000430684	9606.ENSP00000333685	0	0	0	0.620	0.066	0.110	0	0.357	0.419
IKBKB	PDPK1	9606.ENSP00000430684	9606.ENSP00000344220	0	0	0	0.587	0.141	0.104	0.900	0.131	0.924
IKBKB	TLR9	9606.ENSP00000430684	9606.ENSP00000353874	0	0	0	0	0.045	0.100	0	0.481	0.515
IKBKB	STAT1	9606.ENSP00000430684	9606.ENSP00000354394	0	0	0	0	0.076	0.096	0	0.520	0.564
IKBKB	MTOR	9606.ENSP00000430684	9606.ENSP00000354558	0	0	0	0	0.060	0.526	0	0.523	0.769
IKBKB	PARP1	9606.ENSP00000430684	9606.ENSP00000355759	0	0	0	0	0.056	0.380	0	0.454	0.653
IKBKB	PTGS2	9606.ENSP00000430684	9606.ENSP00000356438	0	0	0	0	0.098	0	0	0.591	0.615
IKBKB	MCL1	9606.ENSP00000430684	9606.ENSP00000358022	0	0	0	0	0.094	0	0	0.403	0.436
IKBKB	XIAP	9606.ENSP00000430684	9606.ENSP00000360242	0	0	0	0	0.095	0.092	0.500	0.697	0.858
IKBKB	PTPN1	9606.ENSP00000430684	9606.ENSP00000360683	0	0	0	0	0.105	0.097	0	0.379	0.455
IKBKB	MMP9	9606.ENSP00000430684	9606.ENSP00000361405	0	0	0	0	0.105	0	0	0.522	0.554
IKBKB	SRC	9606.ENSP00000430684	9606.ENSP00000362680	0	0	0	0.565	0.055	0.735	0	0.700	0.918
IKBKB	TLR4	9606.ENSP00000430684	9606.ENSP00000363089	0	0	0	0	0.092	0.100	0.500	0.791	0.903
IKBKB	MAPK8	9606.ENSP00000430684	9606.ENSP00000378974	0	0	0	0.581	0.073	0.088	0	0.570	0.605
IKBKB	RELA	9606.ENSP00000430684	9606.ENSP00000384273	0	0	0	0	0.067	0.877	0.900	0.957	0.999
IKBKB	PPARA	9606.ENSP00000430684	9606.ENSP00000385523	0	0	0	0	0.067	0.071	0	0.372	0.409
IKBKB	MAPK9	9606.ENSP00000430684	9606.ENSP00000394560	0	0	0	0.582	0.069	0.088	0	0.507	0.545
IKBKB	TNF	9606.ENSP00000430684	9606.ENSP00000398698	0	0	0	0	0.089	0.994	0.500	0.934	0.999
IKBKB	PTPRC	9606.ENSP00000430684	9606.ENSP00000411355	0	0	0	0	0.111	0.097	0	0.367	0.448
IKBKB	PIK3CG	9606.ENSP00000430684	9606.ENSP00000419260	0	0	0	0	0.049	0.069	0	0.476	0.495
IKBKB	LYN	9606.ENSP00000430684	9606.ENSP00000428924	0	0	0	0.565	0.062	0	0	0.454	0.466
IKBKB	JAK1	9606.ENSP00000430684	9606.ENSP00000499900	0	0	0	0.558	0.122	0	0	0.475	0.519
IKBKB	TYK2	9606.ENSP00000430684	9606.ENSP00000431885	0	0	0	0.565	0.479	0	0	0.164	0.545
IKBKB	PTPN11	9606.ENSP00000430684	9606.ENSP00000489597	0	0	0	0	0.075	0.097	0	0.601	0.638
IKBKB	PRKCB	9606.ENSP00000430684	9606.ENSP00000496129	0	0	0	0.568	0.099	0.599	0	0.183	0.680
IKBKB	TGFBR1	9606.ENSP00000430684	9606.ENSP00000447297	0	0	0	0.562	0.114	0	0	0.680	0.704
IKBKB	IRAK4	9606.ENSP00000430684	9606.ENSP00000479889	0	0	0.132	0.582	0.067	0	0.900	0.294	0.935
IMPDH2	TYMS	9606.ENSP00000321584	9606.ENSP00000315644	0	0	0	0	0.087	0	0	0.550	0.572
IMPDH2	PARP1	9606.ENSP00000321584	9606.ENSP00000355759	0	0	0	0	0.173	0.190	0	0.190	0.410
IMPDH2	TOP2A	9606.ENSP00000321584	9606.ENSP00000411532	0.056	0	0	0	0.161	0.191	0	0.219	0.433
IMPDH2	PNP	9606.ENSP00000321584	9606.ENSP00000354532	0.075	0	0	0	0.090	0	0.309	0.625	0.753
INSR	SIRT1	9606.ENSP00000303830	9606.ENSP00000212015	0	0	0	0	0.042	0	0	0.467	0.468
INSR	MAPK1	9606.ENSP00000303830	9606.ENSP00000215832	0	0	0	0.574	0	0.342	0	0.492	0.652
INSR	NR3C1	9606.ENSP00000303830	9606.ENSP00000231509	0	0	0	0	0.042	0.071	0	0.552	0.567
INSR	LIPE	9606.ENSP00000303830	9606.ENSP00000244289	0	0	0	0	0	0	0	0.410	0.410
INSR	LGALS3	9606.ENSP00000303830	9606.ENSP00000254301	0	0	0	0	0	0	0	0.419	0.418
INSR	MDM2	9606.ENSP00000303830	9606.ENSP00000258149	0	0	0	0	0.060	0.050	0	0.507	0.521
INSR	PRKCG	9606.ENSP00000303830	9606.ENSP00000263431	0	0	0	0.557	0	0.050	0	0.405	0.410
INSR	PIK3CA	9606.ENSP00000303830	9606.ENSP00000263967	0	0	0	0	0	0.098	0.900	0.462	0.947
INSR	SRD5A1	9606.ENSP00000303830	9606.ENSP00000274192	0	0	0	0	0	0.051	0	0.410	0.417
INSR	PPARG	9606.ENSP00000303830	9606.ENSP00000287820	0	0	0	0	0.071	0.071	0	0.525	0.555
INSR	PIK3CG	9606.ENSP00000303830	9606.ENSP00000419260	0	0	0	0	0	0.098	0	0.372	0.409
INSR	PDPK1	9606.ENSP00000303830	9606.ENSP00000344220	0	0	0	0.561	0.042	0.104	0	0.369	0.411
INSR	PARP1	9606.ENSP00000303830	9606.ENSP00000355759	0	0	0	0	0	0	0	0.425	0.425
INSR	LCK	9606.ENSP00000303830	9606.ENSP00000477713	0	0	0	0.733	0.048	0.045	0.400	0.089	0.436
INSR	PRKAA1	9606.ENSP00000303830	9606.ENSP00000346148	0	0	0	0.565	0.060	0.331	0	0.208	0.459
INSR	PTPN2	9606.ENSP00000303830	9606.ENSP00000311857	0	0	0	0	0.055	0.358	0	0.195	0.469
INSR	PPARA	9606.ENSP00000303830	9606.ENSP00000385523	0	0	0	0	0.156	0.071	0	0.442	0.524
INSR	MTOR	9606.ENSP00000303830	9606.ENSP00000354558	0	0	0	0	0	0.073	0	0.516	0.532
INSR	PRKCD	9606.ENSP00000303830	9606.ENSP00000331602	0	0	0	0.558	0.042	0.533	0	0.076	0.551
INSR	NR1H4	9606.ENSP00000303830	9606.ENSP00000447149	0	0	0	0	0	0.071	0	0.548	0.562
INSR	PTPN6	9606.ENSP00000303830	9606.ENSP00000391592	0	0	0	0	0.086	0.538	0	0.107	0.590
INSR	SRC	9606.ENSP00000303830	9606.ENSP00000362680	0	0	0	0.701	0.048	0.091	0.400	0.499	0.705
INSR	JAK2	9606.ENSP00000303830	9606.ENSP00000371067	0	0	0	0.569	0	0.518	0	0.597	0.797
INSR	PRKCB	9606.ENSP00000303830	9606.ENSP00000496129	0	0	0	0.556	0	0.050	0.900	0.143	0.911
INSR	PIK3CD	9606.ENSP00000303830	9606.ENSP00000366563	0	0	0	0	0	0.098	0.900	0.260	0.927
INSR	PRKCE	9606.ENSP00000303830	9606.ENSP00000306124	0	0	0	0.551	0	0.087	0.900	0.309	0.931
INSR	PIK3CB	9606.ENSP00000303830	9606.ENSP00000501150	0	0	0	0	0.042	0.098	0.900	0.432	0.944
INSR	PTPN11	9606.ENSP00000303830	9606.ENSP00000489597	0	0	0	0	0.064	0.757	0.900	0.238	0.980
INSR	PIK3R1	9606.ENSP00000303830	9606.ENSP00000428056	0	0	0	0	0.049	0.854	0.650	0.794	0.988
INSR	PTPN1	9606.ENSP00000303830	9606.ENSP00000360683	0	0	0	0	0.055	0.991	0.900	0.760	0.999
IRAK4	RIPK2	9606.ENSP00000479889	9606.ENSP00000220751	0	0	0.127	0.599	0.111	0	0	0.553	0.623
IRAK4	NFKB1	9606.ENSP00000479889	9606.ENSP00000226574	0	0	0	0	0.142	0.095	0	0.767	0.804
IRAK4	MAPK14	9606.ENSP00000479889	9606.ENSP00000229795	0	0	0.159	0.588	0.074	0.113	0	0.279	0.436
IRAK4	ZAP70	9606.ENSP00000479889	9606.ENSP00000264972	0	0	0.127	0.574	0.068	0	0	0.436	0.502
IRAK4	TLR9	9606.ENSP00000479889	9606.ENSP00000353874	0	0	0	0	0	0.100	0.500	0.882	0.942
IRAK4	STAT1	9606.ENSP00000479889	9606.ENSP00000354394	0	0	0	0	0.105	0.096	0	0.448	0.515
IRAK4	MAPKAPK2	9606.ENSP00000479889	9606.ENSP00000356070	0	0	0.295	0	0.047	0.047	0	0.227	0.439
IRAK4	TLR4	9606.ENSP00000479889	9606.ENSP00000363089	0	0	0	0	0.107	0.540	0.900	0.991	0.999
IRAK4	SYK	9606.ENSP00000479889	9606.ENSP00000364898	0	0	0.134	0.575	0.102	0	0	0.481	0.561
IRAK4	RELA	9606.ENSP00000479889	9606.ENSP00000384273	0	0	0	0	0.114	0.098	0	0.399	0.478
IRAK4	TNF	9606.ENSP00000479889	9606.ENSP00000398698	0	0	0	0	0.103	0.057	0	0.756	0.775
ITGA2B	MAPK1	9606.ENSP00000262407	9606.ENSP00000215832	0	0	0	0	0.068	0	0.500	0.119	0.553
ITGA2B	TUBB1	9606.ENSP00000262407	9606.ENSP00000217133	0	0	0	0	0.539	0	0	0.384	0.704
ITGA2B	PLAT	9606.ENSP00000262407	9606.ENSP00000220809	0	0	0	0	0.060	0	0	0.594	0.602
ITGA2B	SERPINE1	9606.ENSP00000262407	9606.ENSP00000223095	0	0	0	0	0.056	0	0	0.429	0.438
ITGA2B	MPO	9606.ENSP00000262407	9606.ENSP00000225275	0	0	0	0	0.109	0	0	0.570	0.600
ITGA2B	ITGAV	9606.ENSP00000262407	9606.ENSP00000261023	0	0	0	0.861	0	0	0.900	0.508	0.948
ITGA2B	MME	9606.ENSP00000262407	9606.ENSP00000418525	0	0	0	0	0	0	0	0.418	0.418
ITGA2B	PDPK1	9606.ENSP00000262407	9606.ENSP00000344220	0	0	0	0	0	0	0.400	0.073	0.420
ITGA2B	JAK2	9606.ENSP00000262407	9606.ENSP00000371067	0	0	0	0	0.103	0.058	0	0.372	0.423
ITGA2B	TLR4	9606.ENSP00000262407	9606.ENSP00000363089	0	0	0	0	0.087	0.050	0	0.407	0.441
ITGA2B	PIK3CB	9606.ENSP00000262407	9606.ENSP00000501150	0	0	0	0	0.056	0	0	0.433	0.442
ITGA2B	TNF	9606.ENSP00000262407	9606.ENSP00000398698	0	0	0	0	0.094	0	0	0.435	0.466
ITGA2B	PTPN1	9606.ENSP00000262407	9606.ENSP00000360683	0	0	0	0	0.052	0.074	0.400	0.122	0.475
ITGA2B	KAT2B	9606.ENSP00000262407	9606.ENSP00000263754	0	0	0	0	0	0	0.500	0	0.499
ITGA2B	VCAM1	9606.ENSP00000262407	9606.ENSP00000294728	0	0	0	0	0.055	0.071	0	0.480	0.504
ITGA2B	LYN	9606.ENSP00000262407	9606.ENSP00000428924	0	0	0	0	0.064	0.071	0.360	0.216	0.506
ITGA2B	SELE	9606.ENSP00000262407	9606.ENSP00000331736	0	0	0	0	0	0	0	0.526	0.526
ITGA2B	KDR	9606.ENSP00000262407	9606.ENSP00000263923	0	0	0	0	0.067	0	0	0.517	0.530
ITGA2B	MAP2K2	9606.ENSP00000262407	9606.ENSP00000262948	0	0	0	0	0.072	0.063	0.500	0.052	0.533
ITGA2B	RAF1	9606.ENSP00000262407	9606.ENSP00000401888	0	0	0	0	0.085	0.065	0.500	0.071	0.549
ITGA2B	MAP2K1	9606.ENSP00000262407	9606.ENSP00000302486	0	0	0	0	0.053	0.063	0.500	0.135	0.564
ITGA2B	PTGS1	9606.ENSP00000262407	9606.ENSP00000354612	0	0	0	0	0.229	0	0	0.474	0.577
ITGA2B	ITGA4	9606.ENSP00000262407	9606.ENSP00000380227	0	0	0	0.639	0	0	0.540	0.163	0.598
ITGA2B	LCK	9606.ENSP00000262407	9606.ENSP00000477713	0	0	0	0	0.062	0.071	0	0.581	0.603
ITGA2B	ITGAL	9606.ENSP00000262407	9606.ENSP00000349252	0	0	0	0.571	0.078	0	0.540	0.202	0.632
ITGA2B	PLG	9606.ENSP00000262407	9606.ENSP00000308938	0	0	0	0	0	0	0	0.662	0.662
ITGA2B	P2RY1	9606.ENSP00000262407	9606.ENSP00000304767	0	0	0	0	0.049	0	0	0.670	0.672
ITGA2B	SYK	9606.ENSP00000262407	9606.ENSP00000364898	0	0	0	0	0.059	0.058	0.500	0.413	0.705
ITGA2B	PTPRC	9606.ENSP00000262407	9606.ENSP00000411355	0	0	0	0	0.059	0.074	0	0.720	0.734
ITGA2B	ITGB5	9606.ENSP00000262407	9606.ENSP00000296181	0	0	0	0	0.121	0.135	0.540	0.348	0.741
ITGA2B	P2RY12	9606.ENSP00000262407	9606.ENSP00000307259	0	0	0	0	0.058	0	0	0.774	0.778
ITGA2B	MPL	9606.ENSP00000262407	9606.ENSP00000361548	0	0	0	0	0.613	0	0	0.704	0.880
ITGA2B	PTK2	9606.ENSP00000262407	9606.ENSP00000341189	0	0	0	0	0.083	0	0.900	0.210	0.921
ITGA2B	SRC	9606.ENSP00000262407	9606.ENSP00000362680	0	0	0	0	0.131	0.071	0.900	0.555	0.959
ITGA2B	ITGB1	9606.ENSP00000262407	9606.ENSP00000379350	0	0	0	0	0.086	0.135	0.800	0.787	0.961
ITGA2B	ITGB3	9606.ENSP00000262407	9606.ENSP00000452786	0	0	0	0	0.618	0.991	0.900	0.999	0.999
ITGA4	NFKB1	9606.ENSP00000380227	9606.ENSP00000226574	0	0	0	0	0.129	0.071	0	0.516	0.574
ITGA4	ITGAV	9606.ENSP00000380227	9606.ENSP00000261023	0	0	0.097	0.664	0.044	0.226	0.900	0.496	0.960
ITGA4	ZAP70	9606.ENSP00000380227	9606.ENSP00000264972	0	0	0	0	0.163	0.058	0	0.508	0.579
ITGA4	VCAM1	9606.ENSP00000380227	9606.ENSP00000294728	0	0	0	0	0.098	0.102	0.900	0.997	0.999
ITGA4	ITGB5	9606.ENSP00000380227	9606.ENSP00000296181	0	0	0	0	0.065	0.135	0.900	0.643	0.967
ITGA4	SELE	9606.ENSP00000380227	9606.ENSP00000331736	0	0	0	0	0.070	0	0	0.717	0.725
ITGA4	PTK2	9606.ENSP00000380227	9606.ENSP00000341189	0	0	0	0	0.055	0.292	0.900	0.286	0.945
ITGA4	ITGAL	9606.ENSP00000380227	9606.ENSP00000349252	0	0	0	0.601	0.215	0	0.900	0.575	0.963
ITGA4	MMP9	9606.ENSP00000380227	9606.ENSP00000361405	0	0	0	0	0.055	0	0	0.420	0.428
ITGA4	SRC	9606.ENSP00000380227	9606.ENSP00000362680	0	0	0	0	0.068	0.070	0.900	0.536	0.954
ITGA4	TLR4	9606.ENSP00000380227	9606.ENSP00000363089	0	0	0	0	0.134	0.050	0	0.375	0.441
ITGA4	ITGB1	9606.ENSP00000380227	9606.ENSP00000379350	0	0	0	0	0.084	0.749	0.900	0.998	0.999
ITGA4	MME	9606.ENSP00000380227	9606.ENSP00000418525	0	0	0	0	0.043	0	0	0.400	0.401
ITGA4	LCK	9606.ENSP00000380227	9606.ENSP00000477713	0	0	0	0	0.153	0.070	0	0.309	0.408
ITGA4	NTRK1	9606.ENSP00000380227	9606.ENSP00000431418	0	0	0	0	0	0.058	0	0.414	0.424
ITGA4	LYN	9606.ENSP00000380227	9606.ENSP00000428924	0	0	0	0	0.085	0.313	0.360	0.243	0.655
ITGA4	TNF	9606.ENSP00000380227	9606.ENSP00000398698	0	0	0	0	0.106	0	0	0.736	0.754
ITGA4	PTPRC	9606.ENSP00000380227	9606.ENSP00000411355	0	0	0	0	0.304	0.074	0	0.665	0.765
ITGA4	ITGB3	9606.ENSP00000380227	9606.ENSP00000452786	0	0	0	0	0.104	0.301	0.900	0.851	0.989
ITGAL	MIF	9606.ENSP00000349252	9606.ENSP00000215754	0	0	0	0	0.042	0	0	0.450	0.450
ITGAL	MPO	9606.ENSP00000349252	9606.ENSP00000225275	0	0	0	0	0.084	0	0	0.417	0.443
ITGAL	ITGAV	9606.ENSP00000349252	9606.ENSP00000261023	0	0	0	0.564	0.046	0	0.900	0.218	0.918
ITGAL	ZAP70	9606.ENSP00000349252	9606.ENSP00000264972	0	0	0	0	0.314	0.074	0	0.571	0.703
ITGAL	VCAM1	9606.ENSP00000349252	9606.ENSP00000294728	0	0	0	0	0.093	0.071	0	0.992	0.992
ITGAL	ITGB5	9606.ENSP00000349252	9606.ENSP00000296181	0	0	0	0	0.062	0.114	0.900	0.323	0.936
ITGAL	SELE	9606.ENSP00000349252	9606.ENSP00000331736	0	0	0	0	0.054	0	0	0.856	0.858
ITGAL	PTK2	9606.ENSP00000349252	9606.ENSP00000341189	0	0	0	0	0.042	0	0.650	0.130	0.683
ITGAL	SYK	9606.ENSP00000349252	9606.ENSP00000364898	0	0	0	0	0.167	0.058	0	0.319	0.419
ITGAL	TLR4	9606.ENSP00000349252	9606.ENSP00000363089	0	0	0	0	0.079	0.050	0	0.393	0.423
ITGAL	ITK	9606.ENSP00000349252	9606.ENSP00000398655	0	0	0	0	0.301	0.058	0	0.217	0.439
ITGAL	PAK4	9606.ENSP00000349252	9606.ENSP00000469413	0	0	0	0	0.042	0	0	0.451	0.452
ITGAL	LYN	9606.ENSP00000349252	9606.ENSP00000428924	0	0	0	0	0.127	0.058	0.360	0.235	0.543
ITGAL	LCK	9606.ENSP00000349252	9606.ENSP00000477713	0	0	0	0	0.268	0.058	0	0.604	0.703
ITGAL	TNF	9606.ENSP00000349252	9606.ENSP00000398698	0	0	0.204	0	0.153	0	0	0.605	0.710
ITGAL	SRC	9606.ENSP00000349252	9606.ENSP00000362680	0	0	0	0	0.088	0.058	0.650	0.265	0.749
ITGAL	PTPRC	9606.ENSP00000349252	9606.ENSP00000411355	0	0	0	0	0.553	0.316	0	0.793	0.931
ITGAL	ITGB3	9606.ENSP00000349252	9606.ENSP00000452786	0	0	0	0	0.091	0.114	0.900	0.503	0.954
ITGAL	ITGB1	9606.ENSP00000349252	9606.ENSP00000379350	0	0	0	0	0.068	0.114	0.900	0.840	0.985
ITGAV	MAPK1	9606.ENSP00000261023	9606.ENSP00000215832	0	0	0	0	0.113	0.292	0	0.489	0.651
ITGAV	MMP2	9606.ENSP00000261023	9606.ENSP00000219070	0	0	0	0	0.094	0.510	0	0.660	0.835
ITGAV	SERPINE1	9606.ENSP00000261023	9606.ENSP00000223095	0	0	0	0	0.125	0	0	0.354	0.411
ITGAV	NFKB1	9606.ENSP00000261023	9606.ENSP00000226574	0	0	0	0	0.049	0.071	0	0.416	0.438
ITGAV	PDGFRA	9606.ENSP00000261023	9606.ENSP00000257290	0	0	0	0	0.083	0	0	0.510	0.532
ITGAV	TGFBR1	9606.ENSP00000261023	9606.ENSP00000447297	0	0	0	0	0.118	0.066	0	0.330	0.400
ITGAV	MAOA	9606.ENSP00000261023	9606.ENSP00000340684	0	0	0	0	0.076	0	0	0.379	0.402
ITGAV	PIK3R1	9606.ENSP00000261023	9606.ENSP00000428056	0	0	0	0	0.108	0	0	0.373	0.417
ITGAV	TNF	9606.ENSP00000261023	9606.ENSP00000398698	0	0	0	0	0.063	0	0	0.413	0.426
ITGAV	PDGFRB	9606.ENSP00000261023	9606.ENSP00000261799	0	0	0	0	0.085	0	0	0.405	0.432
ITGAV	STAT1	9606.ENSP00000261023	9606.ENSP00000354394	0	0	0	0	0.066	0.292	0	0.212	0.433
ITGAV	PTPN1	9606.ENSP00000261023	9606.ENSP00000360683	0	0	0	0	0.059	0.074	0	0.413	0.444
ITGAV	MET	9606.ENSP00000261023	9606.ENSP00000317272	0	0	0	0	0.095	0.314	0	0.228	0.479
ITGAV	MMP9	9606.ENSP00000261023	9606.ENSP00000361405	0	0	0	0	0.075	0	0	0.475	0.494
ITGAV	LYN	9606.ENSP00000261023	9606.ENSP00000428924	0	0	0	0	0.069	0.095	0.360	0.178	0.498
ITGAV	PTPRC	9606.ENSP00000261023	9606.ENSP00000411355	0	0	0	0	0.062	0.074	0	0.544	0.569
ITGAV	SELE	9606.ENSP00000261023	9606.ENSP00000331736	0	0	0	0	0.044	0	0	0.595	0.596
ITGAV	ROCK1	9606.ENSP00000261023	9606.ENSP00000382697	0	0	0	0	0.080	0.058	0.500	0.224	0.619
ITGAV	ROCK2	9606.ENSP00000261023	9606.ENSP00000317985	0	0	0	0	0.127	0.058	0.500	0.233	0.642
ITGAV	KDR	9606.ENSP00000261023	9606.ENSP00000263923	0	0	0	0	0.085	0	0.500	0.408	0.705
ITGAV	VCAM1	9606.ENSP00000261023	9606.ENSP00000294728	0	0	0	0	0.094	0.071	0	0.690	0.716
ITGAV	SRC	9606.ENSP00000261023	9606.ENSP00000362680	0	0	0	0	0.059	0.071	0.900	0.456	0.946
ITGAV	PTK2	9606.ENSP00000261023	9606.ENSP00000341189	0	0	0	0	0.084	0.701	0.900	0.484	0.984
ITGAV	ITGB3	9606.ENSP00000261023	9606.ENSP00000452786	0	0	0	0	0.062	0.989	0.900	0.999	0.999
ITGAV	ITGB1	9606.ENSP00000261023	9606.ENSP00000379350	0	0	0	0	0.197	0.742	0.900	0.994	0.999
ITGAV	ITGB5	9606.ENSP00000261023	9606.ENSP00000296181	0	0	0	0	0.137	0.558	0.900	0.989	0.999
ITGB1	MMP2	9606.ENSP00000379350	9606.ENSP00000219070	0	0	0	0	0.115	0.297	0	0.637	0.755
ITGB1	SERPINE1	9606.ENSP00000379350	9606.ENSP00000223095	0	0	0	0	0.176	0	0	0.335	0.429
ITGB1	NFKB1	9606.ENSP00000379350	9606.ENSP00000226574	0	0	0	0	0.056	0	0	0.541	0.549
ITGB1	NR3C1	9606.ENSP00000379350	9606.ENSP00000231509	0	0	0	0	0.052	0.070	0	0.399	0.424
ITGB1	LGALS3	9606.ENSP00000379350	9606.ENSP00000254301	0	0	0	0	0.084	0.292	0	0.902	0.931
ITGB1	PDGFRA	9606.ENSP00000379350	9606.ENSP00000257290	0	0	0	0	0.063	0.063	0	0.539	0.560
ITGB1	PDGFRB	9606.ENSP00000379350	9606.ENSP00000261799	0	0	0	0	0.058	0.063	0	0.724	0.735
ITGB1	KCNH2	9606.ENSP00000379350	9606.ENSP00000262186	0	0	0	0	0	0	0	0.421	0.420
ITGB1	PRKCG	9606.ENSP00000379350	9606.ENSP00000263431	0	0	0	0	0.055	0.045	0.650	0.145	0.693
ITGB1	KDR	9606.ENSP00000379350	9606.ENSP00000263923	0	0	0	0	0.055	0.521	0	0.765	0.884
ITGB1	PIK3CA	9606.ENSP00000379350	9606.ENSP00000263967	0	0	0	0	0.124	0	0.900	0.509	0.953
ITGB1	PPARG	9606.ENSP00000379350	9606.ENSP00000287820	0	0	0	0	0.076	0.070	0	0.452	0.488
ITGB1	VCAM1	9606.ENSP00000379350	9606.ENSP00000294728	0	0	0	0	0.062	0.316	0.900	0.996	0.999
ITGB1	ITGB5	9606.ENSP00000379350	9606.ENSP00000296181	0	0	0.082	0.905	0.103	0	0.900	0.581	0.960
ITGB1	MMP3	9606.ENSP00000379350	9606.ENSP00000299855	0	0	0	0	0.106	0.049	0	0.395	0.441
ITGB1	PRKACA	9606.ENSP00000379350	9606.ENSP00000309591	0	0	0	0	0.042	0	0.900	0.182	0.914
ITGB1	MET	9606.ENSP00000379350	9606.ENSP00000317272	0	0	0	0	0.135	0.275	0.500	0.489	0.818
ITGB1	ROCK2	9606.ENSP00000379350	9606.ENSP00000317985	0	0	0	0	0.085	0.052	0	0.524	0.552
ITGB1	MMP1	9606.ENSP00000379350	9606.ENSP00000322788	0	0	0	0	0.099	0.049	0	0.356	0.400
ITGB1	SELE	9606.ENSP00000379350	9606.ENSP00000331736	0	0	0	0	0.089	0	0	0.678	0.694
ITGB1	PTK2	9606.ENSP00000379350	9606.ENSP00000341189	0	0	0	0	0.130	0.644	0.900	0.928	0.997
ITGB1	STAT1	9606.ENSP00000379350	9606.ENSP00000354394	0	0	0	0	0.078	0	0.500	0.276	0.637
ITGB1	PTPN1	9606.ENSP00000379350	9606.ENSP00000360683	0	0	0	0	0.062	0.363	0	0.169	0.461
ITGB1	MMP9	9606.ENSP00000379350	9606.ENSP00000361405	0	0	0	0	0.067	0	0	0.665	0.674
ITGB1	PLAU	9606.ENSP00000379350	9606.ENSP00000361850	0	0	0	0	0.140	0	0	0.349	0.416
ITGB1	SRC	9606.ENSP00000379350	9606.ENSP00000362680	0	0	0	0	0.074	0.052	0.900	0.868	0.986
ITGB1	TLR4	9606.ENSP00000379350	9606.ENSP00000363089	0	0	0	0	0.124	0.057	0	0.584	0.627
ITGB1	SYK	9606.ENSP00000379350	9606.ENSP00000364898	0	0	0	0	0.086	0.052	0	0.537	0.564
ITGB1	PIK3CD	9606.ENSP00000379350	9606.ENSP00000366563	0	0	0	0	0.109	0	0.900	0.129	0.915
ITGB1	TUBA1A	9606.ENSP00000379350	9606.ENSP00000439020	0	0	0	0	0.062	0.322	0	0.141	0.407
ITGB1	PTPN11	9606.ENSP00000379350	9606.ENSP00000489597	0	0	0	0	0.179	0.091	0	0.299	0.431
ITGB1	TGFBR1	9606.ENSP00000379350	9606.ENSP00000447297	0	0	0	0	0.049	0.071	0	0.412	0.435
ITGB1	LCK	9606.ENSP00000379350	9606.ENSP00000477713	0	0	0	0	0.055	0.091	0	0.450	0.486
ITGB1	PAK4	9606.ENSP00000379350	9606.ENSP00000469413	0	0	0	0	0.053	0.303	0.400	0.112	0.601
ITGB1	MME	9606.ENSP00000379350	9606.ENSP00000418525	0	0	0	0	0	0	0	0.682	0.682
ITGB1	PIK3CG	9606.ENSP00000379350	9606.ENSP00000419260	0	0	0	0	0.090	0	0	0.674	0.690
ITGB1	TNF	9606.ENSP00000379350	9606.ENSP00000398698	0	0	0	0	0.067	0	0	0.710	0.718
ITGB1	PRKCB	9606.ENSP00000379350	9606.ENSP00000496129	0	0	0	0	0.055	0.045	0.650	0.219	0.720
ITGB1	LYN	9606.ENSP00000379350	9606.ENSP00000428924	0	0	0	0	0.055	0.511	0.360	0.266	0.754
ITGB1	PTPRC	9606.ENSP00000379350	9606.ENSP00000411355	0	0	0	0	0.250	0.095	0	0.883	0.913
ITGB1	PIK3CB	9606.ENSP00000379350	9606.ENSP00000501150	0	0	0	0	0.114	0	0.900	0.148	0.918
ITGB1	PTPN6	9606.ENSP00000379350	9606.ENSP00000391592	0	0	0	0	0.163	0.091	0.900	0.122	0.924
ITGB1	PIK3R1	9606.ENSP00000379350	9606.ENSP00000428056	0	0	0	0	0.047	0.361	0.900	0.291	0.951
ITGB1	ITGB3	9606.ENSP00000379350	9606.ENSP00000452786	0	0	0.076	0.920	0.124	0.226	0.900	0.832	0.987
ITGB3	MAPK1	9606.ENSP00000452786	9606.ENSP00000215832	0	0	0	0	0.042	0.045	0.500	0.476	0.728
ITGB3	TUBB1	9606.ENSP00000452786	9606.ENSP00000217133	0	0	0	0	0.335	0	0	0.348	0.547
ITGB3	MMP2	9606.ENSP00000452786	9606.ENSP00000219070	0	0	0	0	0.097	0.297	0	0.403	0.588
ITGB3	SERPINE1	9606.ENSP00000452786	9606.ENSP00000223095	0	0	0	0	0.161	0	0	0.450	0.519
ITGB3	MPO	9606.ENSP00000452786	9606.ENSP00000225275	0	0	0	0	0.063	0	0	0.481	0.493
ITGB3	LGALS3	9606.ENSP00000452786	9606.ENSP00000254301	0	0	0	0	0.082	0	0	0.558	0.577
ITGB3	PDGFRA	9606.ENSP00000452786	9606.ENSP00000257290	0	0	0	0	0.072	0.308	0	0.546	0.683
ITGB3	SLC6A4	9606.ENSP00000452786	9606.ENSP00000261707	0	0	0	0	0.050	0	0	0.739	0.741
ITGB3	PDGFRB	9606.ENSP00000452786	9606.ENSP00000261799	0	0	0	0	0.093	0.308	0	0.600	0.727
ITGB3	MAP2K2	9606.ENSP00000452786	9606.ENSP00000262948	0	0	0	0	0.060	0	0.500	0	0.509
ITGB3	PRKCG	9606.ENSP00000452786	9606.ENSP00000263431	0	0	0	0	0.055	0.045	0.650	0.046	0.658
ITGB3	KDR	9606.ENSP00000452786	9606.ENSP00000263923	0	0	0	0	0.052	0.308	0.500	0.944	0.979
ITGB3	VCAM1	9606.ENSP00000452786	9606.ENSP00000294728	0	0	0	0	0.090	0	0	0.646	0.664
ITGB3	ITGB5	9606.ENSP00000452786	9606.ENSP00000296181	0	0	0.059	0.953	0.180	0	0.900	0.478	0.954
ITGB3	MAP2K1	9606.ENSP00000452786	9606.ENSP00000302486	0	0	0	0	0.060	0	0.500	0.183	0.582
ITGB3	P2RY1	9606.ENSP00000452786	9606.ENSP00000304767	0	0	0	0	0.054	0	0	0.619	0.624
ITGB3	P2RY12	9606.ENSP00000452786	9606.ENSP00000307259	0	0	0	0	0.084	0	0	0.690	0.704
ITGB3	ROCK2	9606.ENSP00000452786	9606.ENSP00000317985	0	0	0	0	0.064	0.052	0.500	0.170	0.583
ITGB3	SELE	9606.ENSP00000452786	9606.ENSP00000331736	0	0	0	0	0.087	0	0	0.433	0.460
ITGB3	PTK2	9606.ENSP00000452786	9606.ENSP00000341189	0	0	0	0	0.110	0.648	0.900	0.723	0.990
ITGB3	PDPK1	9606.ENSP00000452786	9606.ENSP00000344220	0	0	0	0	0	0	0.400	0.075	0.421
ITGB3	PTGS1	9606.ENSP00000452786	9606.ENSP00000354612	0	0	0	0	0.264	0	0	0.349	0.501
ITGB3	PTGS2	9606.ENSP00000452786	9606.ENSP00000356438	0	0	0	0	0.113	0	0	0.535	0.570
ITGB3	PTPN1	9606.ENSP00000452786	9606.ENSP00000360683	0	0	0	0	0.055	0.328	0.400	0.144	0.631
ITGB3	MMP9	9606.ENSP00000452786	9606.ENSP00000361405	0	0	0	0	0.087	0	0	0.520	0.543
ITGB3	MPL	9606.ENSP00000452786	9606.ENSP00000361548	0	0	0	0	0.338	0	0	0.505	0.658
ITGB3	SRC	9606.ENSP00000452786	9606.ENSP00000362680	0	0	0	0	0.090	0.309	0.900	0.972	0.998
ITGB3	SYK	9606.ENSP00000452786	9606.ENSP00000364898	0	0	0	0	0.055	0.300	0.500	0.648	0.868
ITGB3	ROCK1	9606.ENSP00000452786	9606.ENSP00000382697	0	0	0	0	0.068	0.052	0.500	0.208	0.603
ITGB3	PLA2G2A	9606.ENSP00000452786	9606.ENSP00000383364	0	0	0	0	0	0.510	0	0.081	0.530
ITGB3	TNF	9606.ENSP00000452786	9606.ENSP00000398698	0	0	0	0	0.067	0	0	0.445	0.460
ITGB3	RAF1	9606.ENSP00000452786	9606.ENSP00000401888	0	0	0	0	0	0.052	0.500	0.086	0.529
ITGB3	PTPRC	9606.ENSP00000452786	9606.ENSP00000411355	0	0	0	0	0.109	0.091	0	0.606	0.653
ITGB3	TOP2A	9606.ENSP00000452786	9606.ENSP00000411532	0	0	0	0	0.044	0	0	0.424	0.425
ITGB3	MME	9606.ENSP00000452786	9606.ENSP00000418525	0	0	0	0	0	0	0	0.420	0.420
ITGB3	LYN	9606.ENSP00000452786	9606.ENSP00000428924	0	0	0	0	0.051	0.259	0.360	0.237	0.611
ITGB3	PAK4	9606.ENSP00000452786	9606.ENSP00000469413	0	0	0	0	0.053	0.569	0	0.143	0.620
ITGB3	PTPN11	9606.ENSP00000452786	9606.ENSP00000489597	0	0	0	0	0.106	0.328	0	0.492	0.668
ITGB3	PRKCB	9606.ENSP00000452786	9606.ENSP00000496129	0	0	0	0	0.058	0.299	0.650	0.115	0.768
ITGB5	PRKCG	9606.ENSP00000296181	9606.ENSP00000263431	0	0	0	0	0.055	0.045	0.650	0.046	0.658
ITGB5	VCAM1	9606.ENSP00000296181	9606.ENSP00000294728	0	0	0	0	0.060	0	0	0.390	0.403
ITGB5	LYN	9606.ENSP00000296181	9606.ENSP00000428924	0	0	0	0	0.049	0.065	0.360	0.097	0.418
ITGB5	PIK3R1	9606.ENSP00000296181	9606.ENSP00000428056	0	0	0	0	0.042	0	0	0.483	0.483
ITGB5	PRKCB	9606.ENSP00000296181	9606.ENSP00000496129	0	0	0	0	0.055	0.045	0.650	0.106	0.680
ITGB5	PAK4	9606.ENSP00000296181	9606.ENSP00000469413	0	0	0	0	0.060	0.654	0	0.742	0.909
ITGB5	SRC	9606.ENSP00000296181	9606.ENSP00000362680	0	0	0	0	0.069	0.065	0.900	0.372	0.938
ITGB5	PTK2	9606.ENSP00000296181	9606.ENSP00000341189	0	0	0	0	0.139	0.540	0.900	0.386	0.972
ITK	PRKCQ	9606.ENSP00000398655	9606.ENSP00000263125	0	0	0	0.565	0.298	0.087	0	0.496	0.649
ITK	KDR	9606.ENSP00000398655	9606.ENSP00000263923	0	0	0	0.620	0.044	0.074	0	0.414	0.435
ITK	PIK3CA	9606.ENSP00000398655	9606.ENSP00000263967	0	0	0	0	0.057	0.069	0.900	0.243	0.924
ITK	ZAP70	9606.ENSP00000398655	9606.ENSP00000264972	0	0	0.104	0.670	0.558	0	0.500	0.564	0.902
ITK	PTPN22	9606.ENSP00000398655	9606.ENSP00000352833	0	0	0	0	0.235	0.097	0	0.201	0.400
ITK	XIAP	9606.ENSP00000398655	9606.ENSP00000360242	0	0	0	0	0	0.092	0	0.406	0.438
ITK	SRC	9606.ENSP00000398655	9606.ENSP00000362680	0	0	0.114	0.832	0.059	0.292	0.900	0.131	0.939
ITK	SYK	9606.ENSP00000398655	9606.ENSP00000364898	0	0	0.099	0.660	0.102	0	0.400	0.503	0.726
ITK	PIK3CD	9606.ENSP00000398655	9606.ENSP00000366563	0	0	0	0	0.101	0.069	0.900	0.458	0.948
ITK	ROCK1	9606.ENSP00000398655	9606.ENSP00000382697	0	0	0	0.554	0.074	0	0	0.412	0.432
ITK	PTPN6	9606.ENSP00000398655	9606.ENSP00000391592	0	0	0	0	0.149	0.097	0	0.527	0.605
ITK	TNF	9606.ENSP00000398655	9606.ENSP00000398698	0	0	0	0	0.113	0.057	0	0.349	0.407
ITK	PRKCB	9606.ENSP00000398655	9606.ENSP00000496129	0	0	0	0.570	0.160	0.050	0	0.444	0.517
ITK	PTPN11	9606.ENSP00000398655	9606.ENSP00000489597	0	0	0	0	0.136	0.097	0	0.603	0.663
ITK	PTPRC	9606.ENSP00000398655	9606.ENSP00000411355	0	0	0	0	0.364	0.097	0	0.605	0.753
ITK	LYN	9606.ENSP00000398655	9606.ENSP00000428924	0	0	0.106	0.853	0.075	0	0.900	0.106	0.916
ITK	LCK	9606.ENSP00000398655	9606.ENSP00000477713	0	0	0.101	0.851	0.559	0	0.500	0.631	0.917
ITK	PIK3CB	9606.ENSP00000398655	9606.ENSP00000501150	0	0	0	0	0.057	0.069	0.900	0.195	0.919
ITK	PIK3CG	9606.ENSP00000398655	9606.ENSP00000419260	0	0	0	0	0.121	0.069	0.900	0.341	0.938
ITK	PIK3R1	9606.ENSP00000398655	9606.ENSP00000428056	0	0	0	0	0.056	0.330	0.900	0.301	0.949
JAK1	SIRT1	9606.ENSP00000499900	9606.ENSP00000212015	0	0	0	0	0.047	0.292	0	0.271	0.465
JAK1	MAPK1	9606.ENSP00000499900	9606.ENSP00000215832	0	0	0	0.607	0.130	0.110	0.400	0.516	0.745
JAK1	MMP2	9606.ENSP00000499900	9606.ENSP00000219070	0	0	0	0	0.060	0	0	0.465	0.476
JAK1	NFKB1	9606.ENSP00000499900	9606.ENSP00000226574	0	0	0	0	0.154	0.235	0	0.537	0.675
JAK1	PDGFRA	9606.ENSP00000499900	9606.ENSP00000257290	0	0	0	0.562	0.061	0.074	0.900	0.186	0.919
JAK1	MDM2	9606.ENSP00000499900	9606.ENSP00000258149	0	0	0	0	0	0.514	0	0.384	0.688
JAK1	PDGFRB	9606.ENSP00000499900	9606.ENSP00000261799	0	0	0	0.559	0.055	0.074	0.900	0.213	0.921
JAK1	MAP2K2	9606.ENSP00000499900	9606.ENSP00000262948	0	0	0	0.598	0.090	0.161	0.400	0.174	0.571
JAK1	KDR	9606.ENSP00000499900	9606.ENSP00000263923	0	0	0	0.565	0.055	0.074	0.900	0.474	0.947
JAK1	PIK3CA	9606.ENSP00000499900	9606.ENSP00000263967	0	0	0	0	0.068	0.069	0.900	0.690	0.969
JAK1	MAP2K1	9606.ENSP00000499900	9606.ENSP00000302486	0	0	0	0.593	0.130	0.161	0.400	0.231	0.618
JAK1	PTPN2	9606.ENSP00000499900	9606.ENSP00000311857	0	0	0	0	0.074	0.097	0.900	0.592	0.961
JAK1	MET	9606.ENSP00000499900	9606.ENSP00000317272	0	0	0	0.571	0.049	0.071	0.900	0.174	0.917
JAK1	PRKCD	9606.ENSP00000499900	9606.ENSP00000331602	0	0	0	0.565	0.081	0.087	0.400	0.115	0.495
JAK1	PTPN22	9606.ENSP00000499900	9606.ENSP00000352833	0	0	0	0	0.100	0.097	0	0.838	0.857
JAK1	TLR9	9606.ENSP00000499900	9606.ENSP00000353874	0	0	0	0	0	0.100	0	0.432	0.466
JAK1	STAT1	9606.ENSP00000499900	9606.ENSP00000354394	0	0	0	0	0.091	0.875	0.900	0.999	0.999
JAK1	MTOR	9606.ENSP00000499900	9606.ENSP00000354558	0	0	0	0	0.056	0.073	0	0.650	0.667
JAK1	PARP1	9606.ENSP00000499900	9606.ENSP00000355759	0	0	0	0	0.042	0.053	0	0.401	0.409
JAK1	PTGS2	9606.ENSP00000499900	9606.ENSP00000356438	0	0	0	0	0.101	0	0	0.367	0.407
JAK1	MCL1	9606.ENSP00000499900	9606.ENSP00000358022	0	0	0	0	0.186	0	0	0.490	0.567
JAK1	PTPN1	9606.ENSP00000499900	9606.ENSP00000360683	0	0	0	0	0.138	0.097	0.400	0.424	0.695
JAK1	MMP9	9606.ENSP00000499900	9606.ENSP00000361405	0	0	0	0	0.111	0	0	0.438	0.479
JAK1	MPL	9606.ENSP00000499900	9606.ENSP00000361548	0	0	0	0	0	0.068	0.650	0.474	0.813
JAK1	TLR4	9606.ENSP00000499900	9606.ENSP00000363089	0	0	0	0	0.126	0.100	0	0.621	0.676
JAK1	SYK	9606.ENSP00000499900	9606.ENSP00000364898	0	0	0	0.639	0.124	0	0.500	0.218	0.627
JAK1	PIK3CD	9606.ENSP00000499900	9606.ENSP00000366563	0	0	0	0	0.103	0.069	0.900	0.420	0.945
JAK1	JAK2	9606.ENSP00000499900	9606.ENSP00000371067	0	0	0	0.908	0.113	0.510	0.900	0.982	0.999
JAK1	RELA	9606.ENSP00000499900	9606.ENSP00000384273	0	0	0	0	0.115	0.098	0	0.403	0.482
JAK1	PTPN6	9606.ENSP00000499900	9606.ENSP00000391592	0	0	0	0	0.089	0.333	0.900	0.683	0.978
JAK1	TNF	9606.ENSP00000499900	9606.ENSP00000398698	0	0	0	0	0.096	0.490	0	0.658	0.828
JAK1	RAF1	9606.ENSP00000499900	9606.ENSP00000401888	0	0	0	0.577	0.101	0.336	0	0.134	0.438
JAK1	PTPRC	9606.ENSP00000499900	9606.ENSP00000411355	0	0	0	0	0.157	0.097	0	0.445	0.541
JAK1	PIK3R1	9606.ENSP00000499900	9606.ENSP00000428056	0	0	0	0	0.067	0.093	0.900	0.373	0.939
JAK1	LYN	9606.ENSP00000499900	9606.ENSP00000428924	0	0	0	0.676	0.095	0.045	0.800	0.163	0.836
JAK1	TYK2	9606.ENSP00000499900	9606.ENSP00000431885	0	0	0.070	0.923	0.049	0.292	0.900	0.983	0.998
JAK1	JAK3	9606.ENSP00000499900	9606.ENSP00000432511	0	0	0	0.888	0.057	0.510	0.900	0.983	0.999
JAK1	TGFBR1	9606.ENSP00000499900	9606.ENSP00000447297	0	0	0	0.564	0.110	0	0	0.504	0.540
JAK1	LCK	9606.ENSP00000499900	9606.ENSP00000477713	0	0	0	0.675	0.056	0.045	0.400	0.461	0.669
JAK1	PTPN11	9606.ENSP00000499900	9606.ENSP00000489597	0	0	0	0	0.082	0.750	0.900	0.772	0.994
JAK1	PIK3CB	9606.ENSP00000499900	9606.ENSP00000501150	0	0	0	0	0.133	0.069	0.900	0.267	0.933
JAK2	SIRT1	9606.ENSP00000371067	9606.ENSP00000212015	0	0	0	0	0.049	0	0	0.431	0.436
JAK2	MAPK1	9606.ENSP00000371067	9606.ENSP00000215832	0	0	0	0.605	0.112	0.110	0.500	0.540	0.794
JAK2	TUBB1	9606.ENSP00000371067	9606.ENSP00000217133	0	0	0	0	0.075	0.129	0	0.431	0.502
JAK2	MMP2	9606.ENSP00000371067	9606.ENSP00000219070	0	0	0	0	0.074	0	0	0.507	0.523
JAK2	MPO	9606.ENSP00000371067	9606.ENSP00000225275	0	0	0	0	0.054	0	0	0.400	0.408
JAK2	NFKB1	9606.ENSP00000371067	9606.ENSP00000226574	0	0	0	0	0.128	0.095	0	0.601	0.657
JAK2	PDGFRA	9606.ENSP00000371067	9606.ENSP00000257290	0	0	0	0.562	0.055	0.074	0.900	0.289	0.929
JAK2	MDM2	9606.ENSP00000371067	9606.ENSP00000258149	0	0	0	0	0.044	0.050	0	0.476	0.483
JAK2	PDGFRB	9606.ENSP00000371067	9606.ENSP00000261799	0	0	0	0.558	0.066	0.074	0.900	0.541	0.954
JAK2	MAP2K2	9606.ENSP00000371067	9606.ENSP00000262948	0	0	0	0.604	0.084	0.161	0.400	0.171	0.566
JAK2	KAT2B	9606.ENSP00000371067	9606.ENSP00000263754	0	0	0	0	0.329	0.052	0	0.164	0.422
JAK2	KDR	9606.ENSP00000371067	9606.ENSP00000263923	0	0	0	0.563	0.055	0.074	0.900	0.260	0.926
JAK2	PIK3CA	9606.ENSP00000371067	9606.ENSP00000263967	0	0	0	0	0.263	0.069	0.900	0.754	0.980
JAK2	ZAP70	9606.ENSP00000371067	9606.ENSP00000264972	0	0	0.098	0.642	0.064	0	0	0.454	0.499
JAK2	PPARG	9606.ENSP00000371067	9606.ENSP00000287820	0	0	0	0	0.086	0.071	0	0.663	0.689
JAK2	VCAM1	9606.ENSP00000371067	9606.ENSP00000294728	0	0	0	0	0.078	0.102	0	0.422	0.480
JAK2	MAP2K1	9606.ENSP00000371067	9606.ENSP00000302486	0	0	0	0.601	0.087	0.161	0.400	0.533	0.757
JAK2	PLG	9606.ENSP00000371067	9606.ENSP00000308938	0	0	0	0	0	0.096	0	0.444	0.475
JAK2	TERT	9606.ENSP00000371067	9606.ENSP00000309572	0	0	0	0	0	0.049	0	0.593	0.596
JAK2	PRKACA	9606.ENSP00000371067	9606.ENSP00000309591	0	0	0	0.600	0.054	0.088	0.400	0.193	0.526
JAK2	PTPN2	9606.ENSP00000371067	9606.ENSP00000311857	0	0	0	0	0.119	0.097	0.900	0.532	0.957
JAK2	MET	9606.ENSP00000371067	9606.ENSP00000317272	0	0	0	0.574	0.049	0.071	0.900	0.209	0.920
JAK2	ROCK2	9606.ENSP00000371067	9606.ENSP00000317985	0	0	0	0	0.088	0.292	0	0.248	0.473
JAK2	TBK1	9606.ENSP00000371067	9606.ENSP00000329967	0	0	0	0.555	0.210	0	0	0.352	0.466
JAK2	PRKCD	9606.ENSP00000371067	9606.ENSP00000331602	0	0	0	0.563	0.095	0.087	0.400	0.145	0.520
JAK2	TRIM24	9606.ENSP00000371067	9606.ENSP00000340507	0	0	0	0	0	0.053	0.400	0.222	0.519
JAK2	PTK2	9606.ENSP00000371067	9606.ENSP00000341189	0	0	0	0.578	0.087	0.537	0.900	0.213	0.962
JAK2	TLR9	9606.ENSP00000371067	9606.ENSP00000353874	0	0	0	0	0	0.100	0	0.371	0.409
JAK2	STAT1	9606.ENSP00000371067	9606.ENSP00000354394	0	0	0	0	0.242	0.838	0.900	0.996	0.999
JAK2	MTOR	9606.ENSP00000371067	9606.ENSP00000354558	0	0	0	0	0.049	0.073	0	0.731	0.742
JAK2	PARP1	9606.ENSP00000371067	9606.ENSP00000355759	0	0	0	0	0	0.053	0	0.487	0.493
JAK2	PTGS2	9606.ENSP00000371067	9606.ENSP00000356438	0	0	0	0	0.122	0	0	0.484	0.528
JAK2	MCL1	9606.ENSP00000371067	9606.ENSP00000358022	0	0	0	0	0.134	0	0	0.596	0.635
JAK2	XIAP	9606.ENSP00000371067	9606.ENSP00000360242	0	0	0	0	0.059	0.092	0	0.411	0.454
JAK2	PTPN1	9606.ENSP00000371067	9606.ENSP00000360683	0	0	0	0	0.066	0.750	0.500	0.849	0.980
JAK2	MMP9	9606.ENSP00000371067	9606.ENSP00000361405	0	0	0	0	0.105	0	0	0.593	0.621
JAK2	MPL	9606.ENSP00000371067	9606.ENSP00000361548	0	0	0	0	0	0.528	0.650	0.904	0.982
JAK2	SRC	9606.ENSP00000371067	9606.ENSP00000362680	0	0	0	0.633	0.099	0.299	0.400	0.809	0.917
JAK2	TLR4	9606.ENSP00000371067	9606.ENSP00000363089	0	0	0	0	0.180	0.100	0	0.741	0.793
JAK2	SYK	9606.ENSP00000371067	9606.ENSP00000364898	0	0	0	0.640	0.126	0	0.800	0.218	0.851
JAK2	PIK3CD	9606.ENSP00000371067	9606.ENSP00000366563	0	0	0	0	0.064	0.069	0.900	0.375	0.938
JAK2	RXRA	9606.ENSP00000371067	9606.ENSP00000419692	0	0	0	0	0.107	0.071	0	0.371	0.433
JAK2	MAPK8	9606.ENSP00000371067	9606.ENSP00000378974	0	0	0	0.571	0.049	0.091	0	0.488	0.518
JAK2	LCK	9606.ENSP00000371067	9606.ENSP00000477713	0	0	0	0.661	0.085	0.045	0.500	0.206	0.606
JAK2	RELA	9606.ENSP00000371067	9606.ENSP00000384273	0	0	0	0	0.086	0.098	0	0.611	0.652
JAK2	PIK3CG	9606.ENSP00000371067	9606.ENSP00000419260	0	0	0	0	0.078	0.069	0.500	0.413	0.714
JAK2	PTPRC	9606.ENSP00000371067	9606.ENSP00000411355	0	0	0	0	0.183	0.097	0	0.661	0.728
JAK2	TNF	9606.ENSP00000371067	9606.ENSP00000398698	0	0	0	0	0.118	0.057	0	0.780	0.801
JAK2	RAF1	9606.ENSP00000371067	9606.ENSP00000401888	0	0	0	0.581	0.086	0.336	0.400	0.524	0.803
JAK2	LYN	9606.ENSP00000371067	9606.ENSP00000428924	0	0	0	0.683	0.097	0.294	0.800	0.522	0.931
JAK2	PIK3CB	9606.ENSP00000371067	9606.ENSP00000501150	0	0	0	0	0.091	0.069	0.900	0.324	0.935
JAK2	JAK3	9606.ENSP00000371067	9606.ENSP00000432511	0	0	0.057	0.941	0.045	0.292	0.900	0.681	0.975
JAK2	PTPN6	9606.ENSP00000371067	9606.ENSP00000391592	0	0	0	0	0.106	0.538	0.900	0.672	0.984
JAK2	PIK3R1	9606.ENSP00000371067	9606.ENSP00000428056	0	0	0	0	0.095	0.671	0.900	0.634	0.987
JAK2	TYK2	9606.ENSP00000371067	9606.ENSP00000431885	0	0	0.071	0.877	0.089	0.292	0.800	0.982	0.997
JAK2	PTPN11	9606.ENSP00000371067	9606.ENSP00000489597	0	0	0	0	0.075	0.750	0.900	0.947	0.998
JAK3	NFKB1	9606.ENSP00000432511	9606.ENSP00000226574	0	0	0	0	0.109	0.095	0	0.409	0.482
JAK3	MAPK14	9606.ENSP00000432511	9606.ENSP00000229795	0	0	0	0.597	0.073	0.110	0	0.499	0.551
JAK3	PDGFRA	9606.ENSP00000432511	9606.ENSP00000257290	0	0	0	0.562	0.055	0.074	0.650	0.245	0.737
JAK3	PDGFRB	9606.ENSP00000432511	9606.ENSP00000261799	0	0	0	0.559	0.086	0.074	0.650	0.195	0.729
JAK3	PIK3CA	9606.ENSP00000432511	9606.ENSP00000263967	0	0	0	0	0.048	0.069	0.900	0.675	0.967
JAK3	ZAP70	9606.ENSP00000432511	9606.ENSP00000264972	0	0	0	0.645	0.126	0	0	0.457	0.505
JAK3	PTPN2	9606.ENSP00000432511	9606.ENSP00000311857	0	0	0	0	0.093	0.097	0.900	0.689	0.971
JAK3	STAT1	9606.ENSP00000432511	9606.ENSP00000354394	0	0	0	0	0.079	0.285	0.900	0.903	0.992
JAK3	MTOR	9606.ENSP00000432511	9606.ENSP00000354558	0	0	0	0	0	0.073	0	0.588	0.602
JAK3	MCL1	9606.ENSP00000432511	9606.ENSP00000358022	0	0	0	0	0.116	0	0	0.411	0.457
JAK3	MPL	9606.ENSP00000432511	9606.ENSP00000361548	0	0	0	0	0.049	0.068	0.650	0.370	0.778
JAK3	TLR4	9606.ENSP00000432511	9606.ENSP00000363089	0	0	0	0	0.103	0.100	0	0.332	0.414
JAK3	SYK	9606.ENSP00000432511	9606.ENSP00000364898	0	0	0	0.642	0.107	0	0.500	0.220	0.621
JAK3	PIK3CD	9606.ENSP00000432511	9606.ENSP00000366563	0	0	0	0	0.114	0.069	0.900	0.326	0.937
JAK3	PPARA	9606.ENSP00000432511	9606.ENSP00000385523	0	0	0	0	0.055	0.071	0	0.421	0.447
JAK3	PTPN6	9606.ENSP00000432511	9606.ENSP00000391592	0	0	0	0	0.148	0.097	0.900	0.294	0.938
JAK3	TNF	9606.ENSP00000432511	9606.ENSP00000398698	0	0	0	0	0.118	0.057	0	0.517	0.563
JAK3	PTPRC	9606.ENSP00000432511	9606.ENSP00000411355	0	0	0	0	0.187	0.097	0	0.697	0.759
JAK3	PIK3R1	9606.ENSP00000432511	9606.ENSP00000428056	0	0	0	0	0	0.093	0.900	0.314	0.932
JAK3	TYK2	9606.ENSP00000432511	9606.ENSP00000431885	0	0	0.066	0.866	0.085	0.292	0	0.864	0.906
JAK3	LCK	9606.ENSP00000432511	9606.ENSP00000477713	0	0	0	0.673	0.159	0.045	0.400	0.730	0.852
JAK3	PIK3CB	9606.ENSP00000432511	9606.ENSP00000501150	0	0	0	0	0.048	0.069	0.900	0.242	0.923
JAK3	PTPN11	9606.ENSP00000432511	9606.ENSP00000489597	0	0	0	0	0.075	0.097	0.900	0.608	0.962
KAT2B	SIRT1	9606.ENSP00000263754	9606.ENSP00000212015	0	0	0	0	0.075	0.424	0	0.932	0.960
KAT2B	RPS6KB1	9606.ENSP00000263754	9606.ENSP00000225577	0	0	0	0	0.049	0.345	0	0.179	0.444
KAT2B	MAPK14	9606.ENSP00000263754	9606.ENSP00000229795	0	0	0	0	0.092	0.337	0	0.170	0.457
KAT2B	SIRT2	9606.ENSP00000263754	9606.ENSP00000249396	0	0	0	0	0.042	0.531	0	0.647	0.827
KAT2B	RARA	9606.ENSP00000263754	9606.ENSP00000254066	0	0	0	0	0.049	0.635	0	0.460	0.796
KAT2B	MDM2	9606.ENSP00000263754	9606.ENSP00000258149	0	0	0	0	0	0.785	0	0.427	0.871
KAT2B	MCL1	9606.ENSP00000263754	9606.ENSP00000358022	0	0	0	0	0.044	0.292	0	0.185	0.400
KAT2B	KDM4A	9606.ENSP00000263754	9606.ENSP00000361473	0	0	0	0	0	0.071	0	0.416	0.434
KAT2B	KLF5	9606.ENSP00000263754	9606.ENSP00000366915	0	0	0	0	0.044	0.099	0	0.462	0.496
KAT2B	PARP1	9606.ENSP00000263754	9606.ENSP00000355759	0	0	0	0	0.074	0.297	0	0.311	0.512
KAT2B	PLK1	9606.ENSP00000263754	9606.ENSP00000300093	0	0	0	0	0	0	0	0.529	0.529
KAT2B	PGR	9606.ENSP00000263754	9606.ENSP00000325120	0	0	0	0	0	0.524	0	0.223	0.614
KAT2B	RXRG	9606.ENSP00000263754	9606.ENSP00000352900	0	0	0	0	0	0.069	0.650	0	0.660
KAT2B	RXRB	9606.ENSP00000263754	9606.ENSP00000363817	0	0	0	0	0	0.069	0.650	0.055	0.665
KAT2B	THRA	9606.ENSP00000263754	9606.ENSP00000264637	0	0	0	0	0.067	0.069	0.650	0	0.669
KAT2B	THRB	9606.ENSP00000263754	9606.ENSP00000379904	0	0	0	0	0.042	0.069	0.650	0.105	0.683
KAT2B	RXRA	9606.ENSP00000263754	9606.ENSP00000419692	0	0	0	0	0	0.069	0.650	0.136	0.693
KAT2B	RELA	9606.ENSP00000263754	9606.ENSP00000384273	0	0	0	0	0	0.066	0	0.690	0.698
KCNH2	NR1I2	9606.ENSP00000262186	9606.ENSP00000336528	0	0	0	0	0	0	0	0.456	0.456
KCNH2	TNF	9606.ENSP00000262186	9606.ENSP00000398698	0	0	0	0	0	0	0	0.515	0.515
KCNH2	SRC	9606.ENSP00000262186	9606.ENSP00000362680	0	0	0	0	0	0.057	0	0.553	0.560
KCNH2	SIGMAR1	9606.ENSP00000262186	9606.ENSP00000277010	0	0	0	0	0.044	0.292	0	0.623	0.722
KCNH2	SCN5A	9606.ENSP00000262186	9606.ENSP00000328968	0	0	0	0	0.048	0.059	0	0.978	0.978
KDM3A	SIRT1	9606.ENSP00000386660	9606.ENSP00000212015	0	0	0	0	0.158	0	0	0.357	0.435
KDM3A	PPARG	9606.ENSP00000386660	9606.ENSP00000287820	0	0	0	0	0	0	0.900	0.879	0.987
KDM3A	PRKACA	9606.ENSP00000386660	9606.ENSP00000309591	0	0	0	0	0.103	0	0.900	0.185	0.920
KDM3A	STAT1	9606.ENSP00000386660	9606.ENSP00000354394	0	0	0	0	0.042	0.292	0	0.464	0.604
KDM3A	KDM4A	9606.ENSP00000386660	9606.ENSP00000361473	0	0	0	0	0.049	0	0.500	0.827	0.910
KDM3A	RXRB	9606.ENSP00000386660	9606.ENSP00000363817	0	0	0	0	0.044	0	0.500	0.045	0.503
KDM3A	TNK2	9606.ENSP00000386660	9606.ENSP00000371341	0	0	0	0	0	0.292	0	0.267	0.458
KDM3A	PPARA	9606.ENSP00000386660	9606.ENSP00000385523	0	0	0	0	0	0	0	0.652	0.652
KDM3A	NR1H3	9606.ENSP00000386660	9606.ENSP00000477707	0	0	0	0	0	0	0.500	0.057	0.508
KDM3A	RXRA	9606.ENSP00000386660	9606.ENSP00000419692	0	0	0	0	0.055	0	0.500	0.058	0.516
KDM4A	SIRT1	9606.ENSP00000361473	9606.ENSP00000212015	0	0	0	0	0.062	0	0	0.574	0.584
KDM4A	SIRT2	9606.ENSP00000361473	9606.ENSP00000249396	0	0	0	0	0.052	0	0	0.622	0.627
KDM4A	RXRB	9606.ENSP00000361473	9606.ENSP00000363817	0	0	0	0	0	0.066	0.500	0.052	0.518
KDM4A	RXRA	9606.ENSP00000361473	9606.ENSP00000419692	0	0	0	0	0.067	0.066	0.500	0.052	0.531
KDM4A	NR1H3	9606.ENSP00000361473	9606.ENSP00000477707	0	0	0	0	0.049	0.086	0.500	0.052	0.532
KDR	SIRT1	9606.ENSP00000263923	9606.ENSP00000212015	0	0	0	0	0.049	0	0	0.520	0.524
KDR	MAPK1	9606.ENSP00000263923	9606.ENSP00000215832	0	0	0	0.601	0	0.295	0	0.189	0.404
KDR	MMP2	9606.ENSP00000263923	9606.ENSP00000219070	0	0	0	0	0.086	0	0	0.610	0.628
KDR	PLAT	9606.ENSP00000263923	9606.ENSP00000220809	0	0	0	0	0.154	0	0	0.343	0.421
KDR	SERPINE1	9606.ENSP00000263923	9606.ENSP00000223095	0	0	0	0	0.049	0	0	0.448	0.453
KDR	NFKB1	9606.ENSP00000263923	9606.ENSP00000226574	0	0	0	0	0.061	0	0	0.449	0.461
KDR	MAPK14	9606.ENSP00000263923	9606.ENSP00000229795	0	0	0	0.581	0.063	0	0.500	0.254	0.620
KDR	LGALS3	9606.ENSP00000263923	9606.ENSP00000254301	0	0	0	0	0.074	0.067	0	0.906	0.911
KDR	MDM2	9606.ENSP00000263923	9606.ENSP00000258149	0	0	0	0	0	0.045	0	0.431	0.433
KDR	PDGFRB	9606.ENSP00000263923	9606.ENSP00000261799	0	0	0.103	0.677	0.084	0.301	0	0.979	0.986
KDR	MAP2K2	9606.ENSP00000263923	9606.ENSP00000262948	0	0	0	0.574	0.074	0.084	0	0.419	0.464
KDR	NOX4	9606.ENSP00000263923	9606.ENSP00000263317	0	0	0	0	0.061	0	0	0.605	0.613
KDR	MMP3	9606.ENSP00000263923	9606.ENSP00000299855	0	0	0	0	0	0	0	0.404	0.404
KDR	PGR	9606.ENSP00000263923	9606.ENSP00000325120	0	0	0	0	0	0.045	0	0.408	0.411
KDR	SYK	9606.ENSP00000263923	9606.ENSP00000364898	0	0	0	0.603	0.055	0.074	0	0.383	0.412
KDR	PIK3CG	9606.ENSP00000263923	9606.ENSP00000419260	0	0	0	0	0	0.098	0	0.392	0.428
KDR	MMP1	9606.ENSP00000263923	9606.ENSP00000322788	0	0	0	0	0.049	0	0	0.426	0.431
KDR	PARP1	9606.ENSP00000263923	9606.ENSP00000355759	0	0	0	0	0	0	0	0.435	0.435
KDR	TLR4	9606.ENSP00000263923	9606.ENSP00000363089	0	0	0	0	0.088	0.064	0	0.396	0.439
KDR	MCL1	9606.ENSP00000263923	9606.ENSP00000358022	0	0	0	0	0.086	0	0	0.417	0.445
KDR	PRKACA	9606.ENSP00000263923	9606.ENSP00000309591	0	0	0	0.580	0	0	0.400	0.154	0.470
KDR	MPL	9606.ENSP00000263923	9606.ENSP00000361548	0	0	0	0	0	0	0	0.474	0.474
KDR	TERT	9606.ENSP00000263923	9606.ENSP00000309572	0	0	0	0	0	0	0	0.475	0.475
KDR	TGFBR1	9606.ENSP00000263923	9606.ENSP00000447297	0	0	0	0	0	0.092	0	0.447	0.476
KDR	PLAU	9606.ENSP00000263923	9606.ENSP00000361850	0	0	0	0	0.101	0	0	0.451	0.485
KDR	PTGS2	9606.ENSP00000263923	9606.ENSP00000356438	0	0	0	0	0.079	0	0	0.491	0.511
KDR	PLG	9606.ENSP00000263923	9606.ENSP00000308938	0	0	0	0	0	0	0	0.527	0.527
KDR	MAP2K1	9606.ENSP00000263923	9606.ENSP00000302486	0	0	0	0.576	0.074	0.084	0	0.510	0.548
KDR	MAPKAPK2	9606.ENSP00000263923	9606.ENSP00000356070	0	0	0	0.564	0	0	0.500	0.164	0.564
KDR	MTOR	9606.ENSP00000263923	9606.ENSP00000354558	0	0	0	0	0	0	0	0.583	0.583
KDR	MAPK11	9606.ENSP00000263923	9606.ENSP00000333685	0	0	0	0.585	0.063	0	0.500	0.200	0.592
KDR	TNF	9606.ENSP00000263923	9606.ENSP00000398698	0	0	0	0	0.056	0	0	0.611	0.617
KDR	SELE	9606.ENSP00000263923	9606.ENSP00000331736	0	0	0	0	0.128	0.045	0	0.581	0.620
KDR	ROCK2	9606.ENSP00000263923	9606.ENSP00000317985	0	0	0	0	0.069	0.074	0.500	0.227	0.622
KDR	PPARG	9606.ENSP00000263923	9606.ENSP00000287820	0	0	0	0	0	0.045	0	0.642	0.644
KDR	PTPN2	9606.ENSP00000263923	9606.ENSP00000311857	0	0	0	0	0	0.051	0	0.651	0.654
KDR	ROCK1	9606.ENSP00000263923	9606.ENSP00000382697	0	0	0	0	0.069	0.074	0.500	0.294	0.654
KDR	NOS3	9606.ENSP00000263923	9606.ENSP00000297494	0	0	0	0	0.102	0	0	0.697	0.716
KDR	PTPRC	9606.ENSP00000263923	9606.ENSP00000411355	0	0	0	0	0.060	0.051	0	0.804	0.809
KDR	MMP9	9606.ENSP00000263923	9606.ENSP00000361405	0	0	0	0	0.057	0	0	0.807	0.811
KDR	MET	9606.ENSP00000263923	9606.ENSP00000317272	0	0	0	0.568	0	0.345	0	0.782	0.851
KDR	PTPN11	9606.ENSP00000263923	9606.ENSP00000489597	0	0	0	0	0.060	0.402	0	0.867	0.919
KDR	PIK3CD	9606.ENSP00000263923	9606.ENSP00000366563	0	0	0	0	0	0.098	0.900	0.272	0.928
KDR	PIK3CB	9606.ENSP00000263923	9606.ENSP00000501150	0	0	0	0	0	0.098	0.900	0.315	0.932
KDR	PTPN1	9606.ENSP00000263923	9606.ENSP00000360683	0	0	0	0	0	0.051	0	0.938	0.938
KDR	PIK3R1	9606.ENSP00000263923	9606.ENSP00000428056	0	0	0	0	0.049	0.153	0.900	0.377	0.943
KDR	PTK2	9606.ENSP00000263923	9606.ENSP00000341189	0	0	0	0.579	0.105	0.088	0.900	0.547	0.958
KDR	PTPN6	9606.ENSP00000263923	9606.ENSP00000391592	0	0	0	0	0.060	0.688	0.900	0.184	0.972
KDR	PIK3CA	9606.ENSP00000263923	9606.ENSP00000263967	0	0	0	0	0	0.098	0.900	0.754	0.975
KDR	SRC	9606.ENSP00000263923	9606.ENSP00000362680	0	0	0	0.647	0.059	0.796	0.900	0.938	0.998
KIF11	TUBB1	9606.ENSP00000260731	9606.ENSP00000217133	0	0	0	0	0.063	0.438	0	0.324	0.613
KIF11	TUBB2B	9606.ENSP00000260731	9606.ENSP00000259818	0	0	0	0	0.081	0.941	0	0.561	0.974
KIF11	PKMYT1	9606.ENSP00000260731	9606.ENSP00000262300	0	0	0	0	0.228	0	0	0.305	0.441
KIF11	WEE1	9606.ENSP00000260731	9606.ENSP00000402084	0	0	0	0	0.151	0	0	0.368	0.441
KIF11	TUBA1A	9606.ENSP00000260731	9606.ENSP00000439020	0	0	0	0	0.068	0.480	0	0.304	0.633
KIF11	TYMS	9606.ENSP00000260731	9606.ENSP00000315644	0	0	0	0	0.636	0	0	0.279	0.726
KIF11	PLK1	9606.ENSP00000260731	9606.ENSP00000300093	0	0	0	0	0.644	0.071	0	0.776	0.919
KIF11	NEK2	9606.ENSP00000260731	9606.ENSP00000355966	0	0	0	0	0.845	0.054	0	0.745	0.959
KIF11	TOP2A	9606.ENSP00000260731	9606.ENSP00000411532	0	0	0	0	0.910	0	0	0.735	0.975
KISS1R	PIK3CD	9606.ENSP00000234371	9606.ENSP00000366563	0	0	0	0	0	0	0.900	0	0.900
KISS1R	PIK3CA	9606.ENSP00000234371	9606.ENSP00000263967	0	0	0	0	0	0	0.900	0	0.900
KISS1R	PIK3CB	9606.ENSP00000234371	9606.ENSP00000501150	0	0	0	0	0	0	0.900	0.068	0.902
KISS1R	PIK3R1	9606.ENSP00000234371	9606.ENSP00000428056	0	0	0	0	0	0	0.900	0.391	0.936
KLF5	NFKB1	9606.ENSP00000366915	9606.ENSP00000226574	0	0	0	0	0.062	0.535	0	0.567	0.795
KLF5	RARA	9606.ENSP00000366915	9606.ENSP00000254066	0	0	0	0	0	0.742	0	0.773	0.938
KLF5	PPARG	9606.ENSP00000366915	9606.ENSP00000287820	0	0	0	0	0.059	0.311	0.750	0.465	0.901
KLF5	PPARD	9606.ENSP00000366915	9606.ENSP00000310928	0	0	0	0	0.042	0.067	0	0.716	0.723
KLF5	PPARA	9606.ENSP00000366915	9606.ENSP00000385523	0	0	0	0	0	0.067	0	0.455	0.470
KLF5	NR4A1	9606.ENSP00000366915	9606.ENSP00000440864	0	0	0	0	0.042	0.052	0	0.483	0.489
KLF5	RXRA	9606.ENSP00000366915	9606.ENSP00000419692	0	0	0	0	0.042	0.311	0.500	0.458	0.797
LAP3	PLG	9606.ENSP00000226299	9606.ENSP00000308938	0	0	0	0	0	0	0	0.448	0.448
LAP3	PREP	9606.ENSP00000226299	9606.ENSP00000499089	0	0	0	0	0.066	0	0	0.512	0.525
LAP3	STAT1	9606.ENSP00000226299	9606.ENSP00000354394	0	0	0	0	0.770	0.048	0	0.075	0.779
LCK	MAPK1	9606.ENSP00000477713	9606.ENSP00000215832	0	0	0	0.613	0.059	0.545	0	0.192	0.624
LCK	PLAT	9606.ENSP00000477713	9606.ENSP00000220809	0	0	0	0	0.060	0.096	0	0.393	0.439
LCK	NFKB1	9606.ENSP00000477713	9606.ENSP00000226574	0	0	0	0	0.128	0.095	0	0.406	0.490
LCK	NR3C1	9606.ENSP00000477713	9606.ENSP00000231509	0	0	0	0	0.061	0.314	0	0.237	0.466
LCK	PRKCQ	9606.ENSP00000477713	9606.ENSP00000263125	0	0	0.125	0.578	0.344	0.499	0.400	0.709	0.940
LCK	PIK3CA	9606.ENSP00000477713	9606.ENSP00000263967	0	0	0	0	0.050	0.524	0.400	0.276	0.777
LCK	ZAP70	9606.ENSP00000477713	9606.ENSP00000264972	0	0	0.086	0.744	0.773	0.829	0.900	0.986	0.999
LCK	VCAM1	9606.ENSP00000477713	9606.ENSP00000294728	0	0	0	0	0.107	0.102	0	0.329	0.416
LCK	PRKCE	9606.ENSP00000477713	9606.ENSP00000306124	0	0	0	0.573	0.054	0.091	0	0.445	0.481
LCK	PTPN7	9606.ENSP00000477713	9606.ENSP00000309116	0	0	0	0	0.268	0.097	0	0.309	0.503
LCK	PTPN2	9606.ENSP00000477713	9606.ENSP00000311857	0	0	0	0	0.075	0.097	0	0.374	0.432
LCK	ROCK2	9606.ENSP00000477713	9606.ENSP00000317985	0	0	0	0.560	0.068	0	0.400	0.411	0.642
LCK	PRKCD	9606.ENSP00000477713	9606.ENSP00000331602	0	0	0.134	0.577	0.069	0.087	0	0.404	0.504
LCK	PTK2	9606.ENSP00000477713	9606.ENSP00000341189	0	0	0	0.735	0.067	0.243	0	0.443	0.573
LCK	PDPK1	9606.ENSP00000477713	9606.ENSP00000344220	0	0	0	0.573	0.057	0.104	0.500	0.114	0.575
LCK	PTPN22	9606.ENSP00000477713	9606.ENSP00000352833	0	0	0	0	0.247	0.617	0.500	0.536	0.924
LCK	STAT1	9606.ENSP00000477713	9606.ENSP00000354394	0	0	0	0	0.092	0.096	0.500	0.615	0.820
LCK	MTOR	9606.ENSP00000477713	9606.ENSP00000354558	0	0	0	0	0.042	0.073	0	0.392	0.413
LCK	MPL	9606.ENSP00000477713	9606.ENSP00000361548	0	0	0	0	0	0.045	0	0.407	0.409
LCK	SRC	9606.ENSP00000477713	9606.ENSP00000362680	0	0	0.064	0.952	0.042	0.422	0.400	0.663	0.876
LCK	TLR4	9606.ENSP00000477713	9606.ENSP00000363089	0	0	0	0	0.061	0.100	0	0.350	0.402
LCK	SYK	9606.ENSP00000477713	9606.ENSP00000364898	0	0	0.085	0.755	0.112	0.740	0.500	0.901	0.987
LCK	PIK3CD	9606.ENSP00000477713	9606.ENSP00000366563	0	0	0	0	0.098	0.069	0	0.384	0.437
LCK	ROCK1	9606.ENSP00000477713	9606.ENSP00000382697	0	0	0	0.560	0.068	0	0.400	0.100	0.453
LCK	RELA	9606.ENSP00000477713	9606.ENSP00000384273	0	0	0	0	0.070	0.098	0	0.381	0.436
LCK	PTPN6	9606.ENSP00000477713	9606.ENSP00000391592	0	0	0	0.561	0.156	0.693	0.500	0.502	0.926
LCK	TNF	9606.ENSP00000477713	9606.ENSP00000398698	0	0	0	0	0.085	0.057	0	0.507	0.537
LCK	RAF1	9606.ENSP00000477713	9606.ENSP00000401888	0	0	0.098	0.654	0.078	0.377	0	0.134	0.492
LCK	PTPRC	9606.ENSP00000477713	9606.ENSP00000411355	0	0	0	0	0.280	0.848	0.900	0.993	0.999
LCK	PIK3R1	9606.ENSP00000477713	9606.ENSP00000428056	0	0	0	0	0.049	0.579	0.400	0.776	0.939
LCK	LYN	9606.ENSP00000477713	9606.ENSP00000428924	0	0	0.057	0.967	0.126	0.611	0.400	0.585	0.905
LCK	PAK4	9606.ENSP00000477713	9606.ENSP00000469413	0	0	0	0.579	0.077	0.071	0.400	0.102	0.476
LCK	PRKCB	9606.ENSP00000477713	9606.ENSP00000496129	0	0	0	0.576	0.227	0.050	0	0.334	0.468
LCK	PIK3CB	9606.ENSP00000477713	9606.ENSP00000501150	0	0	0	0	0.050	0.069	0.400	0.231	0.537
LCK	PTPN11	9606.ENSP00000477713	9606.ENSP00000489597	0	0	0	0.558	0.108	0.097	0.400	0.574	0.767
LGALS3	MMP2	9606.ENSP00000254301	9606.ENSP00000219070	0	0	0	0	0.077	0	0	0.683	0.695
LGALS3	MPO	9606.ENSP00000254301	9606.ENSP00000225275	0	0	0	0	0.067	0	0	0.427	0.443
LGALS3	NFKB1	9606.ENSP00000254301	9606.ENSP00000226574	0	0	0	0	0.070	0	0	0.607	0.619
LGALS3	SELE	9606.ENSP00000254301	9606.ENSP00000331736	0	0	0	0	0.061	0.045	0	0.396	0.411
LGALS3	REN	9606.ENSP00000254301	9606.ENSP00000272190	0	0	0	0	0.056	0	0	0.403	0.413
LGALS3	MMP3	9606.ENSP00000254301	9606.ENSP00000299855	0	0	0	0	0.081	0	0	0.392	0.417
LGALS3	PTGS2	9606.ENSP00000254301	9606.ENSP00000356438	0	0	0	0	0.133	0	0	0.355	0.417
LGALS3	PARP1	9606.ENSP00000254301	9606.ENSP00000355759	0	0	0	0	0	0.292	0	0.220	0.424
LGALS3	PIK3CA	9606.ENSP00000254301	9606.ENSP00000263967	0	0	0	0	0.042	0	0	0.430	0.430
LGALS3	P2RY12	9606.ENSP00000254301	9606.ENSP00000307259	0	0	0	0	0	0.088	0	0.422	0.450
LGALS3	RAF1	9606.ENSP00000254301	9606.ENSP00000401888	0	0	0	0	0.101	0	0	0.468	0.501
LGALS3	MMP7	9606.ENSP00000254301	9606.ENSP00000260227	0	0	0	0	0.084	0.292	0	0.311	0.514
LGALS3	MET	9606.ENSP00000254301	9606.ENSP00000317272	0	0	0	0	0.073	0	0	0.523	0.538
LGALS3	MMP1	9606.ENSP00000254301	9606.ENSP00000322788	0	0	0	0	0.099	0	0	0.587	0.612
LGALS3	TNF	9606.ENSP00000254301	9606.ENSP00000398698	0	0	0	0	0.086	0	0	0.608	0.626
LGALS3	SRC	9606.ENSP00000254301	9606.ENSP00000362680	0	0	0	0	0.103	0	0	0.610	0.635
LGALS3	PPARG	9606.ENSP00000254301	9606.ENSP00000287820	0	0	0	0	0.100	0.047	0	0.655	0.678
LGALS3	VCAM1	9606.ENSP00000254301	9606.ENSP00000294728	0	0	0	0	0.049	0.048	0	0.802	0.805
LGALS3	MMP9	9606.ENSP00000254301	9606.ENSP00000361405	0	0	0	0	0.115	0	0	0.809	0.824
LGALS3	TLR4	9606.ENSP00000254301	9606.ENSP00000363089	0	0	0	0	0.121	0	0	0.932	0.938
LGALS3	PTPRC	9606.ENSP00000254301	9606.ENSP00000411355	0	0	0	0	0.048	0	0	0.983	0.983
LIPE	SIRT1	9606.ENSP00000244289	9606.ENSP00000212015	0.041	0	0	0	0.087	0	0	0.460	0.486
LIPE	NR1H3	9606.ENSP00000244289	9606.ENSP00000477707	0	0	0	0	0.049	0.050	0	0.393	0.403
LIPE	TNF	9606.ENSP00000244289	9606.ENSP00000398698	0	0	0	0	0.044	0	0	0.459	0.461
LIPE	SQLE	9606.ENSP00000244289	9606.ENSP00000265896	0	0	0	0	0.105	0	0.235	0.280	0.464
LIPE	PPARD	9606.ENSP00000244289	9606.ENSP00000310928	0	0	0	0	0.049	0.050	0	0.509	0.518
LIPE	SCD	9606.ENSP00000244289	9606.ENSP00000359380	0	0	0	0	0.063	0	0	0.644	0.652
LIPE	PPARA	9606.ENSP00000244289	9606.ENSP00000385523	0	0	0	0	0.068	0.050	0	0.799	0.807
LIPE	PPARG	9606.ENSP00000244289	9606.ENSP00000287820	0	0	0	0	0.125	0.050	0	0.842	0.857
LIPE	MGLL	9606.ENSP00000244289	9606.ENSP00000265052	0.068	0	0	0	0.048	0	0	0.925	0.927
LIPE	PRKAA1	9606.ENSP00000244289	9606.ENSP00000346148	0	0	0	0	0	0.045	0.900	0.300	0.927
LIPE	PRKACA	9606.ENSP00000244289	9606.ENSP00000309591	0	0	0	0	0.043	0	0.900	0.898	0.989
LIPE	PLIN1	9606.ENSP00000244289	9606.ENSP00000300055	0	0	0	0	0.310	0.586	0.500	0.995	0.999
LRRK2	MAPK1	9606.ENSP00000298910	9606.ENSP00000215832	0	0	0	0.585	0.044	0.345	0	0.146	0.418
LRRK2	MAP2K2	9606.ENSP00000298910	9606.ENSP00000262948	0	0	0	0.570	0	0.380	0	0.125	0.434
LRRK2	SLC6A3	9606.ENSP00000298910	9606.ENSP00000270349	0	0	0	0	0	0	0	0.749	0.749
LRRK2	XIAP	9606.ENSP00000298910	9606.ENSP00000360242	0	0	0	0	0.087	0.092	0	0.354	0.418
LRRK2	PTGS2	9606.ENSP00000298910	9606.ENSP00000356438	0	0	0	0	0.086	0.292	0	0.174	0.418
LRRK2	STAT1	9606.ENSP00000298910	9606.ENSP00000354394	0	0	0	0	0.065	0.332	0	0.150	0.423
LRRK2	MAP2K1	9606.ENSP00000298910	9606.ENSP00000302486	0	0	0	0.571	0	0.380	0	0.127	0.436
LRRK2	TLR4	9606.ENSP00000298910	9606.ENSP00000363089	0	0	0	0	0.244	0.100	0	0.247	0.442
LRRK2	MAPK11	9606.ENSP00000298910	9606.ENSP00000333685	0	0	0	0.588	0	0.113	0	0.408	0.452
LRRK2	PDE4A	9606.ENSP00000298910	9606.ENSP00000370078	0	0	0	0	0.063	0	0	0.446	0.458
LRRK2	PSEN2	9606.ENSP00000298910	9606.ENSP00000355747	0	0	0	0	0	0.049	0	0.495	0.500
LRRK2	MTOR	9606.ENSP00000298910	9606.ENSP00000354558	0	0	0	0	0	0.315	0	0.316	0.512
LRRK2	MAOB	9606.ENSP00000298910	9606.ENSP00000367309	0	0	0	0	0.049	0.047	0	0.518	0.525
LRRK2	PSEN1	9606.ENSP00000298910	9606.ENSP00000326366	0	0	0	0	0.056	0.049	0	0.555	0.566
LRRK2	PRKACA	9606.ENSP00000298910	9606.ENSP00000309591	0	0	0	0.584	0.054	0.534	0	0.149	0.592
LRRK2	PRKDC	9606.ENSP00000298910	9606.ENSP00000313420	0	0	0	0	0	0.637	0	0.091	0.656
LRRK2	TUBA1A	9606.ENSP00000298910	9606.ENSP00000439020	0	0	0	0	0.046	0.760	0	0.394	0.849
LTA4H	TNF	9606.ENSP00000228740	9606.ENSP00000398698	0	0	0	0	0	0	0	0.408	0.408
LTA4H	PREP	9606.ENSP00000228740	9606.ENSP00000499089	0.058	0	0	0	0.060	0	0	0.427	0.448
LTA4H	PTGS2	9606.ENSP00000228740	9606.ENSP00000356438	0	0	0	0	0	0	0	0.455	0.455
LTA4H	NOS2	9606.ENSP00000228740	9606.ENSP00000327251	0	0	0	0	0.045	0	0	0.455	0.457
LTA4H	PTGES	9606.ENSP00000228740	9606.ENSP00000342385	0	0	0	0	0.061	0	0	0.511	0.521
LTA4H	PTGS1	9606.ENSP00000228740	9606.ENSP00000354612	0	0	0	0	0.044	0	0	0.540	0.542
LTA4H	PLA2G2A	9606.ENSP00000228740	9606.ENSP00000383364	0	0	0	0	0	0	0	0.745	0.745
LYN	MAPK1	9606.ENSP00000428924	9606.ENSP00000215832	0	0	0.104	0.619	0.078	0.342	0.500	0.467	0.829
LYN	RIPK2	9606.ENSP00000428924	9606.ENSP00000220751	0	0	0	0.577	0.169	0.105	0	0.370	0.490
LYN	RPS6KB1	9606.ENSP00000428924	9606.ENSP00000225577	0	0	0	0.573	0	0.328	0	0.147	0.403
LYN	NFKB1	9606.ENSP00000428924	9606.ENSP00000226574	0	0	0	0	0.140	0.095	0	0.418	0.507
LYN	SIRT2	9606.ENSP00000428924	9606.ENSP00000249396	0	0	0	0	0	0	0	0.439	0.439
LYN	PDGFRA	9606.ENSP00000428924	9606.ENSP00000257290	0	0	0	0.686	0.050	0.094	0	0.590	0.616
LYN	MDM2	9606.ENSP00000428924	9606.ENSP00000258149	0	0	0	0	0	0.050	0	0.492	0.497
LYN	PRKCQ	9606.ENSP00000428924	9606.ENSP00000263125	0	0	0.132	0.586	0.062	0.087	0.400	0.137	0.545
LYN	PRKCG	9606.ENSP00000428924	9606.ENSP00000263431	0	0	0	0.576	0	0.050	0.900	0.063	0.903
LYN	PIK3CA	9606.ENSP00000428924	9606.ENSP00000263967	0	0	0	0	0.055	0.069	0.900	0.353	0.935
LYN	ZAP70	9606.ENSP00000428924	9606.ENSP00000264972	0	0	0.084	0.735	0.054	0.105	0	0.759	0.788
LYN	PPARG	9606.ENSP00000428924	9606.ENSP00000287820	0	0	0	0	0.062	0.071	0	0.472	0.500
LYN	VCAM1	9606.ENSP00000428924	9606.ENSP00000294728	0	0	0	0	0.065	0.102	0	0.415	0.467
LYN	PRKDC	9606.ENSP00000428924	9606.ENSP00000313420	0	0	0	0	0.044	0.315	0	0.642	0.745
LYN	PRKCD	9606.ENSP00000428924	9606.ENSP00000331602	0	0	0.145	0.578	0.185	0.087	0	0.571	0.691
LYN	SELE	9606.ENSP00000428924	9606.ENSP00000331736	0	0	0	0	0.057	0.045	0	0.456	0.468
LYN	PTK2	9606.ENSP00000428924	9606.ENSP00000341189	0	0	0	0.735	0.070	0.643	0.900	0.221	0.970
LYN	PDPK1	9606.ENSP00000428924	9606.ENSP00000344220	0	0	0	0.581	0.044	0.104	0	0.452	0.490
LYN	PDE4D	9606.ENSP00000428924	9606.ENSP00000345502	0	0	0	0	0.047	0.292	0	0.476	0.615
LYN	PTPN22	9606.ENSP00000428924	9606.ENSP00000352833	0	0	0	0	0.113	0.097	0	0.461	0.531
LYN	TLR9	9606.ENSP00000428924	9606.ENSP00000353874	0	0	0	0	0.059	0.100	0	0.417	0.463
LYN	STAT1	9606.ENSP00000428924	9606.ENSP00000354394	0	0	0	0	0.140	0.096	0.500	0.417	0.743
LYN	OGA	9606.ENSP00000428924	9606.ENSP00000354850	0	0	0	0	0.044	0	0	0.427	0.429
LYN	MCL1	9606.ENSP00000428924	9606.ENSP00000358022	0	0	0	0	0.109	0.074	0	0.615	0.655
LYN	PTPN1	9606.ENSP00000428924	9606.ENSP00000360683	0	0	0	0	0.079	0.097	0	0.360	0.421
LYN	SRC	9606.ENSP00000428924	9606.ENSP00000362680	0	0	0.065	0.951	0.049	0.709	0.900	0.646	0.989
LYN	TLR4	9606.ENSP00000428924	9606.ENSP00000363089	0	0	0	0	0.154	0.100	0	0.446	0.542
LYN	SYK	9606.ENSP00000428924	9606.ENSP00000364898	0	0	0.094	0.716	0.367	0.339	0.900	0.986	0.999
LYN	PIK3CD	9606.ENSP00000428924	9606.ENSP00000366563	0	0	0	0	0.135	0.069	0.900	0.526	0.956
LYN	PDE4A	9606.ENSP00000428924	9606.ENSP00000370078	0	0	0	0	0.047	0.292	0	0.469	0.610
LYN	MAPK8	9606.ENSP00000428924	9606.ENSP00000378974	0	0	0	0.572	0.054	0.094	0	0.494	0.528
LYN	ROCK1	9606.ENSP00000428924	9606.ENSP00000382697	0	0	0	0.569	0.075	0.124	0	0.411	0.481
LYN	PTPN6	9606.ENSP00000428924	9606.ENSP00000391592	0	0	0	0	0.206	0.646	0.500	0.707	0.953
LYN	MAPK9	9606.ENSP00000428924	9606.ENSP00000394560	0	0	0	0.567	0.054	0.094	0	0.477	0.513
LYN	TNF	9606.ENSP00000428924	9606.ENSP00000398698	0	0	0	0	0.111	0.303	0	0.478	0.649
LYN	RAF1	9606.ENSP00000428924	9606.ENSP00000401888	0	0	0.105	0.657	0.064	0.157	0.400	0.154	0.576
LYN	PTPRC	9606.ENSP00000428924	9606.ENSP00000411355	0	0	0	0	0.297	0.333	0.900	0.647	0.981
LYN	MME	9606.ENSP00000428924	9606.ENSP00000418525	0	0	0	0	0.047	0.510	0	0.496	0.744
LYN	PIK3CG	9606.ENSP00000428924	9606.ENSP00000419260	0	0	0	0	0.137	0.524	0.900	0.625	0.982
LYN	PIK3R1	9606.ENSP00000428924	9606.ENSP00000428056	0	0	0	0	0.044	0.207	0.900	0.581	0.964
LYN	NTRK1	9606.ENSP00000428924	9606.ENSP00000431418	0	0	0	0.710	0	0.060	0	0.423	0.434
LYN	TYK2	9606.ENSP00000428924	9606.ENSP00000431885	0	0	0	0.682	0.076	0.294	0.500	0.477	0.806
LYN	PTPN11	9606.ENSP00000428924	9606.ENSP00000489597	0	0	0	0	0.103	0.097	0.500	0.579	0.807
LYN	PRKCB	9606.ENSP00000428924	9606.ENSP00000496129	0	0	0	0.578	0.100	0.327	0.900	0.238	0.947
LYN	PIK3CB	9606.ENSP00000428924	9606.ENSP00000501150	0	0	0	0	0.057	0.069	0.900	0.568	0.957
MAOA	SIRT1	9606.ENSP00000340684	9606.ENSP00000212015	0	0	0	0	0.063	0.095	0	0.410	0.456
MAOA	NR3C1	9606.ENSP00000340684	9606.ENSP00000231509	0	0	0	0	0	0.054	0	0.549	0.555
MAOA	SLC6A4	9606.ENSP00000340684	9606.ENSP00000261707	0	0	0	0	0.044	0	0	0.942	0.942
MAOA	NOX4	9606.ENSP00000340684	9606.ENSP00000263317	0	0	0	0	0	0	0	0.562	0.562
MAOA	TYR	9606.ENSP00000340684	9606.ENSP00000263321	0	0	0	0	0.069	0.045	0	0.489	0.506
MAOA	PNMT	9606.ENSP00000340684	9606.ENSP00000269582	0	0	0	0	0	0	0.900	0.591	0.957
MAOA	SLC6A3	9606.ENSP00000340684	9606.ENSP00000270349	0	0	0	0	0	0	0	0.890	0.890
MAOA	SIGMAR1	9606.ENSP00000340684	9606.ENSP00000277010	0	0	0	0	0	0	0	0.418	0.418
MAOA	PPARG	9606.ENSP00000340684	9606.ENSP00000287820	0	0	0	0	0.147	0.054	0	0.322	0.405
MAOA	PSEN1	9606.ENSP00000340684	9606.ENSP00000326366	0	0	0	0	0	0.071	0	0.564	0.578
MAOA	TNF	9606.ENSP00000340684	9606.ENSP00000398698	0	0	0	0	0	0	0	0.409	0.409
MAOA	PREP	9606.ENSP00000340684	9606.ENSP00000499089	0	0	0	0	0	0	0	0.416	0.416
MAOA	PTGS2	9606.ENSP00000340684	9606.ENSP00000356438	0	0	0	0	0	0	0	0.466	0.466
MAOA	XDH	9606.ENSP00000340684	9606.ENSP00000368727	0	0	0	0	0.061	0	0	0.596	0.605
MAOA	MAOB	9606.ENSP00000340684	9606.ENSP00000367309	0	0	0.052	0.976	0.163	0.609	0.900	0.063	0.965
MAOB	SIRT1	9606.ENSP00000367309	9606.ENSP00000212015	0	0	0	0	0.063	0.095	0	0.366	0.415
MAOB	NR3C1	9606.ENSP00000367309	9606.ENSP00000231509	0	0	0	0	0	0.054	0	0.400	0.409
MAOB	SLC6A4	9606.ENSP00000367309	9606.ENSP00000261707	0	0	0	0	0.057	0	0	0.866	0.868
MAOB	TYR	9606.ENSP00000367309	9606.ENSP00000263321	0	0	0	0	0.069	0.045	0	0.470	0.487
MAOB	PNMT	9606.ENSP00000367309	9606.ENSP00000269582	0	0	0	0	0.059	0	0.900	0.591	0.958
MAOB	SLC6A3	9606.ENSP00000367309	9606.ENSP00000270349	0	0	0	0	0	0	0	0.882	0.882
MAOB	SIGMAR1	9606.ENSP00000367309	9606.ENSP00000277010	0	0	0	0	0	0	0	0.447	0.447
MAOB	PSEN1	9606.ENSP00000367309	9606.ENSP00000326366	0	0	0	0	0	0.075	0	0.390	0.411
MAOB	PTGS2	9606.ENSP00000367309	9606.ENSP00000356438	0	0	0	0	0	0	0	0.496	0.496
MAOB	TNF	9606.ENSP00000367309	9606.ENSP00000398698	0	0	0	0	0	0	0	0.422	0.422
MAOB	PREP	9606.ENSP00000367309	9606.ENSP00000499089	0	0	0	0	0	0	0	0.437	0.437
MAOB	XDH	9606.ENSP00000367309	9606.ENSP00000368727	0	0	0	0	0.055	0	0	0.596	0.602
MAP2K1	SIRT1	9606.ENSP00000302486	9606.ENSP00000212015	0	0.003	0	0	0.072	0	0	0.397	0.416
MAP2K1	MAPK1	9606.ENSP00000302486	9606.ENSP00000215832	0	0	0	0.595	0.152	0.929	0.900	0.950	0.999
MAP2K1	MMP2	9606.ENSP00000302486	9606.ENSP00000219070	0	0	0	0	0.086	0	0	0.423	0.450
MAP2K1	SERPINE1	9606.ENSP00000302486	9606.ENSP00000223095	0	0	0	0	0.049	0	0	0.547	0.550
MAP2K1	NFKB1	9606.ENSP00000302486	9606.ENSP00000226574	0	0	0	0	0.101	0.046	0.500	0.511	0.762
MAP2K1	MAPK14	9606.ENSP00000302486	9606.ENSP00000229795	0	0	0	0.629	0.094	0.322	0.900	0.579	0.970
MAP2K1	SIRT2	9606.ENSP00000302486	9606.ENSP00000249396	0	0.049	0	0	0.042	0.292	0	0.240	0.445
MAP2K1	MDM2	9606.ENSP00000302486	9606.ENSP00000258149	0	0	0	0	0	0	0	0.613	0.613
MAP2K1	MAP2K2	9606.ENSP00000302486	9606.ENSP00000262948	0	0	0.051	0.979	0.049	0.836	0.900	0.783	0.996
MAP2K1	MAP3K8	9606.ENSP00000302486	9606.ENSP00000263056	0	0	0.117	0.602	0.061	0.625	0.900	0.345	0.976
MAP2K1	PIK3CA	9606.ENSP00000302486	9606.ENSP00000263967	0	0	0	0	0.060	0.176	0	0.815	0.844
MAP2K1	PPARG	9606.ENSP00000302486	9606.ENSP00000287820	0	0	0	0	0.051	0.518	0	0.625	0.813
MAP2K1	PIK3CB	9606.ENSP00000302486	9606.ENSP00000501150	0	0	0	0	0.068	0	0	0.396	0.413
MAP2K1	TERT	9606.ENSP00000302486	9606.ENSP00000309572	0	0	0	0	0	0	0	0.416	0.416
MAP2K1	PTGS2	9606.ENSP00000302486	9606.ENSP00000356438	0	0	0	0	0.048	0	0	0.447	0.451
MAP2K1	PPARA	9606.ENSP00000302486	9606.ENSP00000385523	0	0	0	0	0.051	0.057	0	0.438	0.453
MAP2K1	TLR4	9606.ENSP00000302486	9606.ENSP00000363089	0	0	0	0	0.090	0.045	0	0.436	0.467
MAP2K1	PGR	9606.ENSP00000302486	9606.ENSP00000325120	0	0	0	0	0.051	0.057	0	0.462	0.476
MAP2K1	STAT1	9606.ENSP00000302486	9606.ENSP00000354394	0	0	0	0	0.089	0	0	0.449	0.477
MAP2K1	PLAU	9606.ENSP00000302486	9606.ENSP00000361850	0	0	0	0	0.092	0.249	0	0.325	0.500
MAP2K1	PIK3R1	9606.ENSP00000302486	9606.ENSP00000428056	0	0	0	0	0.044	0	0	0.499	0.501
MAP2K1	MMP9	9606.ENSP00000302486	9606.ENSP00000361405	0	0	0	0	0.087	0	0	0.519	0.542
MAP2K1	PARP1	9606.ENSP00000302486	9606.ENSP00000355759	0	0	0	0	0.054	0	0	0.541	0.547
MAP2K1	MCL1	9606.ENSP00000302486	9606.ENSP00000358022	0	0	0	0	0.104	0	0	0.518	0.550
MAP2K1	TRIM24	9606.ENSP00000302486	9606.ENSP00000340507	0	0	0	0	0.056	0	0.500	0.165	0.571
MAP2K1	PTPN7	9606.ENSP00000302486	9606.ENSP00000309116	0	0	0	0	0.049	0.115	0	0.537	0.576
MAP2K1	PIK3CG	9606.ENSP00000302486	9606.ENSP00000419260	0	0	0	0	0	0	0	0.648	0.648
MAP2K1	MTOR	9606.ENSP00000302486	9606.ENSP00000354558	0	0	0	0	0.054	0.216	0	0.596	0.674
MAP2K1	TNF	9606.ENSP00000302486	9606.ENSP00000398698	0	0	0	0	0.086	0	0	0.688	0.702
MAP2K1	TYK2	9606.ENSP00000302486	9606.ENSP00000431885	0	0	0	0.589	0.061	0.161	0.400	0.460	0.710
MAP2K1	SRC	9606.ENSP00000302486	9606.ENSP00000362680	0	0	0	0.590	0.048	0.234	0.400	0.585	0.794
MAP2K1	PRKCD	9606.ENSP00000302486	9606.ENSP00000331602	0	0	0	0.625	0.081	0.129	0.900	0.183	0.925
MAP2K1	PAK4	9606.ENSP00000302486	9606.ENSP00000469413	0	0	0.129	0.644	0.044	0.095	0.900	0.192	0.928
MAP2K1	PTPN11	9606.ENSP00000302486	9606.ENSP00000489597	0	0	0	0	0.074	0.321	0.400	0.832	0.928
MAP2K1	PRKACA	9606.ENSP00000302486	9606.ENSP00000309591	0	0	0.096	0.655	0.060	0.091	0.900	0.232	0.929
MAP2K1	MAPK9	9606.ENSP00000302486	9606.ENSP00000394560	0	0	0	0.587	0.087	0	0.900	0.309	0.931
MAP2K1	MAPK8	9606.ENSP00000302486	9606.ENSP00000378974	0	0	0	0.591	0.067	0	0.900	0.353	0.934
MAP2K1	MAPK11	9606.ENSP00000302486	9606.ENSP00000333685	0	0	0	0.603	0.093	0.322	0.900	0.297	0.951
MAP2K1	RAF1	9606.ENSP00000302486	9606.ENSP00000401888	0	0	0	0.577	0.131	0.974	0.900	0.970	0.999
MAP2K2	MAPK1	9606.ENSP00000262948	9606.ENSP00000215832	0	0	0	0.600	0.111	0.983	0.900	0.855	0.999
MAP2K2	MAPK14	9606.ENSP00000262948	9606.ENSP00000229795	0	0	0	0.639	0.091	0.322	0.900	0.298	0.951
MAP2K2	SLC9A1	9606.ENSP00000262948	9606.ENSP00000263980	0	0	0	0	0.044	0	0	0.431	0.432
MAP2K2	MCL1	9606.ENSP00000262948	9606.ENSP00000358022	0	0	0	0	0.085	0	0	0.425	0.452
MAP2K2	PIK3CG	9606.ENSP00000262948	9606.ENSP00000419260	0	0	0	0	0	0	0	0.483	0.483
MAP2K2	PIK3CA	9606.ENSP00000262948	9606.ENSP00000263967	0	0	0	0	0	0	0	0.484	0.484
MAP2K2	TRIM24	9606.ENSP00000262948	9606.ENSP00000340507	0	0	0	0	0.061	0	0.500	0	0.510
MAP2K2	TNF	9606.ENSP00000262948	9606.ENSP00000398698	0	0	0	0	0.077	0.166	0	0.419	0.513
MAP2K2	TYK2	9606.ENSP00000262948	9606.ENSP00000431885	0	0	0	0.588	0.128	0.161	0.400	0.420	0.711
MAP2K2	SRC	9606.ENSP00000262948	9606.ENSP00000362680	0	0	0	0.590	0.050	0.161	0.400	0.477	0.716
MAP2K2	PTPN11	9606.ENSP00000262948	9606.ENSP00000489597	0	0	0	0	0.055	0.106	0.400	0.727	0.843
MAP2K2	PRKACA	9606.ENSP00000262948	9606.ENSP00000309591	0	0	0	0.646	0.072	0.091	0.900	0.118	0.915
MAP2K2	MAPK8	9606.ENSP00000262948	9606.ENSP00000378974	0	0	0	0.593	0.054	0	0.900	0.262	0.924
MAP2K2	MAPK9	9606.ENSP00000262948	9606.ENSP00000394560	0	0	0	0.591	0.049	0	0.900	0.266	0.924
MAP2K2	PRKCD	9606.ENSP00000262948	9606.ENSP00000331602	0	0	0.105	0.615	0.056	0.129	0.900	0.130	0.924
MAP2K2	MAP3K8	9606.ENSP00000262948	9606.ENSP00000263056	0	0	0.112	0.591	0.055	0	0.900	0.219	0.925
MAP2K2	MAPK11	9606.ENSP00000262948	9606.ENSP00000333685	0	0	0.105	0.611	0.093	0.322	0.900	0.192	0.947
MAP2K2	RAF1	9606.ENSP00000262948	9606.ENSP00000401888	0	0	0	0.575	0.126	0.925	0.900	0.495	0.996
MAP3K8	NFKB1	9606.ENSP00000263056	9606.ENSP00000226574	0	0	0	0	0.151	0.870	0.900	0.753	0.996
MAP3K8	PDGFRB	9606.ENSP00000263056	9606.ENSP00000261799	0	0	0	0	0.042	0	0	0.410	0.411
MAP3K8	PTGS2	9606.ENSP00000263056	9606.ENSP00000356438	0	0	0	0	0.201	0	0	0.291	0.409
MAP3K8	PDPK1	9606.ENSP00000263056	9606.ENSP00000344220	0	0	0	0.578	0	0	0.500	0.083	0.522
MAP3K8	TNF	9606.ENSP00000263056	9606.ENSP00000398698	0	0	0	0	0.209	0	0	0.445	0.542
MAP3K8	TLR4	9606.ENSP00000263056	9606.ENSP00000363089	0	0	0	0	0.126	0.133	0	0.574	0.650
MAP3K8	RELA	9606.ENSP00000263056	9606.ENSP00000384273	0	0	0	0	0.076	0.738	0	0.590	0.892
MAPK1	RIPK2	9606.ENSP00000215832	9606.ENSP00000220751	0	0	0	0.582	0.063	0.110	0	0.339	0.401
MAPK1	MMP2	9606.ENSP00000215832	9606.ENSP00000219070	0	0	0	0	0.047	0	0	0.404	0.408
MAPK1	PDE4D	9606.ENSP00000215832	9606.ENSP00000345502	0	0	0	0	0	0.292	0	0.213	0.419
MAPK1	TOP2A	9606.ENSP00000215832	9606.ENSP00000411532	0	0	0	0	0.042	0.303	0	0.201	0.421
MAPK1	PIK3CG	9606.ENSP00000215832	9606.ENSP00000419260	0	0	0	0	0.056	0	0	0.430	0.439
MAPK1	RXRA	9606.ENSP00000215832	9606.ENSP00000419692	0	0	0	0	0.047	0.292	0	0.242	0.444
MAPK1	RARA	9606.ENSP00000215832	9606.ENSP00000254066	0	0	0	0	0	0.326	0	0.209	0.444
MAPK1	RET	9606.ENSP00000215832	9606.ENSP00000347942	0	0	0	0.573	0	0.387	0	0.154	0.459
MAPK1	PRKCE	9606.ENSP00000215832	9606.ENSP00000306124	0	0	0	0.595	0	0.373	0	0.176	0.461
MAPK1	ZAP70	9606.ENSP00000215832	9606.ENSP00000264972	0	0	0	0.595	0.058	0.110	0	0.423	0.474
MAPK1	MMP3	9606.ENSP00000215832	9606.ENSP00000299855	0	0	0	0	0.047	0	0	0.497	0.500
MAPK1	TYK2	9606.ENSP00000215832	9606.ENSP00000431885	0	0	0	0.595	0.100	0.110	0.400	0.156	0.540
MAPK1	PTPRC	9606.ENSP00000215832	9606.ENSP00000411355	0	0	0	0	0.069	0.368	0	0.289	0.546
MAPK1	PTK2	9606.ENSP00000215832	9606.ENSP00000341189	0	0	0	0.584	0.106	0.063	0	0.507	0.551
MAPK1	PTPN1	9606.ENSP00000215832	9606.ENSP00000360683	0	0	0	0	0.067	0.145	0	0.494	0.561
MAPK1	TLR4	9606.ENSP00000215832	9606.ENSP00000363089	0	0	0	0	0.122	0.041	0	0.570	0.606
MAPK1	PARP1	9606.ENSP00000215832	9606.ENSP00000355759	0	0	0	0	0.095	0.292	0	0.438	0.609
MAPK1	PIK3CB	9606.ENSP00000215832	9606.ENSP00000501150	0	0	0	0	0.082	0	0	0.601	0.618
MAPK1	PDPK1	9606.ENSP00000215832	9606.ENSP00000344220	0	0	0	0.627	0.169	0.065	0.500	0.168	0.633
MAPK1	MDM2	9606.ENSP00000215832	9606.ENSP00000258149	0	0	0	0	0.049	0.050	0	0.629	0.635
MAPK1	NEK2	9606.ENSP00000215832	9606.ENSP00000355966	0	0	0	0.631	0.052	0.319	0	0.509	0.656
MAPK1	PIK3R1	9606.ENSP00000215832	9606.ENSP00000428056	0	0	0	0	0.127	0	0	0.626	0.659
MAPK1	PGR	9606.ENSP00000215832	9606.ENSP00000325120	0	0	0	0	0.049	0.292	0	0.538	0.662
MAPK1	MAPK9	9606.ENSP00000215832	9606.ENSP00000394560	0	0	0.065	0.882	0.104	0	0.400	0.423	0.671
MAPK1	VCAM1	9606.ENSP00000215832	9606.ENSP00000294728	0	0	0	0	0	0.046	0	0.670	0.671
MAPK1	MTOR	9606.ENSP00000215832	9606.ENSP00000354558	0	0	0	0	0.105	0.258	0	0.554	0.678
MAPK1	PLA2G2A	9606.ENSP00000215832	9606.ENSP00000383364	0	0	0	0	0.055	0	0.650	0.119	0.683
MAPK1	MMP9	9606.ENSP00000215832	9606.ENSP00000361405	0	0	0	0	0.104	0	0	0.661	0.684
MAPK1	RELA	9606.ENSP00000215832	9606.ENSP00000384273	0	0	0	0	0.049	0.189	0	0.662	0.717
MAPK1	PPARG	9606.ENSP00000215832	9606.ENSP00000287820	0	0	0	0	0	0.510	0	0.483	0.736
MAPK1	MCL1	9606.ENSP00000215832	9606.ENSP00000358022	0	0	0	0	0.115	0.292	0	0.618	0.740
MAPK1	MAPK8	9606.ENSP00000215832	9606.ENSP00000378974	0	0	0.066	0.882	0.079	0	0.400	0.568	0.747
MAPK1	TNF	9606.ENSP00000215832	9606.ENSP00000398698	0	0	0	0	0.083	0	0	0.746	0.757
MAPK1	PTGS2	9606.ENSP00000215832	9606.ENSP00000356438	0	0	0	0	0.106	0.052	0	0.762	0.780
MAPK1	NFKB1	9606.ENSP00000215832	9606.ENSP00000226574	0	0	0	0	0.060	0.072	0	0.778	0.790
MAPK1	PIK3CA	9606.ENSP00000215832	9606.ENSP00000263967	0	0	0	0	0.103	0	0	0.809	0.822
MAPK1	MAPKAPK2	9606.ENSP00000215832	9606.ENSP00000356070	0	0	0.115	0.596	0.072	0.842	0	0.240	0.888
MAPK1	PLA2G4B	9606.ENSP00000215832	9606.ENSP00000396045	0	0	0	0	0.049	0	0.900	0.082	0.905
MAPK1	MAPK11	9606.ENSP00000215832	9606.ENSP00000333685	0	0	0.068	0.921	0	0	0.900	0.081	0.906
MAPK1	PRKCG	9606.ENSP00000215832	9606.ENSP00000263431	0	0	0	0.595	0.055	0.064	0.900	0.116	0.911
MAPK1	THRB	9606.ENSP00000215832	9606.ENSP00000379904	0	0	0	0	0.055	0	0.900	0.145	0.912
MAPK1	NOS1	9606.ENSP00000215832	9606.ENSP00000477999	0	0	0	0	0.067	0	0.900	0.167	0.915
MAPK1	ROCK2	9606.ENSP00000215832	9606.ENSP00000317985	0	0	0	0.592	0.069	0.110	0.900	0.138	0.919
MAPK1	SLC9A1	9606.ENSP00000215832	9606.ENSP00000263980	0	0	0	0	0.049	0.091	0.900	0.195	0.921
MAPK1	ROCK1	9606.ENSP00000215832	9606.ENSP00000382697	0	0	0	0.586	0.073	0.110	0.900	0.176	0.922
MAPK1	NR4A1	9606.ENSP00000215832	9606.ENSP00000440864	0	0	0	0	0	0.045	0.900	0.271	0.924
MAPK1	RPS6KB1	9606.ENSP00000215832	9606.ENSP00000225577	0	0	0	0.645	0.049	0.097	0.900	0.252	0.927
MAPK1	RPS6KA6	9606.ENSP00000215832	9606.ENSP00000262752	0	0	0	0.662	0.055	0.265	0.900	0.085	0.928
MAPK1	PRKCB	9606.ENSP00000215832	9606.ENSP00000496129	0	0	0	0.591	0.126	0.102	0.900	0.196	0.928
MAPK1	PRKACA	9606.ENSP00000215832	9606.ENSP00000309591	0	0	0	0.610	0.083	0.098	0.900	0.249	0.929
MAPK1	PRKCD	9606.ENSP00000215832	9606.ENSP00000331602	0	0	0	0.590	0.070	0.151	0.900	0.218	0.929
MAPK1	SRC	9606.ENSP00000215832	9606.ENSP00000362680	0	0	0	0.623	0.065	0.342	0.500	0.805	0.932
MAPK1	PTPN6	9606.ENSP00000215832	9606.ENSP00000391592	0	0	0	0	0.050	0.145	0.900	0.277	0.933
MAPK1	STAT1	9606.ENSP00000215832	9606.ENSP00000354394	0	0	0	0	0.090	0.091	0.900	0.471	0.950
MAPK1	PTPN11	9606.ENSP00000215832	9606.ENSP00000489597	0	0	0	0	0.079	0.145	0.900	0.500	0.955
MAPK1	RAF1	9606.ENSP00000215832	9606.ENSP00000401888	0	0	0	0.588	0.115	0.800	0.700	0.593	0.975
MAPK1	RPS6KA3	9606.ENSP00000215832	9606.ENSP00000368884	0	0	0	0.659	0.077	0.872	0.900	0.212	0.989
MAPK1	MAPK14	9606.ENSP00000215832	9606.ENSP00000229795	0	0	0.067	0.924	0.342	0.816	0.900	0.677	0.995
MAPK1	PTPN7	9606.ENSP00000215832	9606.ENSP00000309116	0	0	0	0	0.056	0.871	0.900	0.918	0.998
MAPK1	RPS6KA1	9606.ENSP00000215832	9606.ENSP00000435412	0	0	0	0.679	0.073	0.988	0.900	0.821	0.999
MAPK11	RIPK2	9606.ENSP00000333685	9606.ENSP00000220751	0	0	0	0	0.065	0.110	0.500	0.226	0.635
MAPK11	NFKB1	9606.ENSP00000333685	9606.ENSP00000226574	0	0	0	0	0.055	0.072	0	0.423	0.450
MAPK11	MAPK14	9606.ENSP00000333685	9606.ENSP00000229795	0	0	0.052	0.976	0	0.328	0.400	0.128	0.622
MAPK11	ZAP70	9606.ENSP00000333685	9606.ENSP00000264972	0	0	0	0.579	0.104	0.110	0.900	0.461	0.951
MAPK11	PTPN7	9606.ENSP00000333685	9606.ENSP00000309116	0	0	0	0	0.047	0.289	0.900	0.174	0.936
MAPK11	PGR	9606.ENSP00000333685	9606.ENSP00000325120	0	0	0	0	0.055	0	0.900	0.119	0.909
MAPK11	MMP9	9606.ENSP00000333685	9606.ENSP00000361405	0	0	0	0	0.103	0	0	0.391	0.431
MAPK11	PIK3R1	9606.ENSP00000333685	9606.ENSP00000428056	0	0	0	0	0.055	0	0	0.456	0.464
MAPK11	PTGS2	9606.ENSP00000333685	9606.ENSP00000356438	0	0	0	0	0.109	0.045	0	0.424	0.467
MAPK11	TLR4	9606.ENSP00000333685	9606.ENSP00000363089	0	0	0	0	0.071	0.041	0	0.452	0.469
MAPK11	MTOR	9606.ENSP00000333685	9606.ENSP00000354558	0	0	0	0	0.063	0.149	0	0.387	0.469
MAPK11	TYK2	9606.ENSP00000333685	9606.ENSP00000431885	0	0	0	0.580	0.075	0.110	0	0.421	0.482
MAPK11	PTPN1	9606.ENSP00000333685	9606.ENSP00000360683	0	0	0	0	0	0.145	0	0.467	0.525
MAPK11	MCL1	9606.ENSP00000333685	9606.ENSP00000358022	0	0	0	0	0.078	0	0	0.508	0.527
MAPK11	TNF	9606.ENSP00000333685	9606.ENSP00000398698	0	0	0	0	0.067	0	0	0.593	0.604
MAPK11	STAT1	9606.ENSP00000333685	9606.ENSP00000354394	0	0	0	0	0.066	0	0	0.631	0.640
MAPK11	SRC	9606.ENSP00000333685	9606.ENSP00000362680	0	0	0	0.606	0.098	0.110	0.500	0.453	0.751
MAPK11	MAPK9	9606.ENSP00000333685	9606.ENSP00000394560	0	0	0.062	0.925	0.063	0	0.900	0.083	0.908
MAPK11	MAPK8	9606.ENSP00000333685	9606.ENSP00000378974	0	0	0.060	0.929	0.103	0	0.900	0.093	0.913
MAPK11	PTK2	9606.ENSP00000333685	9606.ENSP00000341189	0	0	0	0.580	0.067	0.054	0.900	0.131	0.913
MAPK11	MAPKAPK2	9606.ENSP00000333685	9606.ENSP00000356070	0	0	0.136	0.587	0.072	0.903	0.900	0.691	0.997
MAPK14	SIRT1	9606.ENSP00000229795	9606.ENSP00000212015	0	0	0	0	0.060	0	0	0.426	0.437
MAPK14	RIPK2	9606.ENSP00000229795	9606.ENSP00000220751	0	0	0	0	0.088	0.110	0.500	0.571	0.802
MAPK14	SERPINE1	9606.ENSP00000229795	9606.ENSP00000223095	0	0	0	0	0	0	0	0.527	0.527
MAPK14	NFKB1	9606.ENSP00000229795	9606.ENSP00000226574	0	0	0	0	0.075	0.072	0	0.855	0.864
MAPK14	SMO	9606.ENSP00000229795	9606.ENSP00000249373	0	0	0	0	0	0	0	0.409	0.408
MAPK14	NOS2	9606.ENSP00000229795	9606.ENSP00000327251	0	0	0	0	0.087	0	0	0.379	0.409
MAPK14	NR4A1	9606.ENSP00000229795	9606.ENSP00000440864	0	0	0	0	0	0.301	0	0.192	0.412
MAPK14	PARP1	9606.ENSP00000229795	9606.ENSP00000355759	0	0	0	0	0.062	0	0	0.409	0.422
MAPK14	PDGFRB	9606.ENSP00000229795	9606.ENSP00000261799	0	0	0	0.580	0	0	0	0.451	0.451
MAPK14	PRKCD	9606.ENSP00000229795	9606.ENSP00000331602	0	0	0.111	0.599	0.119	0.151	0	0.281	0.458
MAPK14	PTPN6	9606.ENSP00000229795	9606.ENSP00000391592	0	0	0	0	0.050	0.145	0	0.399	0.470
MAPK14	PPARG	9606.ENSP00000229795	9606.ENSP00000287820	0	0	0	0	0.042	0	0	0.484	0.484
MAPK14	PTPN11	9606.ENSP00000229795	9606.ENSP00000489597	0	0	0	0	0.052	0.284	0	0.306	0.489
MAPK14	TYK2	9606.ENSP00000229795	9606.ENSP00000431885	0	0	0	0.581	0.098	0.110	0	0.439	0.510
MAPK14	PTGS1	9606.ENSP00000229795	9606.ENSP00000354612	0	0	0	0	0.086	0.045	0	0.496	0.522
MAPK14	MMP9	9606.ENSP00000229795	9606.ENSP00000361405	0	0	0	0	0.105	0	0	0.498	0.532
MAPK14	P2RY1	9606.ENSP00000229795	9606.ENSP00000304767	0	0	0	0	0.044	0	0.500	0.120	0.542
MAPK14	PIK3CA	9606.ENSP00000229795	9606.ENSP00000263967	0	0	0	0	0.118	0	0	0.513	0.552
MAPK14	SELE	9606.ENSP00000229795	9606.ENSP00000331736	0	0	0	0	0.060	0.067	0	0.531	0.553
MAPK14	MTOR	9606.ENSP00000229795	9606.ENSP00000354558	0	0	0	0	0.103	0.149	0	0.462	0.554
MAPK14	PTPRC	9606.ENSP00000229795	9606.ENSP00000411355	0	0	0	0	0.079	0.368	0	0.304	0.560
MAPK14	NR3C1	9606.ENSP00000229795	9606.ENSP00000231509	0	0	0	0	0.099	0	0	0.555	0.582
MAPK14	PIK3CB	9606.ENSP00000229795	9606.ENSP00000501150	0	0	0	0	0.139	0	0	0.544	0.591
MAPK14	MCL1	9606.ENSP00000229795	9606.ENSP00000358022	0	0	0	0	0.137	0	0	0.552	0.598
MAPK14	PTPN1	9606.ENSP00000229795	9606.ENSP00000360683	0	0	0	0	0.049	0.145	0	0.564	0.614
MAPK14	RPS6KA3	9606.ENSP00000229795	9606.ENSP00000368884	0	0	0	0.642	0.085	0.326	0	0.486	0.655
MAPK14	TGFBR1	9606.ENSP00000229795	9606.ENSP00000447297	0	0	0	0	0.122	0.342	0	0.619	0.761
MAPK14	TLR4	9606.ENSP00000229795	9606.ENSP00000363089	0	0	0	0	0.167	0.041	0	0.726	0.762
MAPK14	PTGS2	9606.ENSP00000229795	9606.ENSP00000356438	0	0	0	0	0.109	0.045	0	0.756	0.774
MAPK14	STAT1	9606.ENSP00000229795	9606.ENSP00000354394	0	0	0	0	0.100	0	0	0.768	0.783
MAPK14	RELA	9606.ENSP00000229795	9606.ENSP00000384273	0	0	0	0	0.081	0.165	0	0.758	0.798
MAPK14	SRC	9606.ENSP00000229795	9606.ENSP00000362680	0	0	0	0.625	0.087	0.110	0.500	0.605	0.818
MAPK14	TNF	9606.ENSP00000229795	9606.ENSP00000398698	0	0	0	0	0.087	0	0	0.830	0.839
MAPK14	PGR	9606.ENSP00000229795	9606.ENSP00000325120	0	0	0	0	0.055	0	0.900	0.221	0.920
MAPK14	PTK2	9606.ENSP00000229795	9606.ENSP00000341189	0	0	0	0.590	0.086	0.054	0.900	0.406	0.941
MAPK14	MAPK9	9606.ENSP00000229795	9606.ENSP00000394560	0	0	0.062	0.926	0.081	0	0.900	0.416	0.942
MAPK14	ZAP70	9606.ENSP00000229795	9606.ENSP00000264972	0	0	0	0.579	0.086	0.110	0.900	0.474	0.951
MAPK14	MAPK8	9606.ENSP00000229795	9606.ENSP00000378974	0	0	0.061	0.922	0.110	0.292	0.900	0.366	0.955
MAPK14	PTPN7	9606.ENSP00000229795	9606.ENSP00000309116	0	0	0	0	0.055	0.710	0.900	0.700	0.990
MAPK14	MAPKAPK2	9606.ENSP00000229795	9606.ENSP00000356070	0	0	0.120	0.593	0.143	0.996	0.900	0.692	0.999
MAPK8	SIRT1	9606.ENSP00000378974	9606.ENSP00000212015	0	0	0	0	0.248	0.317	0	0.512	0.727
MAPK8	MMP2	9606.ENSP00000378974	9606.ENSP00000219070	0	0	0	0	0	0	0	0.512	0.512
MAPK8	RIPK2	9606.ENSP00000378974	9606.ENSP00000220751	0	0	0	0	0.071	0.107	0.900	0.280	0.932
MAPK8	RPS6KB1	9606.ENSP00000378974	9606.ENSP00000225577	0	0	0	0.592	0.097	0.325	0	0.271	0.517
MAPK8	NFKB1	9606.ENSP00000378974	9606.ENSP00000226574	0	0	0	0	0.067	0.072	0.900	0.869	0.987
MAPK8	NR3C1	9606.ENSP00000378974	9606.ENSP00000231509	0	0	0	0	0.055	0	0	0.534	0.540
MAPK8	MDM2	9606.ENSP00000378974	9606.ENSP00000258149	0	0	0	0	0.070	0	0	0.392	0.410
MAPK8	PRKCQ	9606.ENSP00000378974	9606.ENSP00000263125	0	0	0	0.595	0	0.096	0.900	0.115	0.913
MAPK8	PIK3CA	9606.ENSP00000378974	9606.ENSP00000263967	0	0	0	0	0.097	0	0	0.592	0.615
MAPK8	PPARG	9606.ENSP00000378974	9606.ENSP00000287820	0	0	0	0	0	0	0	0.505	0.505
MAPK8	NOS3	9606.ENSP00000378974	9606.ENSP00000297494	0	0	0	0	0	0	0	0.412	0.412
MAPK8	PRKCE	9606.ENSP00000378974	9606.ENSP00000306124	0	0	0	0.575	0.060	0.096	0.900	0.140	0.917
MAPK8	PTPN7	9606.ENSP00000378974	9606.ENSP00000309116	0	0	0	0	0.054	0	0.900	0.202	0.917
MAPK8	PRKDC	9606.ENSP00000378974	9606.ENSP00000313420	0	0	0	0	0.049	0.292	0	0.215	0.425
MAPK8	PGR	9606.ENSP00000378974	9606.ENSP00000325120	0	0	0	0	0	0	0.900	0.248	0.921
MAPK8	NOS2	9606.ENSP00000378974	9606.ENSP00000327251	0	0	0	0	0	0	0	0.545	0.545
MAPK8	PRKCD	9606.ENSP00000378974	9606.ENSP00000331602	0	0	0	0.593	0.042	0.096	0.900	0.167	0.918
MAPK8	PTK2	9606.ENSP00000378974	9606.ENSP00000341189	0	0	0	0.579	0.042	0.292	0	0.239	0.438
MAPK8	PDPK1	9606.ENSP00000378974	9606.ENSP00000344220	0	0	0	0.603	0.157	0.292	0	0.122	0.430
MAPK8	STAT1	9606.ENSP00000378974	9606.ENSP00000354394	0	0	0	0	0.047	0	0	0.493	0.496
MAPK8	MTOR	9606.ENSP00000378974	9606.ENSP00000354558	0	0	0	0	0.098	0.292	0	0.571	0.702
MAPK8	PARP1	9606.ENSP00000378974	9606.ENSP00000355759	0	0	0	0	0.044	0	0	0.527	0.528
MAPK8	MAPKAPK2	9606.ENSP00000378974	9606.ENSP00000356070	0	0	0.124	0.587	0.078	0.073	0.500	0.219	0.654
MAPK8	PTGS2	9606.ENSP00000378974	9606.ENSP00000356438	0	0	0	0	0.086	0	0	0.583	0.602
MAPK8	MCL1	9606.ENSP00000378974	9606.ENSP00000358022	0	0	0	0	0.068	0.094	0	0.474	0.517
MAPK8	XIAP	9606.ENSP00000378974	9606.ENSP00000360242	0	0	0	0	0.060	0	0	0.473	0.483
MAPK8	MMP9	9606.ENSP00000378974	9606.ENSP00000361405	0	0	0	0	0	0	0	0.735	0.735
MAPK8	SRC	9606.ENSP00000378974	9606.ENSP00000362680	0	0	0	0.576	0.054	0.094	0.900	0.578	0.959
MAPK8	TLR4	9606.ENSP00000378974	9606.ENSP00000363089	0	0	0	0	0	0.091	0	0.594	0.615
MAPK8	SYK	9606.ENSP00000378974	9606.ENSP00000364898	0	0	0	0.573	0.086	0.107	0	0.501	0.558
MAPK8	RPS6KA3	9606.ENSP00000378974	9606.ENSP00000368884	0	0	0	0.614	0.049	0	0	0.490	0.494
MAPK8	PPARA	9606.ENSP00000378974	9606.ENSP00000385523	0	0	0	0	0.045	0	0	0.418	0.420
MAPK8	TGFBR1	9606.ENSP00000378974	9606.ENSP00000447297	0	0	0	0	0.092	0.088	0	0.370	0.433
MAPK8	TYK2	9606.ENSP00000378974	9606.ENSP00000431885	0	0	0	0.562	0	0.091	0	0.435	0.464
MAPK8	ROCK1	9606.ENSP00000378974	9606.ENSP00000382697	0	0	0	0.578	0.049	0.088	0	0.462	0.492
MAPK8	PIK3CB	9606.ENSP00000378974	9606.ENSP00000501150	0	0	0	0	0.060	0	0	0.545	0.554
MAPK8	NR4A1	9606.ENSP00000378974	9606.ENSP00000440864	0	0	0	0	0	0.510	0	0.230	0.606
MAPK8	PIK3R1	9606.ENSP00000378974	9606.ENSP00000428056	0	0	0	0	0.049	0.510	0	0.376	0.683
MAPK8	TNF	9606.ENSP00000378974	9606.ENSP00000398698	0	0	0	0	0	0	0	0.890	0.890
MAPK8	RELA	9606.ENSP00000378974	9606.ENSP00000384273	0	0	0	0	0.054	0.045	0.900	0.758	0.975
MAPK8	MAPK9	9606.ENSP00000378974	9606.ENSP00000394560	0	0	0.050	0.981	0.082	0.994	0.900	0.550	0.999
MAPK9	RIPK2	9606.ENSP00000394560	9606.ENSP00000220751	0	0	0	0	0.060	0.107	0.900	0.251	0.928
MAPK9	NFKB1	9606.ENSP00000394560	9606.ENSP00000226574	0	0	0	0	0.049	0.072	0.900	0.436	0.943
MAPK9	MDM2	9606.ENSP00000394560	9606.ENSP00000258149	0	0	0	0	0.059	0	0	0.469	0.479
MAPK9	PRKCQ	9606.ENSP00000394560	9606.ENSP00000263125	0	0	0	0.604	0	0.096	0.900	0.091	0.910
MAPK9	PRKCE	9606.ENSP00000394560	9606.ENSP00000306124	0	0	0	0.575	0.049	0.096	0.900	0.078	0.910
MAPK9	PTPN7	9606.ENSP00000394560	9606.ENSP00000309116	0	0	0	0	0.049	0	0.900	0.091	0.906
MAPK9	PRKDC	9606.ENSP00000394560	9606.ENSP00000313420	0	0	0	0	0.056	0.510	0	0.152	0.573
MAPK9	PGR	9606.ENSP00000394560	9606.ENSP00000325120	0	0	0	0	0	0	0.900	0.121	0.908
MAPK9	PSEN1	9606.ENSP00000394560	9606.ENSP00000326366	0	0	0	0	0.049	0.292	0	0.183	0.401
MAPK9	PRKCD	9606.ENSP00000394560	9606.ENSP00000331602	0	0	0	0.597	0.049	0.096	0.900	0.098	0.912
MAPK9	MAPKAPK2	9606.ENSP00000394560	9606.ENSP00000356070	0	0	0.122	0.586	0.109	0.073	0.500	0.158	0.639
MAPK9	SRC	9606.ENSP00000394560	9606.ENSP00000362680	0	0	0	0.567	0.054	0.094	0.900	0.536	0.954
MAPK9	TLR4	9606.ENSP00000394560	9606.ENSP00000363089	0	0	0	0	0	0.091	0	0.375	0.407
MAPK9	SYK	9606.ENSP00000394560	9606.ENSP00000364898	0	0	0	0.564	0.078	0.107	0	0.474	0.530
MAPK9	RELA	9606.ENSP00000394560	9606.ENSP00000384273	0	0	0	0	0.042	0.045	0.900	0.564	0.954
MAPK9	PIK3R1	9606.ENSP00000394560	9606.ENSP00000428056	0	0	0	0	0.049	0.292	0	0.289	0.479
MAPK9	TNF	9606.ENSP00000394560	9606.ENSP00000398698	0	0	0	0	0	0	0	0.652	0.652
MAPKAPK2	MDM2	9606.ENSP00000356070	9606.ENSP00000258149	0	0	0	0	0.042	0.510	0	0.223	0.603
MAPKAPK2	TBK1	9606.ENSP00000356070	9606.ENSP00000329967	0	0	0	0.588	0.056	0.047	0	0.393	0.406
MAPKAPK2	TNF	9606.ENSP00000356070	9606.ENSP00000398698	0	0	0	0	0.074	0	0	0.474	0.492
MAPKAPK2	SRC	9606.ENSP00000356070	9606.ENSP00000362680	0	0	0	0.567	0.117	0.047	0.500	0.194	0.616
MC1R	TYR	9606.ENSP00000451605	9606.ENSP00000263321	0	0	0	0	0.068	0.049	0	0.959	0.960
MC1R	TERT	9606.ENSP00000451605	9606.ENSP00000309572	0	0	0	0	0.112	0	0	0.436	0.478
MC1R	PRKACA	9606.ENSP00000451605	9606.ENSP00000309591	0	0	0	0	0	0	0	0.545	0.545
MC1R	SRC	9606.ENSP00000451605	9606.ENSP00000362680	0	0	0	0	0.067	0	0.500	0.134	0.560
MC1R	TYRP1	9606.ENSP00000451605	9606.ENSP00000373570	0	0	0	0	0.056	0.049	0	0.932	0.934
MCL1	SIRT1	9606.ENSP00000358022	9606.ENSP00000212015	0	0	0	0	0.071	0.292	0	0.424	0.589
MCL1	MMP2	9606.ENSP00000358022	9606.ENSP00000219070	0	0	0	0	0	0	0	0.434	0.434
MCL1	SERPINE1	9606.ENSP00000358022	9606.ENSP00000223095	0	0	0	0	0.152	0	0	0.373	0.446
MCL1	RPS6KB1	9606.ENSP00000358022	9606.ENSP00000225577	0	0	0	0	0	0	0	0.552	0.552
MCL1	NFKB1	9606.ENSP00000358022	9606.ENSP00000226574	0	0	0	0	0.134	0.045	0	0.570	0.613
MCL1	SIRT2	9606.ENSP00000358022	9606.ENSP00000249396	0	0	0	0	0	0.292	0	0.222	0.426
MCL1	MDM2	9606.ENSP00000358022	9606.ENSP00000258149	0	0	0	0	0.063	0	0	0.744	0.750
MCL1	PDGFRB	9606.ENSP00000358022	9606.ENSP00000261799	0	0	0	0	0.060	0	0	0.415	0.427
MCL1	PIK3CA	9606.ENSP00000358022	9606.ENSP00000263967	0	0	0	0	0.049	0	0	0.488	0.492
MCL1	PLK1	9606.ENSP00000358022	9606.ENSP00000300093	0	0	0	0	0	0	0	0.434	0.434
MCL1	MET	9606.ENSP00000358022	9606.ENSP00000317272	0	0	0	0	0.045	0	0	0.459	0.461
MCL1	NOS2	9606.ENSP00000358022	9606.ENSP00000327251	0	0	0	0	0	0	0.400	0.176	0.484
MCL1	PTK2	9606.ENSP00000358022	9606.ENSP00000341189	0	0	0	0	0.086	0.068	0	0.367	0.413
MCL1	PRKAA1	9606.ENSP00000358022	9606.ENSP00000346148	0	0	0	0	0.060	0.720	0	0.129	0.750
MCL1	STAT1	9606.ENSP00000358022	9606.ENSP00000354394	0	0	0	0	0.133	0.056	0.400	0.487	0.714
MCL1	MTOR	9606.ENSP00000358022	9606.ENSP00000354558	0	0	0	0	0.049	0	0	0.580	0.583
MCL1	PARP1	9606.ENSP00000358022	9606.ENSP00000355759	0	0	0	0	0.049	0	0	0.737	0.739
MCL1	MDM4	9606.ENSP00000358022	9606.ENSP00000356150	0	0	0	0	0.075	0	0	0.406	0.427
MCL1	PTGS2	9606.ENSP00000358022	9606.ENSP00000356438	0	0	0	0	0.195	0	0	0.454	0.542
MCL1	PTPN11	9606.ENSP00000358022	9606.ENSP00000489597	0	0	0	0	0.093	0	0	0.370	0.404
MCL1	WEE1	9606.ENSP00000358022	9606.ENSP00000402084	0	0	0	0	0.060	0	0	0.392	0.404
MCL1	RPS6KA1	9606.ENSP00000358022	9606.ENSP00000435412	0	0	0	0	0.106	0	0	0.371	0.414
MCL1	PIK3CD	9606.ENSP00000358022	9606.ENSP00000366563	0	0	0	0	0.060	0	0	0.415	0.427
MCL1	PTPRC	9606.ENSP00000358022	9606.ENSP00000411355	0	0	0	0	0.127	0	0	0.394	0.448
MCL1	TLR4	9606.ENSP00000358022	9606.ENSP00000363089	0	0	0	0	0.165	0	0	0.375	0.456
MCL1	SYK	9606.ENSP00000358022	9606.ENSP00000364898	0	0	0	0	0.115	0	0	0.420	0.465
MCL1	RELA	9606.ENSP00000358022	9606.ENSP00000384273	0	0	0	0	0.148	0	0	0.403	0.470
MCL1	RAF1	9606.ENSP00000358022	9606.ENSP00000401888	0	0	0	0	0.148	0	0	0.459	0.519
MCL1	MMP9	9606.ENSP00000358022	9606.ENSP00000361405	0	0	0	0	0.110	0	0	0.493	0.529
MCL1	PIK3R1	9606.ENSP00000358022	9606.ENSP00000428056	0	0	0	0	0.049	0	0.400	0.336	0.588
MCL1	SRC	9606.ENSP00000358022	9606.ENSP00000362680	0	0	0	0	0.101	0	0	0.581	0.607
MCL1	TNF	9606.ENSP00000358022	9606.ENSP00000398698	0	0	0	0	0.122	0.076	0	0.587	0.636
MCL1	XIAP	9606.ENSP00000358022	9606.ENSP00000360242	0	0	0	0	0.074	0.051	0	0.799	0.809
MDM2	SIRT1	9606.ENSP00000258149	9606.ENSP00000212015	0	0	0	0	0	0.292	0	0.592	0.699
MDM2	MMP2	9606.ENSP00000258149	9606.ENSP00000219070	0	0	0	0	0	0	0	0.400	0.400
MDM2	RPS6KB1	9606.ENSP00000258149	9606.ENSP00000225577	0	0	0	0	0.056	0.332	0	0.505	0.660
MDM2	NFKB1	9606.ENSP00000258149	9606.ENSP00000226574	0	0	0	0	0.065	0.071	0	0.703	0.719
MDM2	NR3C1	9606.ENSP00000258149	9606.ENSP00000231509	0	0	0	0	0	0.305	0	0.269	0.470
MDM2	SIRT2	9606.ENSP00000258149	9606.ENSP00000249396	0	0	0	0	0	0.292	0	0.347	0.518
MDM2	RARA	9606.ENSP00000258149	9606.ENSP00000254066	0	0	0	0	0	0.292	0	0.358	0.526
MDM2	PDGFRA	9606.ENSP00000258149	9606.ENSP00000257290	0	0	0	0	0	0.045	0.650	0.570	0.843
MDM2	TYR	9606.ENSP00000258149	9606.ENSP00000263321	0	0	0	0	0.052	0.055	0	0.386	0.401
MDM2	RAF1	9606.ENSP00000258149	9606.ENSP00000401888	0	0	0	0	0.072	0.050	0	0.385	0.411
MDM2	NTRK1	9606.ENSP00000258149	9606.ENSP00000431418	0	0	0	0	0.055	0.050	0	0.410	0.424
MDM2	TOP2A	9606.ENSP00000258149	9606.ENSP00000411532	0	0	0	0	0.070	0.078	0	0.385	0.427
MDM2	PRKAA1	9606.ENSP00000258149	9606.ENSP00000346148	0	0	0	0	0.108	0.070	0	0.367	0.429
MDM2	PDGFRB	9606.ENSP00000258149	9606.ENSP00000261799	0	0	0	0	0	0.045	0	0.433	0.435
MDM2	PTGS2	9606.ENSP00000258149	9606.ENSP00000356438	0	0	0	0	0.051	0.095	0	0.399	0.439
MDM2	MET	9606.ENSP00000258149	9606.ENSP00000317272	0	0	0	0	0	0.050	0	0.455	0.460
MDM2	WEE1	9606.ENSP00000258149	9606.ENSP00000402084	0	0	0	0	0.049	0	0	0.479	0.483
MDM2	PRKDC	9606.ENSP00000258149	9606.ENSP00000313420	0	0	0	0	0.049	0	0	0.534	0.537
MDM2	PPARD	9606.ENSP00000258149	9606.ENSP00000310928	0	0	0	0	0	0.474	0	0.166	0.542
MDM2	PTK2	9606.ENSP00000258149	9606.ENSP00000341189	0	0	0	0	0.064	0.292	0	0.369	0.545
MDM2	PRKCB	9606.ENSP00000258149	9606.ENSP00000496129	0	0	0	0	0	0.292	0	0.391	0.550
MDM2	PGR	9606.ENSP00000258149	9606.ENSP00000325120	0	0	0	0	0	0	0	0.596	0.596
MDM2	MTOR	9606.ENSP00000258149	9606.ENSP00000354558	0	0	0	0	0	0	0	0.598	0.598
MDM2	STAT1	9606.ENSP00000258149	9606.ENSP00000354394	0	0	0	0	0.060	0	0	0.614	0.622
MDM2	TNF	9606.ENSP00000258149	9606.ENSP00000398698	0	0	0	0	0	0	0	0.625	0.625
MDM2	MMP9	9606.ENSP00000258149	9606.ENSP00000361405	0	0	0	0	0	0	0	0.628	0.628
MDM2	PIK3CA	9606.ENSP00000258149	9606.ENSP00000263967	0	0	0	0	0.094	0	0	0.621	0.642
MDM2	PDPK1	9606.ENSP00000258149	9606.ENSP00000344220	0	0	0	0	0.069	0	0.500	0.299	0.645
MDM2	PARP1	9606.ENSP00000258149	9606.ENSP00000355759	0	0	0	0	0.065	0	0	0.659	0.667
MDM2	PIK3R1	9606.ENSP00000258149	9606.ENSP00000428056	0	0	0	0	0.044	0	0	0.674	0.675
MDM2	PPARG	9606.ENSP00000258149	9606.ENSP00000287820	0	0	0	0	0	0.516	0	0.370	0.682
MDM2	RELA	9606.ENSP00000258149	9606.ENSP00000384273	0	0	0	0	0.053	0.334	0	0.630	0.746
MDM2	PLK1	9606.ENSP00000258149	9606.ENSP00000300093	0	0	0	0	0	0.292	0	0.692	0.772
MDM2	TERT	9606.ENSP00000258149	9606.ENSP00000309572	0	0	0	0	0	0.510	0	0.603	0.797
MDM2	SRC	9606.ENSP00000258149	9606.ENSP00000362680	0	0	0	0	0	0.298	0.500	0.690	0.882
MDM2	XIAP	9606.ENSP00000258149	9606.ENSP00000360242	0	0	0	0	0.264	0.596	0	0.782	0.929
MDM2	MDM4	9606.ENSP00000258149	9606.ENSP00000356150	0	0	0	0.788	0.098	0.999	0.900	0.986	0.999
MDM4	PDGFRA	9606.ENSP00000356150	9606.ENSP00000257290	0	0	0	0	0	0.045	0	0.447	0.449
MDM4	PIK3CA	9606.ENSP00000356150	9606.ENSP00000263967	0	0	0	0	0.048	0	0	0.448	0.452
MDM4	TERT	9606.ENSP00000356150	9606.ENSP00000309572	0	0	0	0	0	0	0	0.450	0.450
MDM4	PPARD	9606.ENSP00000356150	9606.ENSP00000310928	0	0	0	0	0	0.603	0	0	0.603
MDM4	PRKAA1	9606.ENSP00000356150	9606.ENSP00000346148	0	0	0	0	0.062	0.313	0	0.239	0.467
MDM4	MTOR	9606.ENSP00000356150	9606.ENSP00000354558	0	0	0	0	0	0.292	0	0.290	0.476
MDM4	PARP1	9606.ENSP00000356150	9606.ENSP00000355759	0	0	0	0	0.058	0	0	0.392	0.402
MDM4	TOP2A	9606.ENSP00000356150	9606.ENSP00000411532	0	0	0	0	0.070	0.319	0	0.213	0.458
MET	MMP2	9606.ENSP00000317272	9606.ENSP00000219070	0	0	0	0	0.069	0	0	0.694	0.703
MET	NFKB1	9606.ENSP00000317272	9606.ENSP00000226574	0	0	0	0	0.053	0.095	0	0.410	0.450
MET	MMP7	9606.ENSP00000317272	9606.ENSP00000260227	0	0	0	0	0.071	0	0	0.394	0.413
MET	PDGFRB	9606.ENSP00000317272	9606.ENSP00000261799	0	0	0	0.577	0	0.179	0	0.307	0.406
MET	TYR	9606.ENSP00000317272	9606.ENSP00000263321	0	0	0	0	0.072	0.099	0	0.516	0.559
MET	PIK3CA	9606.ENSP00000317272	9606.ENSP00000263967	0	0	0	0	0.042	0.069	0.900	0.617	0.961
MET	ZAP70	9606.ENSP00000317272	9606.ENSP00000264972	0	0	0	0.648	0	0.195	0	0.310	0.421
MET	VCAM1	9606.ENSP00000317272	9606.ENSP00000294728	0	0	0	0	0	0.144	0	0.345	0.416
MET	PLG	9606.ENSP00000317272	9606.ENSP00000308938	0	0	0	0	0	0.181	0	0.404	0.491
MET	TERT	9606.ENSP00000317272	9606.ENSP00000309572	0	0	0	0	0	0.198	0	0.450	0.541
MET	PTPN2	9606.ENSP00000317272	9606.ENSP00000311857	0	0	0	0	0	0.105	0.400	0.191	0.527
MET	PTGS2	9606.ENSP00000317272	9606.ENSP00000356438	0	0	0	0	0.056	0	0	0.413	0.422
MET	SYK	9606.ENSP00000317272	9606.ENSP00000364898	0	0	0	0.635	0	0.195	0	0.411	0.505
MET	PTPRC	9606.ENSP00000317272	9606.ENSP00000411355	0	0	0	0	0	0.217	0	0.405	0.514
MET	RET	9606.ENSP00000317272	9606.ENSP00000347942	0	0	0	0.591	0	0.094	0	0.534	0.559
MET	MTOR	9606.ENSP00000317272	9606.ENSP00000354558	0	0	0	0	0	0.073	0	0.607	0.620
MET	NTRK1	9606.ENSP00000317272	9606.ENSP00000431418	0	0	0	0.631	0	0.113	0	0.617	0.646
MET	TNF	9606.ENSP00000317272	9606.ENSP00000398698	0	0	0	0	0	0.057	0	0.651	0.657
MET	PARP1	9606.ENSP00000317272	9606.ENSP00000355759	0	0	0	0	0.067	0	0	0.692	0.701
MET	MMP9	9606.ENSP00000317272	9606.ENSP00000361405	0	0	0	0	0.049	0	0	0.744	0.746
MET	PLAU	9606.ENSP00000317272	9606.ENSP00000361850	0	0	0	0	0.086	0.181	0	0.712	0.765
MET	PIK3R1	9606.ENSP00000317272	9606.ENSP00000428056	0	0	0	0	0	0.197	0.650	0.582	0.872
MET	PIK3CD	9606.ENSP00000317272	9606.ENSP00000366563	0	0	0	0	0	0.069	0.900	0.232	0.922
MET	PIK3CB	9606.ENSP00000317272	9606.ENSP00000501150	0	0	0	0	0.042	0.069	0.900	0.265	0.925
MET	PTPN11	9606.ENSP00000317272	9606.ENSP00000489597	0	0	0	0	0.049	0.407	0.400	0.810	0.927
MET	PTK2	9606.ENSP00000317272	9606.ENSP00000341189	0	0	0	0.593	0.082	0.094	0.900	0.318	0.935
MET	PTPN1	9606.ENSP00000317272	9606.ENSP00000360683	0	0	0	0	0	0.692	0.400	0.771	0.954
MET	SRC	9606.ENSP00000317272	9606.ENSP00000362680	0	0	0	0.678	0.067	0.682	0.900	0.800	0.993
MGLL	TRPA1	9606.ENSP00000265052	9606.ENSP00000262209	0	0	0	0	0	0.134	0	0.405	0.462
MGLL	SCD	9606.ENSP00000265052	9606.ENSP00000359380	0	0	0	0	0	0	0	0.437	0.437
MGLL	PTGS2	9606.ENSP00000265052	9606.ENSP00000356438	0	0	0	0	0.062	0	0	0.553	0.563
MGLL	PRKACA	9606.ENSP00000265052	9606.ENSP00000309591	0	0	0	0	0.047	0	0	0.588	0.590
MGLL	PPARG	9606.ENSP00000265052	9606.ENSP00000287820	0	0	0	0	0.145	0	0	0.550	0.599
MGLL	PPARA	9606.ENSP00000265052	9606.ENSP00000385523	0	0	0	0	0.069	0	0	0.595	0.607
MGLL	PLIN1	9606.ENSP00000265052	9606.ENSP00000300055	0	0	0	0	0.047	0.169	0	0.626	0.678
MGLL	TRPV1	9606.ENSP00000265052	9606.ENSP00000459962	0	0	0	0	0	0	0	0.728	0.728
MIF	VCAM1	9606.ENSP00000215754	9606.ENSP00000294728	0	0	0	0	0	0.046	0	0.418	0.421
MIF	PTGS2	9606.ENSP00000215754	9606.ENSP00000356438	0	0	0	0	0	0	0	0.443	0.443
MIF	SERPINE1	9606.ENSP00000215754	9606.ENSP00000223095	0	0	0	0	0	0	0	0.478	0.478
MIF	TTR	9606.ENSP00000215754	9606.ENSP00000237014	0	0	0	0	0.066	0	0	0.471	0.484
MIF	MMP9	9606.ENSP00000215754	9606.ENSP00000361405	0	0	0	0	0.055	0	0	0.484	0.492
MIF	TLR4	9606.ENSP00000215754	9606.ENSP00000363089	0	0	0	0	0	0	0	0.519	0.519
MIF	SELE	9606.ENSP00000215754	9606.ENSP00000331736	0	0	0	0	0.087	0	0	0.564	0.584
MIF	TNF	9606.ENSP00000215754	9606.ENSP00000398698	0	0	0	0	0	0	0	0.656	0.656
MLYCD	SIRT1	9606.ENSP00000262430	9606.ENSP00000212015	0	0	0	0	0.104	0	0	0.370	0.411
MLYCD	PPARA	9606.ENSP00000262430	9606.ENSP00000385523	0	0	0	0	0.054	0	0	0.585	0.591
MLYCD	PRKAA1	9606.ENSP00000262430	9606.ENSP00000346148	0	0	0	0	0.049	0	0.900	0.152	0.912
MME	MPO	9606.ENSP00000418525	9606.ENSP00000225275	0	0	0	0	0.062	0	0	0.663	0.670
MME	PDGFRB	9606.ENSP00000418525	9606.ENSP00000261799	0	0	0	0	0.106	0	0	0.413	0.452
MME	REN	9606.ENSP00000418525	9606.ENSP00000272190	0	0	0	0	0.042	0.050	0	0.771	0.774
MME	NCSTN	9606.ENSP00000418525	9606.ENSP00000294785	0	0	0	0	0	0	0	0.674	0.674
MME	PGR	9606.ENSP00000418525	9606.ENSP00000325120	0	0	0	0	0.052	0	0	0.605	0.609
MME	PSEN1	9606.ENSP00000418525	9606.ENSP00000326366	0	0	0	0	0.053	0	0	0.759	0.762
MME	SLC5A2	9606.ENSP00000418525	9606.ENSP00000327943	0	0	0	0	0	0	0	0.583	0.583
MME	NR3C2	9606.ENSP00000418525	9606.ENSP00000350815	0	0	0	0	0.052	0	0	0.761	0.763
MME	PSEN2	9606.ENSP00000418525	9606.ENSP00000355747	0	0	0	0	0.053	0	0	0.684	0.688
MME	MMP9	9606.ENSP00000418525	9606.ENSP00000361405	0	0	0	0	0.074	0	0	0.449	0.468
MME	TLR4	9606.ENSP00000418525	9606.ENSP00000363089	0	0	0	0	0.113	0	0	0.465	0.505
MME	PRCP	9606.ENSP00000418525	9606.ENSP00000377055	0	0	0	0	0.042	0	0.900	0.544	0.952
MME	TNF	9606.ENSP00000418525	9606.ENSP00000398698	0	0	0	0	0	0	0	0.456	0.456
MME	PTPRC	9606.ENSP00000418525	9606.ENSP00000411355	0	0	0	0	0.062	0	0	0.770	0.775
MME	PSENEN	9606.ENSP00000418525	9606.ENSP00000468411	0	0	0	0	0	0	0	0.613	0.613
MME	PREP	9606.ENSP00000418525	9606.ENSP00000499089	0	0	0	0	0.074	0	0	0.650	0.662
MMP1	MMP2	9606.ENSP00000322788	9606.ENSP00000219070	0	0	0	0.864	0.181	0	0.900	0.215	0.930
MMP1	PLAT	9606.ENSP00000322788	9606.ENSP00000220809	0	0	0	0	0.132	0	0	0.626	0.661
MMP1	SERPINE1	9606.ENSP00000322788	9606.ENSP00000223095	0	0	0	0	0.208	0	0	0.726	0.773
MMP1	MPO	9606.ENSP00000322788	9606.ENSP00000225275	0	0	0	0	0.048	0	0	0.591	0.593
MMP1	NFKB1	9606.ENSP00000322788	9606.ENSP00000226574	0	0	0	0	0.067	0	0	0.650	0.659
MMP1	MMP7	9606.ENSP00000322788	9606.ENSP00000260227	0	0	0.079	0.916	0.149	0	0.500	0.727	0.878
MMP1	MMP13	9606.ENSP00000322788	9606.ENSP00000260302	0	0	0.070	0.933	0.280	0	0.500	0.140	0.674
MMP1	NOX4	9606.ENSP00000322788	9606.ENSP00000263317	0	0	0	0	0.093	0	0	0.513	0.540
MMP1	VCAM1	9606.ENSP00000322788	9606.ENSP00000294728	0	0	0	0	0.107	0.045	0	0.532	0.567
MMP1	MMP3	9606.ENSP00000322788	9606.ENSP00000299855	0	0	0.064	0.951	0.657	0	0.900	0.597	0.985
MMP1	PLG	9606.ENSP00000322788	9606.ENSP00000308938	0	0	0	0	0.055	0	0.400	0.523	0.706
MMP1	TYMS	9606.ENSP00000322788	9606.ENSP00000315644	0	0	0	0	0.082	0	0	0.394	0.420
MMP1	SRC	9606.ENSP00000322788	9606.ENSP00000362680	0	0	0	0	0.059	0	0	0.395	0.406
MMP1	TLR4	9606.ENSP00000322788	9606.ENSP00000363089	0	0	0	0	0.042	0	0	0.446	0.446
MMP1	SELE	9606.ENSP00000322788	9606.ENSP00000331736	0	0	0	0	0.083	0	0	0.445	0.469
MMP1	TNF	9606.ENSP00000322788	9606.ENSP00000398698	0	0	0	0	0.069	0	0	0.716	0.724
MMP1	PTGS2	9606.ENSP00000322788	9606.ENSP00000356438	0	0	0	0	0.143	0	0	0.728	0.757
MMP1	PLAU	9606.ENSP00000322788	9606.ENSP00000361850	0	0	0	0	0.201	0	0	0.822	0.852
MMP1	MMP9	9606.ENSP00000322788	9606.ENSP00000361405	0	0	0	0.743	0.154	0	0.900	0.725	0.974
MMP13	SIRT1	9606.ENSP00000260302	9606.ENSP00000212015	0	0	0	0	0	0	0	0.438	0.438
MMP13	MMP2	9606.ENSP00000260302	9606.ENSP00000219070	0	0	0	0.886	0.084	0	0.400	0.146	0.490
MMP13	PLAT	9606.ENSP00000260302	9606.ENSP00000220809	0	0	0	0	0.075	0	0	0.587	0.602
MMP13	SERPINE1	9606.ENSP00000260302	9606.ENSP00000223095	0	0	0	0	0.081	0	0	0.444	0.467
MMP13	NFKB1	9606.ENSP00000260302	9606.ENSP00000226574	0	0	0	0	0.067	0	0	0.478	0.492
MMP13	MMP7	9606.ENSP00000260302	9606.ENSP00000260227	0	0	0.078	0.919	0.131	0	0.400	0.199	0.564
MMP13	TGFBR1	9606.ENSP00000260302	9606.ENSP00000447297	0	0	0	0	0.058	0	0	0.398	0.409
MMP13	NOS2	9606.ENSP00000260302	9606.ENSP00000327251	0	0	0	0	0.049	0	0	0.405	0.410
MMP13	VCAM1	9606.ENSP00000260302	9606.ENSP00000294728	0	0	0	0	0.101	0.045	0	0.376	0.418
MMP13	PPARG	9606.ENSP00000260302	9606.ENSP00000287820	0	0	0	0	0	0	0	0.423	0.423
MMP13	TLR4	9606.ENSP00000260302	9606.ENSP00000363089	0	0	0	0	0.044	0	0	0.463	0.465
MMP13	PLAU	9606.ENSP00000260302	9606.ENSP00000361850	0	0	0	0	0.106	0	0	0.460	0.497
MMP13	STAT1	9606.ENSP00000260302	9606.ENSP00000354394	0	0	0	0	0.057	0	0	0.546	0.554
MMP13	MMP3	9606.ENSP00000260302	9606.ENSP00000299855	0	0	0.068	0.943	0.206	0	0.400	0.119	0.557
MMP13	MMP9	9606.ENSP00000260302	9606.ENSP00000361405	0	0	0	0.790	0.134	0	0.400	0.272	0.589
MMP13	PTGS2	9606.ENSP00000260302	9606.ENSP00000356438	0	0	0	0	0.072	0	0	0.649	0.660
MMP13	TNF	9606.ENSP00000260302	9606.ENSP00000398698	0	0	0	0	0.069	0	0	0.704	0.712
MMP13	PLG	9606.ENSP00000260302	9606.ENSP00000308938	0	0	0	0	0.055	0	0.800	0.579	0.913
MMP2	SIRT1	9606.ENSP00000219070	9606.ENSP00000212015	0	0	0	0	0	0	0	0.449	0.449
MMP2	RELA	9606.ENSP00000219070	9606.ENSP00000384273	0	0	0	0	0.061	0.071	0	0.367	0.400
MMP2	STAT1	9606.ENSP00000219070	9606.ENSP00000354394	0	0	0	0	0.085	0	0	0.384	0.412
MMP2	XIAP	9606.ENSP00000219070	9606.ENSP00000360242	0	0	0	0	0	0	0	0.413	0.413
MMP2	ROCK1	9606.ENSP00000219070	9606.ENSP00000382697	0	0	0	0	0.053	0	0	0.424	0.432
MMP2	PGR	9606.ENSP00000219070	9606.ENSP00000325120	0	0	0	0	0	0	0	0.443	0.443
MMP2	NOX4	9606.ENSP00000219070	9606.ENSP00000263317	0	0	0	0	0.090	0	0	0.437	0.466
MMP2	MPO	9606.ENSP00000219070	9606.ENSP00000225275	0	0	0	0	0.048	0	0	0.471	0.474
MMP2	PAK4	9606.ENSP00000219070	9606.ENSP00000469413	0	0	0	0	0	0.292	0	0.295	0.479
MMP2	PARP1	9606.ENSP00000219070	9606.ENSP00000355759	0	0	0	0	0	0	0	0.479	0.479
MMP2	TGFBR1	9606.ENSP00000219070	9606.ENSP00000447297	0	0	0	0	0.058	0	0	0.475	0.484
MMP2	REN	9606.ENSP00000219070	9606.ENSP00000272190	0	0	0	0	0.052	0	0	0.482	0.488
MMP2	SELE	9606.ENSP00000219070	9606.ENSP00000331736	0	0	0	0	0.067	0	0	0.478	0.492
MMP2	PPARG	9606.ENSP00000219070	9606.ENSP00000287820	0	0	0	0	0	0	0	0.511	0.511
MMP2	PDGFRA	9606.ENSP00000219070	9606.ENSP00000257290	0	0	0	0	0.274	0	0	0.355	0.512
MMP2	MTOR	9606.ENSP00000219070	9606.ENSP00000354558	0	0	0	0	0	0	0	0.512	0.512
MMP2	MMP3	9606.ENSP00000219070	9606.ENSP00000299855	0	0	0.061	0.875	0.128	0	0.400	0.152	0.527
MMP2	PPARA	9606.ENSP00000219070	9606.ENSP00000385523	0	0	0	0	0	0	0	0.531	0.531
MMP2	NOS3	9606.ENSP00000219070	9606.ENSP00000297494	0	0	0	0	0.049	0	0	0.528	0.531
MMP2	PDGFRB	9606.ENSP00000219070	9606.ENSP00000261799	0	0	0	0	0.210	0	0	0.480	0.571
MMP2	NFKB1	9606.ENSP00000219070	9606.ENSP00000226574	0	0	0	0	0.074	0	0	0.583	0.597
MMP2	NTRK1	9606.ENSP00000219070	9606.ENSP00000431418	0	0	0	0	0	0	0	0.599	0.599
MMP2	PTK2	9606.ENSP00000219070	9606.ENSP00000341189	0	0	0	0	0.074	0	0	0.609	0.622
MMP2	RPS6KB1	9606.ENSP00000219070	9606.ENSP00000225577	0	0	0	0	0.096	0	0	0.606	0.628
MMP2	VCAM1	9606.ENSP00000219070	9606.ENSP00000294728	0	0	0	0	0.138	0.045	0	0.598	0.640
MMP2	PLAT	9606.ENSP00000219070	9606.ENSP00000220809	0	0	0	0	0.179	0	0	0.581	0.641
MMP2	TLR4	9606.ENSP00000219070	9606.ENSP00000363089	0	0	0	0	0.047	0	0	0.677	0.679
MMP2	TNF	9606.ENSP00000219070	9606.ENSP00000398698	0	0	0	0	0.074	0	0	0.720	0.729
MMP2	SERPINE1	9606.ENSP00000219070	9606.ENSP00000223095	0	0	0	0	0.181	0	0	0.714	0.755
MMP2	PLAU	9606.ENSP00000219070	9606.ENSP00000361850	0	0	0	0	0.142	0	0	0.726	0.755
MMP2	PTGS2	9606.ENSP00000219070	9606.ENSP00000356438	0	0	0	0	0.079	0	0	0.755	0.764
MMP2	PLG	9606.ENSP00000219070	9606.ENSP00000308938	0	0	0	0	0.055	0	0.400	0.631	0.772
MMP2	MMP9	9606.ENSP00000219070	9606.ENSP00000361405	0	0	0.061	0.927	0.128	0	0.900	0.116	0.918
MMP2	MMP7	9606.ENSP00000219070	9606.ENSP00000260227	0	0	0	0.878	0.128	0	0.800	0.798	0.961
MMP2	SRC	9606.ENSP00000219070	9606.ENSP00000362680	0	0	0	0	0.042	0	0.900	0.740	0.972
MMP3	SIRT1	9606.ENSP00000299855	9606.ENSP00000212015	0	0	0	0	0	0	0	0.400	0.400
MMP3	PLAT	9606.ENSP00000299855	9606.ENSP00000220809	0	0	0	0	0.144	0	0	0.817	0.837
MMP3	SERPINE1	9606.ENSP00000299855	9606.ENSP00000223095	0	0	0	0	0.154	0	0	0.861	0.877
MMP3	MPO	9606.ENSP00000299855	9606.ENSP00000225275	0	0	0	0	0.048	0	0	0.614	0.616
MMP3	NFKB1	9606.ENSP00000299855	9606.ENSP00000226574	0	0	0	0	0.088	0	0	0.680	0.695
MMP3	MMP7	9606.ENSP00000299855	9606.ENSP00000260227	0	0	0.077	0.925	0.132	0	0.400	0.609	0.787
MMP3	PDGFRB	9606.ENSP00000299855	9606.ENSP00000261799	0	0	0	0	0.110	0	0	0.357	0.404
MMP3	PPARG	9606.ENSP00000299855	9606.ENSP00000287820	0	0	0	0	0	0	0	0.423	0.423
MMP3	VCAM1	9606.ENSP00000299855	9606.ENSP00000294728	0	0	0	0	0.105	0.045	0	0.531	0.565
MMP3	PTPRC	9606.ENSP00000299855	9606.ENSP00000411355	0	0	0	0	0.086	0	0	0.377	0.406
MMP3	STAT1	9606.ENSP00000299855	9606.ENSP00000354394	0	0	0	0	0.098	0	0	0.372	0.409
MMP3	SELE	9606.ENSP00000299855	9606.ENSP00000331736	0	0	0	0	0.121	0	0	0.444	0.490
MMP3	TLR4	9606.ENSP00000299855	9606.ENSP00000363089	0	0	0	0	0	0	0	0.510	0.510
MMP3	NOS2	9606.ENSP00000299855	9606.ENSP00000327251	0	0	0	0	0.056	0	0	0.520	0.527
MMP3	PTGS2	9606.ENSP00000299855	9606.ENSP00000356438	0	0	0	0	0.102	0	0	0.650	0.673
MMP3	PLAU	9606.ENSP00000299855	9606.ENSP00000361850	0	0	0	0	0.114	0	0	0.745	0.764
MMP3	TNF	9606.ENSP00000299855	9606.ENSP00000398698	0	0	0	0	0.086	0	0	0.846	0.853
MMP3	PLG	9606.ENSP00000299855	9606.ENSP00000308938	0	0	0	0	0.055	0	0.400	0.831	0.895
MMP3	MMP9	9606.ENSP00000299855	9606.ENSP00000361405	0	0	0.075	0.784	0.145	0	0.900	0.514	0.956
MMP7	SERPINE1	9606.ENSP00000260227	9606.ENSP00000223095	0	0	0	0	0.071	0	0	0.780	0.787
MMP7	VCAM1	9606.ENSP00000260227	9606.ENSP00000294728	0	0	0	0	0.063	0.045	0	0.420	0.436
MMP7	NTRK3	9606.ENSP00000260227	9606.ENSP00000354207	0	0	0	0	0.049	0	0	0.436	0.440
MMP7	SRC	9606.ENSP00000260227	9606.ENSP00000362680	0	0	0	0	0.053	0	0	0.433	0.441
MMP7	SELE	9606.ENSP00000260227	9606.ENSP00000331736	0	0	0	0	0.119	0	0	0.429	0.475
MMP7	NTRK1	9606.ENSP00000260227	9606.ENSP00000431418	0	0	0	0	0	0	0	0.487	0.487
MMP7	PLA2G2A	9606.ENSP00000260227	9606.ENSP00000383364	0	0	0	0	0.050	0	0	0.533	0.537
MMP7	TNF	9606.ENSP00000260227	9606.ENSP00000398698	0	0	0	0	0.108	0	0	0.575	0.605
MMP7	PTGS2	9606.ENSP00000260227	9606.ENSP00000356438	0	0	0	0	0.086	0	0	0.655	0.671
MMP7	PLG	9606.ENSP00000260227	9606.ENSP00000308938	0	0	0	0	0.055	0	0.400	0.493	0.687
MMP7	PLAU	9606.ENSP00000260227	9606.ENSP00000361850	0	0	0	0	0.088	0	0	0.732	0.746
MMP7	MMP9	9606.ENSP00000260227	9606.ENSP00000361405	0	0	0	0.803	0.150	0	0.400	0.789	0.883
MMP9	SIRT1	9606.ENSP00000361405	9606.ENSP00000212015	0	0	0	0	0	0	0	0.597	0.597
MMP9	PLAT	9606.ENSP00000361405	9606.ENSP00000220809	0	0	0	0	0.055	0	0	0.891	0.893
MMP9	SERPINE1	9606.ENSP00000361405	9606.ENSP00000223095	0	0	0	0	0.077	0	0	0.793	0.801
MMP9	MPO	9606.ENSP00000361405	9606.ENSP00000225275	0	0	0	0	0.085	0	0	0.967	0.969
MMP9	RPS6KB1	9606.ENSP00000361405	9606.ENSP00000225577	0	0	0	0	0.063	0	0	0.478	0.490
MMP9	NFKB1	9606.ENSP00000361405	9606.ENSP00000226574	0	0	0	0	0.106	0	0	0.788	0.802
MMP9	NR3C1	9606.ENSP00000361405	9606.ENSP00000231509	0	0	0	0	0.103	0	0	0.361	0.402
MMP9	PDGFRA	9606.ENSP00000361405	9606.ENSP00000257290	0	0	0	0	0.071	0	0	0.416	0.435
MMP9	PDGFRB	9606.ENSP00000361405	9606.ENSP00000261799	0	0	0	0	0.050	0	0	0.695	0.698
MMP9	NOX4	9606.ENSP00000361405	9606.ENSP00000263317	0	0	0	0	0.068	0	0	0.525	0.538
MMP9	TYR	9606.ENSP00000361405	9606.ENSP00000263321	0	0	0	0	0.055	0	0	0.532	0.538
MMP9	REN	9606.ENSP00000361405	9606.ENSP00000272190	0	0	0	0	0.052	0	0	0.553	0.558
MMP9	PPARG	9606.ENSP00000361405	9606.ENSP00000287820	0	0	0	0	0	0	0	0.765	0.765
MMP9	VCAM1	9606.ENSP00000361405	9606.ENSP00000294728	0	0	0	0	0.060	0.045	0	0.742	0.748
MMP9	NOS3	9606.ENSP00000361405	9606.ENSP00000297494	0	0	0	0	0.049	0	0	0.728	0.730
MMP9	PLG	9606.ENSP00000361405	9606.ENSP00000308938	0	0	0	0	0.055	0	0	0.826	0.829
MMP9	TERT	9606.ENSP00000361405	9606.ENSP00000309572	0	0	0	0	0	0	0	0.410	0.410
MMP9	PRKACA	9606.ENSP00000361405	9606.ENSP00000309591	0	0	0	0	0	0	0	0.421	0.421
MMP9	PPARD	9606.ENSP00000361405	9606.ENSP00000310928	0	0	0	0	0	0	0	0.585	0.585
MMP9	PGR	9606.ENSP00000361405	9606.ENSP00000325120	0	0	0	0	0	0	0	0.518	0.518
MMP9	NOS2	9606.ENSP00000361405	9606.ENSP00000327251	0	0	0	0	0.049	0	0	0.679	0.681
MMP9	SELE	9606.ENSP00000361405	9606.ENSP00000331736	0	0	0	0	0.083	0	0	0.633	0.650
MMP9	RARB	9606.ENSP00000361405	9606.ENSP00000332296	0	0	0	0	0	0	0	0.506	0.506
MMP9	PTK2	9606.ENSP00000361405	9606.ENSP00000341189	0	0	0	0	0.061	0	0	0.651	0.658
MMP9	PTGES	9606.ENSP00000361405	9606.ENSP00000342385	0	0	0	0	0.057	0	0	0.399	0.409
MMP9	TLR9	9606.ENSP00000361405	9606.ENSP00000353874	0	0	0	0	0.060	0	0	0.431	0.442
MMP9	STAT1	9606.ENSP00000361405	9606.ENSP00000354394	0	0	0	0	0.106	0	0	0.707	0.727
MMP9	MTOR	9606.ENSP00000361405	9606.ENSP00000354558	0	0	0	0	0	0	0	0.588	0.588
MMP9	PTGS1	9606.ENSP00000361405	9606.ENSP00000354612	0	0	0	0	0.140	0	0	0.391	0.454
MMP9	PARP1	9606.ENSP00000361405	9606.ENSP00000355759	0	0	0	0	0	0	0	0.553	0.553
MMP9	PTGS2	9606.ENSP00000361405	9606.ENSP00000356438	0	0	0	0	0.176	0	0	0.785	0.815
MMP9	XIAP	9606.ENSP00000361405	9606.ENSP00000360242	0	0	0	0	0	0	0	0.544	0.544
MMP9	MPL	9606.ENSP00000361405	9606.ENSP00000361548	0	0	0	0	0	0	0	0.429	0.429
MMP9	RAF1	9606.ENSP00000361405	9606.ENSP00000401888	0	0	0	0	0.102	0	0	0.398	0.437
MMP9	SYK	9606.ENSP00000361405	9606.ENSP00000364898	0	0	0	0	0.194	0	0	0.338	0.444
MMP9	NTRK1	9606.ENSP00000361405	9606.ENSP00000431418	0	0	0	0	0	0	0	0.447	0.447
MMP9	PPARA	9606.ENSP00000361405	9606.ENSP00000385523	0	0	0	0	0	0	0	0.470	0.470
MMP9	ROCK1	9606.ENSP00000361405	9606.ENSP00000382697	0	0	0	0	0.075	0	0	0.468	0.487
MMP9	NOX1	9606.ENSP00000361405	9606.ENSP00000362057	0	0	0	0	0.087	0	0	0.501	0.525
MMP9	TGFBR1	9606.ENSP00000361405	9606.ENSP00000447297	0	0	0	0	0.105	0	0	0.510	0.542
MMP9	XDH	9606.ENSP00000361405	9606.ENSP00000368727	0	0	0	0	0	0	0	0.564	0.564
MMP9	NOS1	9606.ENSP00000361405	9606.ENSP00000477999	0	0	0	0	0.049	0	0	0.574	0.577
MMP9	RELA	9606.ENSP00000361405	9606.ENSP00000384273	0	0	0	0	0.067	0.292	0	0.524	0.658
MMP9	PTPRC	9606.ENSP00000361405	9606.ENSP00000411355	0	0	0	0	0.168	0	0	0.667	0.711
MMP9	PLAU	9606.ENSP00000361405	9606.ENSP00000361850	0	0	0	0	0.151	0	0	0.855	0.871
MMP9	TNF	9606.ENSP00000361405	9606.ENSP00000398698	0	0	0	0	0.207	0	0	0.915	0.930
MMP9	TLR4	9606.ENSP00000361405	9606.ENSP00000363089	0	0	0	0	0.180	0	0	0.923	0.934
MMP9	SRC	9606.ENSP00000361405	9606.ENSP00000362680	0	0	0	0	0.075	0	0.900	0.706	0.970
MPL	TUBB1	9606.ENSP00000361548	9606.ENSP00000217133	0	0	0	0	0.364	0	0	0.151	0.437
MPL	PTPRC	9606.ENSP00000361548	9606.ENSP00000411355	0	0	0	0	0	0	0	0.541	0.541
MPL	SYK	9606.ENSP00000361548	9606.ENSP00000364898	0	0	0	0	0.042	0.045	0	0.552	0.554
MPL	TYK2	9606.ENSP00000361548	9606.ENSP00000431885	0	0	0	0	0	0.186	0.650	0.441	0.826
MPO	PLAT	9606.ENSP00000225275	9606.ENSP00000220809	0	0	0	0	0	0.044	0	0.506	0.507
MPO	SERPINE1	9606.ENSP00000225275	9606.ENSP00000223095	0	0	0	0	0.057	0	0	0.680	0.685
MPO	NOX1	9606.ENSP00000225275	9606.ENSP00000362057	0	0.003	0	0	0.055	0.053	0	0.412	0.428
MPO	REN	9606.ENSP00000225275	9606.ENSP00000272190	0	0	0	0	0.059	0	0	0.418	0.428
MPO	NOX4	9606.ENSP00000225275	9606.ENSP00000263317	0	0.001	0	0	0.055	0.053	0	0.420	0.435
MPO	NOS1	9606.ENSP00000225275	9606.ENSP00000477999	0	0	0	0	0.042	0.068	0	0.420	0.436
MPO	OGA	9606.ENSP00000225275	9606.ENSP00000354850	0	0	0	0	0.055	0	0	0.447	0.455
MPO	PLG	9606.ENSP00000225275	9606.ENSP00000308938	0	0	0	0	0.042	0.044	0	0.462	0.464
MPO	TLR9	9606.ENSP00000225275	9606.ENSP00000353874	0	0	0	0	0.074	0	0	0.447	0.466
MPO	TRPV1	9606.ENSP00000225275	9606.ENSP00000459962	0	0	0	0	0	0	0	0.469	0.469
MPO	RARA	9606.ENSP00000225275	9606.ENSP00000254066	0	0	0	0	0.054	0	0	0.471	0.478
MPO	PPARG	9606.ENSP00000225275	9606.ENSP00000287820	0	0	0	0	0.047	0	0	0.483	0.486
MPO	NOS2	9606.ENSP00000225275	9606.ENSP00000327251	0	0	0	0	0	0.068	0	0.501	0.515
MPO	NFKB1	9606.ENSP00000225275	9606.ENSP00000226574	0	0	0	0	0	0	0	0.518	0.518
MPO	NOS3	9606.ENSP00000225275	9606.ENSP00000297494	0	0	0	0	0	0.068	0	0.523	0.536
MPO	VCAM1	9606.ENSP00000225275	9606.ENSP00000294728	0	0	0	0	0	0	0	0.621	0.621
MPO	PTGS2	9606.ENSP00000225275	9606.ENSP00000356438	0	0	0	0	0.075	0	0	0.628	0.641
MPO	XDH	9606.ENSP00000225275	9606.ENSP00000368727	0	0	0	0	0	0	0	0.647	0.647
MPO	PTPRC	9606.ENSP00000225275	9606.ENSP00000411355	0	0	0	0	0.113	0	0	0.660	0.685
MPO	TLR4	9606.ENSP00000225275	9606.ENSP00000363089	0	0	0	0	0.084	0	0	0.715	0.728
MPO	SELE	9606.ENSP00000225275	9606.ENSP00000331736	0	0	0	0	0	0	0	0.743	0.743
MPO	TNF	9606.ENSP00000225275	9606.ENSP00000398698	0	0	0	0	0.097	0	0	0.822	0.832
MTOR	SIRT1	9606.ENSP00000354558	9606.ENSP00000212015	0	0	0	0	0.074	0.526	0	0.867	0.937
MTOR	RPS6KB1	9606.ENSP00000354558	9606.ENSP00000225577	0	0	0	0	0.049	0.995	0.900	0.977	0.999
MTOR	NFKB1	9606.ENSP00000354558	9606.ENSP00000226574	0	0	0	0	0.047	0.107	0	0.741	0.760
MTOR	SIRT2	9606.ENSP00000354558	9606.ENSP00000249396	0	0	0	0	0.042	0.071	0	0.419	0.438
MTOR	PDGFRA	9606.ENSP00000354558	9606.ENSP00000257290	0	0	0	0	0	0.184	0	0.481	0.558
MTOR	PDGFRB	9606.ENSP00000354558	9606.ENSP00000261799	0	0	0	0	0	0	0	0.531	0.531
MTOR	PRKCQ	9606.ENSP00000354558	9606.ENSP00000263125	0	0	0	0	0.042	0.165	0	0.341	0.427
MTOR	NOX4	9606.ENSP00000354558	9606.ENSP00000263317	0	0	0	0	0	0.064	0	0.437	0.451
MTOR	PRKCG	9606.ENSP00000354558	9606.ENSP00000263431	0	0	0	0	0	0	0.900	0.244	0.921
MTOR	PIK3CA	9606.ENSP00000354558	9606.ENSP00000263967	0	0	0	0.548	0.060	0.166	0.900	0.592	0.963
MTOR	REN	9606.ENSP00000354558	9606.ENSP00000272190	0	0	0	0	0	0.066	0	0.452	0.466
MTOR	PPARG	9606.ENSP00000354558	9606.ENSP00000287820	0	0	0	0	0	0	0.900	0.655	0.964
MTOR	NOS3	9606.ENSP00000354558	9606.ENSP00000297494	0	0	0	0	0	0	0	0.677	0.677
MTOR	TERT	9606.ENSP00000354558	9606.ENSP00000309572	0	0	0	0	0.042	0.335	0	0.622	0.738
MTOR	PRKACA	9606.ENSP00000354558	9606.ENSP00000309591	0	0	0	0	0.049	0.091	0	0.653	0.674
MTOR	PPARD	9606.ENSP00000354558	9606.ENSP00000310928	0	0	0	0	0.060	0	0	0.406	0.418
MTOR	PRKDC	9606.ENSP00000354558	9606.ENSP00000313420	0	0	0	0.550	0.154	0.431	0	0.202	0.582
MTOR	PGR	9606.ENSP00000354558	9606.ENSP00000325120	0	0	0	0	0	0	0	0.488	0.488
MTOR	TBK1	9606.ENSP00000354558	9606.ENSP00000329967	0	0	0	0	0.067	0.513	0	0.437	0.722
MTOR	PRKCD	9606.ENSP00000354558	9606.ENSP00000331602	0	0	0	0	0.049	0.383	0	0.385	0.608
MTOR	PTK2	9606.ENSP00000354558	9606.ENSP00000341189	0	0	0	0	0.049	0	0	0.447	0.451
MTOR	PDPK1	9606.ENSP00000354558	9606.ENSP00000344220	0	0	0	0	0.367	0.272	0	0.696	0.848
MTOR	PRKAA1	9606.ENSP00000354558	9606.ENSP00000346148	0	0	0	0	0.082	0.115	0.900	0.698	0.972
MTOR	RET	9606.ENSP00000354558	9606.ENSP00000347942	0	0	0	0	0	0	0	0.483	0.483
MTOR	NTRK3	9606.ENSP00000354558	9606.ENSP00000354207	0	0	0	0	0	0.257	0	0.240	0.411
MTOR	STAT1	9606.ENSP00000354558	9606.ENSP00000354394	0	0	0	0	0.049	0.678	0	0.482	0.827
MTOR	RELA	9606.ENSP00000354558	9606.ENSP00000384273	0	0	0	0	0.060	0.069	0	0.378	0.408
MTOR	ROCK1	9606.ENSP00000354558	9606.ENSP00000382697	0	0	0	0	0.092	0.073	0	0.358	0.413
MTOR	WEE1	9606.ENSP00000354558	9606.ENSP00000402084	0	0	0	0	0	0.188	0	0.316	0.421
MTOR	PTPRC	9606.ENSP00000354558	9606.ENSP00000411355	0	0	0	0	0.063	0.053	0	0.401	0.422
MTOR	SCD	9606.ENSP00000354558	9606.ENSP00000359380	0	0	0	0	0.042	0	0	0.431	0.431
MTOR	SYK	9606.ENSP00000354558	9606.ENSP00000364898	0	0	0	0	0.042	0.073	0	0.438	0.457
MTOR	XIAP	9606.ENSP00000354558	9606.ENSP00000360242	0	0	0	0	0.105	0	0	0.447	0.484
MTOR	PTPN11	9606.ENSP00000354558	9606.ENSP00000489597	0	0	0	0	0.162	0.053	0	0.420	0.499
MTOR	NTRK1	9606.ENSP00000354558	9606.ENSP00000431418	0	0	0	0	0	0.073	0	0.523	0.539
MTOR	PTGS2	9606.ENSP00000354558	9606.ENSP00000356438	0	0	0	0	0	0	0	0.575	0.575
MTOR	RAF1	9606.ENSP00000354558	9606.ENSP00000401888	0	0	0	0	0.121	0.073	0	0.523	0.578
MTOR	TLR4	9606.ENSP00000354558	9606.ENSP00000363089	0	0	0	0	0	0.053	0	0.585	0.590
MTOR	RPS6KA3	9606.ENSP00000354558	9606.ENSP00000368884	0	0	0	0	0.054	0.095	0	0.571	0.600
MTOR	PARP1	9606.ENSP00000354558	9606.ENSP00000355759	0	0	0	0	0.067	0.041	0	0.649	0.658
MTOR	TNF	9606.ENSP00000354558	9606.ENSP00000398698	0	0	0	0	0	0	0	0.671	0.671
MTOR	PPARA	9606.ENSP00000354558	9606.ENSP00000385523	0	0	0	0	0.047	0	0	0.678	0.680
MTOR	RPS6KA1	9606.ENSP00000354558	9606.ENSP00000435412	0	0	0	0	0.049	0.108	0	0.710	0.733
MTOR	SRC	9606.ENSP00000354558	9606.ENSP00000362680	0	0	0	0	0.042	0.073	0	0.786	0.793
MTOR	PIK3CG	9606.ENSP00000354558	9606.ENSP00000419260	0	0	0	0	0	0.166	0	0.836	0.857
MTOR	PRKCB	9606.ENSP00000354558	9606.ENSP00000496129	0	0	0	0	0.044	0	0.900	0.401	0.937
MTOR	PIK3CD	9606.ENSP00000354558	9606.ENSP00000366563	0	0	0	0.550	0.056	0.166	0.900	0.360	0.942
MTOR	PIK3CB	9606.ENSP00000354558	9606.ENSP00000501150	0	0	0	0.549	0.082	0.166	0.900	0.350	0.943
MTOR	PIK3R1	9606.ENSP00000354558	9606.ENSP00000428056	0	0	0	0	0.044	0	0.900	0.577	0.956
NCSTN	TNF	9606.ENSP00000294785	9606.ENSP00000398698	0	0	0	0	0	0	0	0.780	0.780
NCSTN	PSEN1	9606.ENSP00000294785	9606.ENSP00000326366	0	0	0	0	0.106	0.999	0.900	0.999	0.999
NCSTN	PSENEN	9606.ENSP00000294785	9606.ENSP00000468411	0	0	0	0	0.047	0.984	0.900	0.999	0.999
NCSTN	PSEN2	9606.ENSP00000294785	9606.ENSP00000355747	0	0	0	0	0.116	0.999	0.800	0.998	0.999
NEK2	PKMYT1	9606.ENSP00000355966	9606.ENSP00000262300	0	0	0	0.583	0.177	0	0	0.433	0.513
NEK2	PPARG	9606.ENSP00000355966	9606.ENSP00000287820	0	0	0	0	0.059	0	0	0.394	0.405
NEK2	PLK1	9606.ENSP00000355966	9606.ENSP00000300093	0	0	0	0.645	0.553	0	0.800	0.365	0.938
NEK2	TYMS	9606.ENSP00000355966	9606.ENSP00000315644	0	0	0	0	0.294	0	0	0.253	0.450
NEK2	TOP2A	9606.ENSP00000355966	9606.ENSP00000411532	0	0	0	0	0.780	0	0	0.685	0.928
NFKB1	SIRT1	9606.ENSP00000226574	9606.ENSP00000212015	0	0	0	0	0.049	0.330	0.900	0.768	0.983
NFKB1	RIPK2	9606.ENSP00000226574	9606.ENSP00000220751	0	0	0	0	0.143	0.095	0	0.723	0.767
NFKB1	SERPINE1	9606.ENSP00000226574	9606.ENSP00000223095	0	0	0	0	0.045	0.051	0	0.518	0.525
NFKB1	RPS6KB1	9606.ENSP00000226574	9606.ENSP00000225577	0	0	0	0	0.076	0.071	0	0.478	0.513
NFKB1	SIRT2	9606.ENSP00000226574	9606.ENSP00000249396	0	0	0	0	0	0.089	0	0.373	0.404
NFKB1	PGR	9606.ENSP00000226574	9606.ENSP00000325120	0	0	0	0	0	0	0	0.404	0.404
NFKB1	PLG	9606.ENSP00000226574	9606.ENSP00000308938	0	0	0	0	0	0.094	0	0.370	0.404
NFKB1	PTPN1	9606.ENSP00000226574	9606.ENSP00000360683	0	0	0	0	0.163	0.053	0	0.322	0.415
NFKB1	TGFBR1	9606.ENSP00000226574	9606.ENSP00000447297	0	0	0	0	0.048	0.095	0	0.377	0.417
NFKB1	PTGS1	9606.ENSP00000226574	9606.ENSP00000354612	0	0	0	0	0.098	0	0	0.381	0.418
NFKB1	TERT	9606.ENSP00000226574	9606.ENSP00000309572	0	0	0	0	0	0.046	0	0.420	0.423
NFKB1	NTRK1	9606.ENSP00000226574	9606.ENSP00000431418	0	0	0	0	0	0.095	0	0.391	0.425
NFKB1	PTPN11	9606.ENSP00000226574	9606.ENSP00000489597	0	0	0	0	0.079	0.053	0	0.394	0.425
NFKB1	XDH	9606.ENSP00000226574	9606.ENSP00000368727	0	0	0	0	0	0	0	0.436	0.436
NFKB1	NOX1	9606.ENSP00000226574	9606.ENSP00000362057	0	0	0	0	0.098	0.045	0	0.408	0.445
NFKB1	NR4A1	9606.ENSP00000226574	9606.ENSP00000440864	0	0	0	0	0.056	0.136	0	0.375	0.445
NFKB1	ZAP70	9606.ENSP00000226574	9606.ENSP00000264972	0	0	0	0	0.057	0.095	0	0.403	0.446
NFKB1	PLAU	9606.ENSP00000226574	9606.ENSP00000361850	0	0	0	0	0.092	0.094	0	0.399	0.462
NFKB1	PRKCB	9606.ENSP00000226574	9606.ENSP00000496129	0	0	0	0	0.106	0.091	0	0.392	0.463
NFKB1	REN	9606.ENSP00000226574	9606.ENSP00000272190	0	0	0	0	0.045	0.045	0	0.483	0.487
NFKB1	PTPN6	9606.ENSP00000226574	9606.ENSP00000391592	0	0	0	0	0.133	0.053	0	0.432	0.493
NFKB1	NOX4	9606.ENSP00000226574	9606.ENSP00000263317	0	0	0	0	0.055	0.045	0	0.485	0.494
NFKB1	TYK2	9606.ENSP00000226574	9606.ENSP00000431885	0	0	0	0	0.084	0.095	0	0.446	0.501
NFKB1	PTK2	9606.ENSP00000226574	9606.ENSP00000341189	0	0	0	0	0.055	0.091	0	0.471	0.506
NFKB1	NR1H4	9606.ENSP00000226574	9606.ENSP00000447149	0	0	0	0	0	0	0	0.509	0.509
NFKB1	PIK3CB	9606.ENSP00000226574	9606.ENSP00000501150	0	0	0	0	0.049	0	0	0.516	0.520
NFKB1	NOS3	9606.ENSP00000226574	9606.ENSP00000297494	0	0	0	0	0	0.073	0	0.512	0.528
NFKB1	RXRA	9606.ENSP00000226574	9606.ENSP00000419692	0	0	0	0	0.065	0.292	0	0.371	0.548
NFKB1	TRPV1	9606.ENSP00000226574	9606.ENSP00000459962	0	0	0	0	0.047	0	0	0.554	0.557
NFKB1	PTPRC	9606.ENSP00000226574	9606.ENSP00000411355	0	0	0	0	0.154	0.053	0	0.515	0.577
NFKB1	PPARA	9606.ENSP00000226574	9606.ENSP00000385523	0	0	0	0	0.063	0	0	0.571	0.581
NFKB1	SELE	9606.ENSP00000226574	9606.ENSP00000331736	0	0	0	0	0.075	0.048	0	0.571	0.589
NFKB1	PIK3CG	9606.ENSP00000226574	9606.ENSP00000419260	0	0	0	0	0.060	0	0	0.589	0.597
NFKB1	XIAP	9606.ENSP00000226574	9606.ENSP00000360242	0	0	0	0	0.089	0.071	0	0.590	0.623
NFKB1	PIK3R1	9606.ENSP00000226574	9606.ENSP00000428056	0	0	0	0	0.058	0.052	0	0.615	0.626
NFKB1	PDPK1	9606.ENSP00000226574	9606.ENSP00000344220	0	0	0	0	0.082	0	0.500	0.257	0.629
NFKB1	PRKDC	9606.ENSP00000226574	9606.ENSP00000313420	0	0	0	0	0.056	0.221	0	0.539	0.631
NFKB1	PRKCD	9606.ENSP00000226574	9606.ENSP00000331602	0	0	0	0	0.126	0.062	0	0.588	0.633
NFKB1	NOS2	9606.ENSP00000226574	9606.ENSP00000327251	0	0	0	0	0	0.073	0	0.685	0.696
NFKB1	PIK3CA	9606.ENSP00000226574	9606.ENSP00000263967	0	0	0	0	0.060	0.190	0	0.634	0.697
NFKB1	PPARD	9606.ENSP00000226574	9606.ENSP00000310928	0	0	0	0	0.060	0	0	0.714	0.719
NFKB1	SYK	9606.ENSP00000226574	9606.ENSP00000364898	0	0	0	0	0.140	0.095	0	0.694	0.741
NFKB1	SRC	9606.ENSP00000226574	9606.ENSP00000362680	0	0	0	0	0.080	0.095	0	0.731	0.756
NFKB1	VCAM1	9606.ENSP00000226574	9606.ENSP00000294728	0	0	0	0	0.107	0	0	0.752	0.769
NFKB1	PARP1	9606.ENSP00000226574	9606.ENSP00000355759	0	0	0	0	0.047	0.609	0	0.575	0.828
NFKB1	TLR9	9606.ENSP00000226574	9606.ENSP00000353874	0	0	0	0	0	0.093	0	0.819	0.828
NFKB1	PTGS2	9606.ENSP00000226574	9606.ENSP00000356438	0	0	0	0	0.100	0.203	0	0.798	0.842
NFKB1	NR3C1	9606.ENSP00000226574	9606.ENSP00000231509	0	0	0	0	0.126	0.510	0	0.740	0.878
NFKB1	ROCK2	9606.ENSP00000226574	9606.ENSP00000317985	0	0	0	0	0.068	0.095	0.900	0.212	0.924
NFKB1	STAT1	9606.ENSP00000226574	9606.ENSP00000354394	0	0	0	0	0.129	0.045	0	0.918	0.926
NFKB1	ROCK1	9606.ENSP00000226574	9606.ENSP00000382697	0	0	0	0	0.080	0.095	0.900	0.324	0.936
NFKB1	RAF1	9606.ENSP00000226574	9606.ENSP00000401888	0	0	0	0	0.072	0.095	0.900	0.370	0.940
NFKB1	PRKACA	9606.ENSP00000226574	9606.ENSP00000309591	0	0	0	0	0.070	0.045	0.900	0.451	0.944
NFKB1	PRKCQ	9606.ENSP00000226574	9606.ENSP00000263125	0	0	0	0	0.062	0.062	0.900	0.536	0.953
NFKB1	PPARG	9606.ENSP00000226574	9606.ENSP00000287820	0	0	0	0	0.087	0.292	0.750	0.851	0.972
NFKB1	TBK1	9606.ENSP00000226574	9606.ENSP00000329967	0	0	0	0	0.111	0.331	0.900	0.853	0.990
NFKB1	TLR4	9606.ENSP00000226574	9606.ENSP00000363089	0	0	0	0	0.116	0.093	0.900	0.932	0.993
NFKB1	TNF	9606.ENSP00000226574	9606.ENSP00000398698	0	0	0	0	0.194	0	0.900	0.995	0.999
NFKB1	RELA	9606.ENSP00000226574	9606.ENSP00000384273	0	0	0	0.769	0.182	0.999	0.900	0.986	0.999
NOS1	NOX4	9606.ENSP00000477999	9606.ENSP00000263317	0	0	0	0	0	0	0	0.452	0.452
NOS1	REN	9606.ENSP00000477999	9606.ENSP00000272190	0	0	0	0	0	0	0	0.513	0.513
NOS1	NOS3	9606.ENSP00000477999	9606.ENSP00000297494	0	0	0.061	0.959	0.047	0	0.900	0.078	0.906
NOS1	PRKACA	9606.ENSP00000477999	9606.ENSP00000309591	0	0	0	0	0	0.091	0	0.434	0.463
NOS1	PPARD	9606.ENSP00000477999	9606.ENSP00000310928	0	0	0	0	0	0.049	0	0.402	0.406
NOS1	NOS2	9606.ENSP00000477999	9606.ENSP00000327251	0	0	0.066	0.948	0.044	0.370	0.900	0.085	0.939
NOS1	PDE5A	9606.ENSP00000477999	9606.ENSP00000347046	0	0	0	0	0.087	0	0	0.630	0.648
NOS1	NTRK3	9606.ENSP00000477999	9606.ENSP00000354207	0	0	0	0	0.194	0.045	0	0.408	0.505
NOS1	PTGS2	9606.ENSP00000477999	9606.ENSP00000356438	0	0	0	0	0	0.095	0	0.487	0.515
NOS1	NOX1	9606.ENSP00000477999	9606.ENSP00000362057	0	0	0	0	0.047	0	0	0.620	0.622
NOS1	XDH	9606.ENSP00000477999	9606.ENSP00000368727	0	0	0	0	0	0	0	0.923	0.923
NOS1	TNF	9606.ENSP00000477999	9606.ENSP00000398698	0	0	0	0	0.044	0	0	0.528	0.530
NOS1	NTRK1	9606.ENSP00000477999	9606.ENSP00000431418	0	0	0	0	0.057	0.045	0	0.469	0.480
NOS1	TRPV1	9606.ENSP00000477999	9606.ENSP00000459962	0	0	0	0	0	0	0	0.482	0.482
NOS2	SERPINE1	9606.ENSP00000327251	9606.ENSP00000223095	0	0	0	0	0	0.166	0	0.312	0.401
NOS2	NR3C1	9606.ENSP00000327251	9606.ENSP00000231509	0	0	0	0	0	0.049	0	0.419	0.423
NOS2	REN	9606.ENSP00000327251	9606.ENSP00000272190	0	0	0	0	0	0	0	0.546	0.546
NOS2	PPARG	9606.ENSP00000327251	9606.ENSP00000287820	0	0	0	0	0.100	0.049	0	0.677	0.699
NOS2	VCAM1	9606.ENSP00000327251	9606.ENSP00000294728	0	0	0	0	0	0	0	0.472	0.472
NOS2	NOS3	9606.ENSP00000327251	9606.ENSP00000297494	0	0	0.069	0.942	0	0.087	0.900	0.090	0.912
NOS2	NOX1	9606.ENSP00000327251	9606.ENSP00000362057	0	0	0	0	0.065	0	0	0.390	0.405
NOS2	PIK3R1	9606.ENSP00000327251	9606.ENSP00000428056	0	0	0	0	0	0	0.400	0.072	0.419
NOS2	PDE5A	9606.ENSP00000327251	9606.ENSP00000347046	0	0	0	0	0.087	0	0	0.435	0.462
NOS2	RELA	9606.ENSP00000327251	9606.ENSP00000384273	0	0	0	0	0	0.181	0	0.373	0.464
NOS2	PTPRC	9606.ENSP00000327251	9606.ENSP00000411355	0	0	0	0	0	0.057	0	0.464	0.473
NOS2	SELE	9606.ENSP00000327251	9606.ENSP00000331736	0	0	0	0	0.080	0	0	0.453	0.476
NOS2	PARP1	9606.ENSP00000327251	9606.ENSP00000355759	0	0	0	0	0	0	0	0.480	0.480
NOS2	XDH	9606.ENSP00000327251	9606.ENSP00000368727	0	0	0	0	0.055	0	0	0.486	0.493
NOS2	SYK	9606.ENSP00000327251	9606.ENSP00000364898	0	0	0	0	0	0.045	0	0.542	0.544
NOS2	TYK2	9606.ENSP00000327251	9606.ENSP00000431885	0	0	0	0	0	0.045	0	0.589	0.591
NOS2	STAT1	9606.ENSP00000327251	9606.ENSP00000354394	0	0	0	0	0	0	0.400	0.581	0.738
NOS2	TLR4	9606.ENSP00000327251	9606.ENSP00000363089	0	0	0	0	0	0	0	0.754	0.754
NOS2	TNF	9606.ENSP00000327251	9606.ENSP00000398698	0	0	0	0	0.042	0	0	0.858	0.858
NOS2	PTGS2	9606.ENSP00000327251	9606.ENSP00000356438	0	0	0	0	0	0.095	0	0.902	0.908
NOS3	SIRT1	9606.ENSP00000297494	9606.ENSP00000212015	0	0	0	0	0.060	0.292	0	0.781	0.841
NOS3	PLAT	9606.ENSP00000297494	9606.ENSP00000220809	0	0	0	0	0.047	0	0	0.520	0.523
NOS3	SERPINE1	9606.ENSP00000297494	9606.ENSP00000223095	0	0	0	0	0.049	0	0	0.607	0.610
NOS3	NOX4	9606.ENSP00000297494	9606.ENSP00000263317	0	0	0	0	0.049	0	0	0.695	0.697
NOS3	REN	9606.ENSP00000297494	9606.ENSP00000272190	0	0	0	0	0	0	0	0.724	0.724
NOS3	PPARG	9606.ENSP00000297494	9606.ENSP00000287820	0	0	0	0	0.104	0.049	0	0.598	0.627
NOS3	VCAM1	9606.ENSP00000297494	9606.ENSP00000294728	0	0	0	0	0	0	0	0.810	0.810
NOS3	SLC5A2	9606.ENSP00000297494	9606.ENSP00000327943	0	0	0	0	0.061	0	0	0.394	0.406
NOS3	TRPV1	9606.ENSP00000297494	9606.ENSP00000459962	0	0	0	0	0	0	0	0.434	0.434
NOS3	NR3C2	9606.ENSP00000297494	9606.ENSP00000350815	0	0	0	0	0	0.049	0	0.432	0.436
NOS3	PTGS1	9606.ENSP00000297494	9606.ENSP00000354612	0	0	0	0	0	0.085	0	0.433	0.459
NOS3	PLG	9606.ENSP00000297494	9606.ENSP00000308938	0	0	0	0	0	0	0	0.475	0.475
NOS3	TLR4	9606.ENSP00000297494	9606.ENSP00000363089	0	0	0	0	0	0	0	0.522	0.522
NOS3	PPARA	9606.ENSP00000297494	9606.ENSP00000385523	0	0	0	0	0.068	0.049	0	0.512	0.529
NOS3	PDPK1	9606.ENSP00000297494	9606.ENSP00000344220	0	0	0	0	0	0	0.500	0.156	0.559
NOS3	PPARD	9606.ENSP00000297494	9606.ENSP00000310928	0	0	0	0	0.049	0.049	0	0.580	0.586
NOS3	SRC	9606.ENSP00000297494	9606.ENSP00000362680	0	0	0	0	0.048	0.045	0	0.581	0.586
NOS3	ROCK1	9606.ENSP00000297494	9606.ENSP00000382697	0	0	0	0	0	0.045	0	0.585	0.587
NOS3	PRKACA	9606.ENSP00000297494	9606.ENSP00000309591	0	0	0	0	0.042	0.092	0	0.576	0.598
NOS3	NOX1	9606.ENSP00000297494	9606.ENSP00000362057	0	0	0	0	0	0	0	0.611	0.611
NOS3	PTGS2	9606.ENSP00000297494	9606.ENSP00000356438	0	0	0	0	0	0.091	0	0.622	0.642
NOS3	SELE	9606.ENSP00000297494	9606.ENSP00000331736	0	0	0	0	0.122	0	0	0.628	0.659
NOS3	PDE5A	9606.ENSP00000297494	9606.ENSP00000347046	0	0	0	0	0.087	0	0	0.664	0.680
NOS3	TNF	9606.ENSP00000297494	9606.ENSP00000398698	0	0	0	0	0	0	0	0.693	0.693
NOS3	XDH	9606.ENSP00000297494	9606.ENSP00000368727	0	0	0	0	0	0	0	0.828	0.828
NOX1	SIRT1	9606.ENSP00000362057	9606.ENSP00000212015	0	0	0	0	0	0	0	0.458	0.458
NOX1	NOX4	9606.ENSP00000362057	9606.ENSP00000263317	0	0	0.106	0.854	0	0.095	0.900	0.984	0.998
NOX1	REN	9606.ENSP00000362057	9606.ENSP00000272190	0	0	0	0	0.046	0.045	0	0.512	0.517
NOX1	PPARG	9606.ENSP00000362057	9606.ENSP00000287820	0	0	0	0	0.074	0	0	0.391	0.411
NOX1	VCAM1	9606.ENSP00000362057	9606.ENSP00000294728	0	0	0	0	0.103	0	0	0.460	0.495
NOX1	PTGS2	9606.ENSP00000362057	9606.ENSP00000356438	0	0	0	0	0.055	0.052	0	0.488	0.502
NOX1	TLR4	9606.ENSP00000362057	9606.ENSP00000363089	0	0	0	0	0.074	0.045	0	0.455	0.476
NOX1	TNF	9606.ENSP00000362057	9606.ENSP00000398698	0	0	0	0	0.086	0	0	0.612	0.630
NOX1	SRC	9606.ENSP00000362057	9606.ENSP00000362680	0	0	0	0	0.067	0.063	0	0.663	0.679
NOX1	XDH	9606.ENSP00000362057	9606.ENSP00000368727	0	0	0	0	0.043	0	0	0.820	0.820
NOX4	SIRT1	9606.ENSP00000263317	9606.ENSP00000212015	0	0	0	0	0	0	0	0.667	0.667
NOX4	SERPINE1	9606.ENSP00000263317	9606.ENSP00000223095	0	0	0	0	0.088	0	0	0.454	0.481
NOX4	TGFBR1	9606.ENSP00000263317	9606.ENSP00000447297	0	0	0	0	0.042	0.063	0	0.401	0.416
NOX4	PPARA	9606.ENSP00000263317	9606.ENSP00000385523	0	0	0	0	0.067	0	0	0.449	0.463
NOX4	PTPN1	9606.ENSP00000263317	9606.ENSP00000360683	0	0	0	0	0.061	0	0	0.479	0.489
NOX4	PTGS2	9606.ENSP00000263317	9606.ENSP00000356438	0	0	0	0	0.055	0.052	0	0.495	0.508
NOX4	PPARG	9606.ENSP00000263317	9606.ENSP00000287820	0	0	0	0	0.067	0	0	0.529	0.542
NOX4	VCAM1	9606.ENSP00000263317	9606.ENSP00000294728	0	0	0	0	0.102	0	0	0.539	0.569
NOX4	REN	9606.ENSP00000263317	9606.ENSP00000272190	0	0	0	0	0.048	0.045	0	0.602	0.607
NOX4	TNF	9606.ENSP00000263317	9606.ENSP00000398698	0	0	0	0	0.068	0	0	0.598	0.609
NOX4	SRC	9606.ENSP00000263317	9606.ENSP00000362680	0	0	0	0	0	0.063	0	0.692	0.699
NOX4	XDH	9606.ENSP00000263317	9606.ENSP00000368727	0	0	0	0	0.057	0	0	0.722	0.726
NOX4	TLR4	9606.ENSP00000263317	9606.ENSP00000363089	0	0	0	0	0.081	0.512	0	0.993	0.996
NR1H3	SIRT1	9606.ENSP00000477707	9606.ENSP00000212015	0	0	0	0	0	0.301	0	0.422	0.579
NR1H3	PPARG	9606.ENSP00000477707	9606.ENSP00000287820	0	0	0	0.703	0.123	0.405	0	0.763	0.865
NR1H3	PLIN1	9606.ENSP00000477707	9606.ENSP00000300055	0	0	0	0	0.060	0	0.500	0.279	0.631
NR1H3	PPARD	9606.ENSP00000477707	9606.ENSP00000310928	0	0	0	0.689	0	0.405	0	0.248	0.533
NR1H3	RXRG	9606.ENSP00000477707	9606.ENSP00000352900	0	0	0	0.679	0.103	0.908	0	0.569	0.961
NR1H3	STAT1	9606.ENSP00000477707	9606.ENSP00000354394	0	0	0	0	0.056	0.294	0	0.197	0.419
NR1H3	SCD	9606.ENSP00000477707	9606.ENSP00000359380	0	0	0	0	0.072	0	0.500	0.517	0.756
NR1H3	RXRB	9606.ENSP00000477707	9606.ENSP00000363817	0	0	0.093	0.667	0.120	0.982	0.900	0.338	0.998
NR1H3	PPARA	9606.ENSP00000477707	9606.ENSP00000385523	0	0	0	0.708	0.042	0.739	0	0.488	0.860
NR1H3	TNF	9606.ENSP00000477707	9606.ENSP00000398698	0	0	0	0	0.055	0	0	0.439	0.448
NR1H3	RXRA	9606.ENSP00000477707	9606.ENSP00000419692	0	0	0	0.678	0.110	0.986	0.900	0.812	0.999
NR1H3	NR1H4	9606.ENSP00000477707	9606.ENSP00000447149	0	0	0.085	0.834	0.042	0	0	0.397	0.426
NR1H4	SIRT1	9606.ENSP00000447149	9606.ENSP00000212015	0	0	0	0	0	0.301	0	0.547	0.670
NR1H4	RARA	9606.ENSP00000447149	9606.ENSP00000254066	0	0	0	0.705	0	0	0	0.520	0.520
NR1H4	SLC5A1	9606.ENSP00000447149	9606.ENSP00000266088	0	0	0	0	0.085	0	0	0.381	0.410
NR1H4	PPARG	9606.ENSP00000447149	9606.ENSP00000287820	0	0	0	0.668	0.044	0	0	0.537	0.539
NR1H4	PPARD	9606.ENSP00000447149	9606.ENSP00000310928	0	0	0	0.659	0	0	0	0.514	0.514
NR1H4	SLC5A2	9606.ENSP00000447149	9606.ENSP00000327943	0	0	0	0	0.055	0	0	0.395	0.404
NR1H4	NR1I2	9606.ENSP00000447149	9606.ENSP00000336528	0	0	0	0.692	0.206	0	0	0.567	0.642
NR1H4	RXRG	9606.ENSP00000447149	9606.ENSP00000352900	0	0	0	0.668	0.103	0.663	0	0.601	0.869
NR1H4	SCD	9606.ENSP00000447149	9606.ENSP00000359380	0	0	0	0	0.044	0	0	0.519	0.520
NR1H4	TLR4	9606.ENSP00000447149	9606.ENSP00000363089	0	0	0	0	0	0.066	0	0.518	0.531
NR1H4	RXRB	9606.ENSP00000447149	9606.ENSP00000363817	0	0	0	0.639	0.103	0.803	0	0.367	0.878
NR1H4	THRB	9606.ENSP00000447149	9606.ENSP00000379904	0	0	0	0.706	0.088	0	0	0.444	0.471
NR1H4	RELA	9606.ENSP00000447149	9606.ENSP00000384273	0	0	0	0	0	0.298	0	0.204	0.418
NR1H4	TNF	9606.ENSP00000447149	9606.ENSP00000398698	0	0	0	0	0.055	0	0	0.527	0.533
NR1H4	RXRA	9606.ENSP00000447149	9606.ENSP00000419692	0	0	0	0.663	0.103	0.973	0.500	0.987	0.999
NR1I2	STS	9606.ENSP00000336528	9606.ENSP00000217961	0	0	0	0	0.053	0	0	0.462	0.469
NR1I2	RPS6KB1	9606.ENSP00000336528	9606.ENSP00000225577	0	0	0	0	0.055	0.300	0	0.245	0.457
NR1I2	RXRG	9606.ENSP00000336528	9606.ENSP00000352900	0	0	0	0.634	0	0.350	0	0.141	0.418
NR1I2	TLR4	9606.ENSP00000336528	9606.ENSP00000363089	0	0	0	0	0	0.066	0	0.427	0.442
NR1I2	TNF	9606.ENSP00000336528	9606.ENSP00000398698	0	0	0	0	0.055	0	0	0.434	0.442
NR1I2	PPARA	9606.ENSP00000336528	9606.ENSP00000385523	0	0	0	0.642	0.107	0	0	0.527	0.560
NR1I2	RXRB	9606.ENSP00000336528	9606.ENSP00000363817	0	0	0	0.621	0	0.545	0	0.342	0.688
NR1I2	RXRA	9606.ENSP00000336528	9606.ENSP00000419692	0	0	0	0.628	0	0.970	0	0.982	0.999
NR3C1	SIRT1	9606.ENSP00000231509	9606.ENSP00000212015	0	0	0	0	0.059	0.052	0	0.396	0.415
NR3C1	RAF1	9606.ENSP00000231509	9606.ENSP00000401888	0	0	0	0	0.100	0.314	0	0.127	0.414
NR3C1	PNMT	9606.ENSP00000231509	9606.ENSP00000269582	0	0	0	0	0	0	0	0.433	0.433
NR3C1	SRC	9606.ENSP00000231509	9606.ENSP00000362680	0	0	0	0	0.054	0.071	0	0.422	0.447
NR3C1	REN	9606.ENSP00000231509	9606.ENSP00000272190	0	0	0	0	0	0	0	0.455	0.455
NR3C1	TRPV1	9606.ENSP00000231509	9606.ENSP00000459962	0	0	0	0	0	0	0	0.461	0.461
NR3C1	PRKCE	9606.ENSP00000231509	9606.ENSP00000306124	0	0	0	0	0.062	0.042	0	0.458	0.470
NR3C1	TLR4	9606.ENSP00000231509	9606.ENSP00000363089	0	0	0	0	0.127	0.066	0	0.406	0.474
NR3C1	TLR9	9606.ENSP00000231509	9606.ENSP00000353874	0	0	0	0	0	0.066	0	0.468	0.482
NR3C1	VCAM1	9606.ENSP00000231509	9606.ENSP00000294728	0	0	0	0	0.049	0	0	0.494	0.499
NR3C1	PPARA	9606.ENSP00000231509	9606.ENSP00000385523	0	0	0	0.591	0	0	0	0.521	0.521
NR3C1	RARA	9606.ENSP00000231509	9606.ENSP00000254066	0	0	0	0.613	0	0.070	0	0.507	0.521
NR3C1	RXRA	9606.ENSP00000231509	9606.ENSP00000419692	0	0	0	0.629	0.067	0	0	0.525	0.538
NR3C1	PTGS1	9606.ENSP00000231509	9606.ENSP00000354612	0	0	0	0	0.099	0	0	0.528	0.556
NR3C1	TRIM24	9606.ENSP00000231509	9606.ENSP00000340507	0	0	0.240	0	0.062	0.433	0	0.128	0.601
NR3C1	RXRB	9606.ENSP00000231509	9606.ENSP00000363817	0	0	0	0.604	0.055	0.292	0	0.470	0.614
NR3C1	PIK3R1	9606.ENSP00000231509	9606.ENSP00000428056	0	0	0	0	0.148	0.065	0	0.582	0.638
NR3C1	NR4A1	9606.ENSP00000231509	9606.ENSP00000440864	0	0	0	0.589	0	0.186	0	0.589	0.651
NR3C1	PPARG	9606.ENSP00000231509	9606.ENSP00000287820	0	0	0	0.580	0	0.292	0	0.540	0.661
NR3C1	PTGS2	9606.ENSP00000231509	9606.ENSP00000356438	0	0	0	0	0.130	0	0	0.642	0.675
NR3C1	SLC6A4	9606.ENSP00000231509	9606.ENSP00000261707	0	0	0	0	0	0.045	0	0.695	0.696
NR3C1	PRKACA	9606.ENSP00000231509	9606.ENSP00000309591	0	0	0	0	0.042	0	0	0.700	0.700
NR3C1	STAT1	9606.ENSP00000231509	9606.ENSP00000354394	0	0	0	0	0.077	0.045	0.500	0.403	0.701
NR3C1	PGR	9606.ENSP00000231509	9606.ENSP00000325120	0	0	0	0.833	0	0	0.500	0.488	0.733
NR3C1	TNF	9606.ENSP00000231509	9606.ENSP00000398698	0	0	0	0	0.086	0	0	0.733	0.745
NR3C1	RELA	9606.ENSP00000231509	9606.ENSP00000384273	0	0	0	0	0.054	0.739	0	0.443	0.850
NR3C1	NR3C2	9606.ENSP00000231509	9606.ENSP00000350815	0	0	0.075	0.856	0.044	0.510	0.500	0.725	0.929
NR3C2	REN	9606.ENSP00000350815	9606.ENSP00000272190	0	0	0	0	0	0	0	0.944	0.944
NR3C2	PGR	9606.ENSP00000350815	9606.ENSP00000325120	0	0	0	0.803	0	0	0.500	0.440	0.708
NR3C2	SLC5A2	9606.ENSP00000350815	9606.ENSP00000327943	0	0	0	0	0	0	0	0.715	0.715
NR3C2	TRIM24	9606.ENSP00000350815	9606.ENSP00000340507	0	0	0	0	0	0.633	0	0.088	0.651
NR3C2	TNF	9606.ENSP00000350815	9606.ENSP00000398698	0	0	0	0	0.057	0	0	0.401	0.411
NR3C2	RXRA	9606.ENSP00000350815	9606.ENSP00000419692	0	0	0	0.633	0	0.140	0	0.345	0.412
NR3C2	TLR9	9606.ENSP00000350815	9606.ENSP00000353874	0	0	0	0	0	0.066	0	0.400	0.416
NR3C2	PTGS1	9606.ENSP00000350815	9606.ENSP00000354612	0	0	0	0	0.047	0	0	0.424	0.427
NR3C2	STAT1	9606.ENSP00000350815	9606.ENSP00000354394	0	0	0	0	0	0.045	0	0.437	0.439
NR3C2	PTGS2	9606.ENSP00000350815	9606.ENSP00000356438	0	0	0	0	0.047	0	0	0.499	0.502
NR4A1	PPARG	9606.ENSP00000440864	9606.ENSP00000287820	0	0	0	0.641	0	0.342	0	0.470	0.636
NR4A1	PRKACA	9606.ENSP00000440864	9606.ENSP00000309591	0	0	0	0	0	0	0.900	0.353	0.932
NR4A1	PRKCD	9606.ENSP00000440864	9606.ENSP00000331602	0	0	0	0	0.042	0	0	0.418	0.418
NR4A1	RXRG	9606.ENSP00000440864	9606.ENSP00000352900	0	0	0	0.742	0.044	0.383	0	0.101	0.424
NR4A1	PTGS2	9606.ENSP00000440864	9606.ENSP00000356438	0	0	0	0	0.171	0.061	0	0.538	0.609
NR4A1	SRC	9606.ENSP00000440864	9606.ENSP00000362680	0	0	0	0	0	0.045	0	0.524	0.525
NR4A1	RELA	9606.ENSP00000440864	9606.ENSP00000384273	0	0	0	0	0.060	0.303	0	0.251	0.467
NR4A1	TNF	9606.ENSP00000440864	9606.ENSP00000398698	0	0	0	0	0.074	0.091	0	0.638	0.668
NR4A1	PTPRC	9606.ENSP00000440864	9606.ENSP00000411355	0	0	0	0	0	0	0	0.447	0.447
NR4A1	RXRA	9606.ENSP00000440864	9606.ENSP00000419692	0	0	0	0.745	0	0.673	0.900	0.739	0.990
NTRK1	TRPA1	9606.ENSP00000431418	9606.ENSP00000262209	0	0	0	0	0.044	0.095	0	0.489	0.519
NTRK1	PIK3CA	9606.ENSP00000431418	9606.ENSP00000263967	0	0	0	0	0.050	0.087	0.900	0.593	0.960
NTRK1	PPARG	9606.ENSP00000431418	9606.ENSP00000287820	0	0	0	0	0.055	0.071	0	0.395	0.422
NTRK1	TERT	9606.ENSP00000431418	9606.ENSP00000309572	0	0	0	0	0.069	0.049	0	0.457	0.477
NTRK1	PGR	9606.ENSP00000431418	9606.ENSP00000325120	0	0	0	0	0.067	0.071	0	0.372	0.408
NTRK1	RET	9606.ENSP00000431418	9606.ENSP00000347942	0	0	0	0.654	0.042	0.116	0	0.569	0.603
NTRK1	NTRK3	9606.ENSP00000431418	9606.ENSP00000354207	0	0	0.053	0.933	0	0.225	0	0.750	0.800
NTRK1	PTPN1	9606.ENSP00000431418	9606.ENSP00000360683	0	0	0	0	0	0.280	0	0.316	0.487
NTRK1	SRC	9606.ENSP00000431418	9606.ENSP00000362680	0	0	0	0.689	0	0.060	0	0.502	0.511
NTRK1	TLR4	9606.ENSP00000431418	9606.ENSP00000363089	0	0	0	0	0.062	0.100	0	0.518	0.557
NTRK1	PIK3CD	9606.ENSP00000431418	9606.ENSP00000366563	0	0	0	0	0.050	0.069	0.900	0.222	0.922
NTRK1	TYRP1	9606.ENSP00000431418	9606.ENSP00000373570	0	0	0	0	0	0.098	0	0.495	0.525
NTRK1	PTPN6	9606.ENSP00000431418	9606.ENSP00000391592	0	0	0	0	0	0.538	0	0.232	0.630
NTRK1	TNF	9606.ENSP00000431418	9606.ENSP00000398698	0	0	0	0	0	0.057	0	0.689	0.694
NTRK1	PTPRC	9606.ENSP00000431418	9606.ENSP00000411355	0	0	0	0	0	0.369	0	0.350	0.572
NTRK1	PIK3R1	9606.ENSP00000431418	9606.ENSP00000428056	0	0	0	0	0	0.453	0.900	0.370	0.962
NTRK1	PTPN11	9606.ENSP00000431418	9606.ENSP00000489597	0	0	0	0	0	0.218	0	0.460	0.560
NTRK1	TRPV1	9606.ENSP00000431418	9606.ENSP00000459962	0	0	0	0	0	0.046	0	0.669	0.670
NTRK1	PIK3CB	9606.ENSP00000431418	9606.ENSP00000501150	0	0	0	0	0.050	0.087	0.900	0.313	0.932
NTRK3	SLC6A4	9606.ENSP00000354207	9606.ENSP00000261707	0	0	0	0	0	0	0	0.490	0.490
NTRK3	PIK3CA	9606.ENSP00000354207	9606.ENSP00000263967	0	0	0	0	0.050	0.069	0.500	0.492	0.745
NTRK3	TERT	9606.ENSP00000354207	9606.ENSP00000309572	0	0	0	0	0.067	0.049	0	0.414	0.434
NTRK3	RET	9606.ENSP00000354207	9606.ENSP00000347942	0	0	0	0.631	0.042	0.095	0	0.536	0.562
NTRK3	TRPV1	9606.ENSP00000354207	9606.ENSP00000459962	0	0	0	0	0.042	0.046	0	0.431	0.435
NTRK3	SRC	9606.ENSP00000354207	9606.ENSP00000362680	0	0	0	0.686	0	0	0.500	0.138	0.550
NTRK3	PIK3R1	9606.ENSP00000354207	9606.ENSP00000428056	0	0	0	0	0.044	0.173	0.500	0.244	0.661
OGA	REN	9606.ENSP00000354850	9606.ENSP00000272190	0	0	0	0	0	0	0	0.434	0.434
OGA	TBK1	9606.ENSP00000354850	9606.ENSP00000329967	0	0	0	0	0.080	0	0	0.397	0.422
OGA	SYK	9606.ENSP00000354850	9606.ENSP00000364898	0	0	0	0	0.044	0	0	0.433	0.435
OGA	TNF	9606.ENSP00000354850	9606.ENSP00000398698	0	0	0	0	0	0	0	0.693	0.693
P2RX4	P2RY1	9606.ENSP00000353032	9606.ENSP00000304767	0	0	0	0	0	0	0	0.714	0.714
P2RX4	P2RY12	9606.ENSP00000353032	9606.ENSP00000307259	0	0	0	0	0	0	0	0.792	0.792
P2RX4	P2RX7	9606.ENSP00000353032	9606.ENSP00000330696	0	0	0.076	0.907	0.134	0	0.900	0.946	0.995
P2RX4	TRPV1	9606.ENSP00000353032	9606.ENSP00000459962	0	0	0	0	0	0	0	0.445	0.445
P2RX7	P2RY1	9606.ENSP00000330696	9606.ENSP00000304767	0	0	0	0	0	0	0	0.720	0.720
P2RX7	P2RY12	9606.ENSP00000330696	9606.ENSP00000307259	0	0	0	0	0.074	0	0	0.723	0.733
P2RX7	PTGS1	9606.ENSP00000330696	9606.ENSP00000354612	0	0	0	0	0.049	0	0	0.475	0.479
P2RX7	SYK	9606.ENSP00000330696	9606.ENSP00000364898	0	0	0	0	0.056	0.088	0	0.447	0.483
P2RX7	TNF	9606.ENSP00000330696	9606.ENSP00000398698	0	0	0	0	0.058	0	0	0.683	0.688
P2RX7	TLR4	9606.ENSP00000330696	9606.ENSP00000363089	0	0	0	0	0.060	0	0	0.720	0.725
P2RY1	PTGS1	9606.ENSP00000304767	9606.ENSP00000354612	0	0	0	0	0.056	0	0	0.472	0.480
P2RY1	SRC	9606.ENSP00000304767	9606.ENSP00000362680	0	0	0	0	0.057	0	0.500	0.227	0.603
P2RY1	P2RY12	9606.ENSP00000304767	9606.ENSP00000307259	0	0	0	0.641	0.054	0	0	0.957	0.957
P2RY12	PLAT	9606.ENSP00000307259	9606.ENSP00000220809	0	0	0	0	0	0	0	0.448	0.448
P2RY12	SYK	9606.ENSP00000307259	9606.ENSP00000364898	0	0	0	0	0.048	0	0	0.396	0.400
P2RY12	TLR4	9606.ENSP00000307259	9606.ENSP00000363089	0	0	0	0	0.105	0	0	0.385	0.426
P2RY12	TNF	9606.ENSP00000307259	9606.ENSP00000398698	0	0	0	0	0	0	0	0.453	0.453
P2RY12	TGFBR1	9606.ENSP00000307259	9606.ENSP00000447297	0	0	0	0	0	0	0	0.497	0.497
P2RY12	PTPRC	9606.ENSP00000307259	9606.ENSP00000411355	0	0	0	0	0.124	0	0	0.512	0.554
P2RY12	SRC	9606.ENSP00000307259	9606.ENSP00000362680	0	0	0	0	0	0	0.500	0.318	0.644
P2RY12	PTGS1	9606.ENSP00000307259	9606.ENSP00000354612	0	0	0	0	0.067	0	0	0.644	0.653
PAK4	PIK3CA	9606.ENSP00000469413	9606.ENSP00000263967	0	0	0	0	0.067	0	0.400	0.221	0.525
PAK4	ZAP70	9606.ENSP00000469413	9606.ENSP00000264972	0	0	0	0.557	0	0.071	0.400	0.073	0.438
PAK4	PPARG	9606.ENSP00000469413	9606.ENSP00000287820	0	0	0	0	0	0.292	0	0.448	0.592
PAK4	ROCK2	9606.ENSP00000469413	9606.ENSP00000317985	0	0	0	0.592	0.053	0.071	0.400	0.165	0.500
PAK4	ROCK1	9606.ENSP00000469413	9606.ENSP00000382697	0	0	0	0.597	0.053	0.071	0.400	0.171	0.504
PAK4	RAF1	9606.ENSP00000469413	9606.ENSP00000401888	0	0	0	0.582	0.099	0.071	0.900	0.463	0.949
PAK4	PIK3CG	9606.ENSP00000469413	9606.ENSP00000419260	0	0	0	0	0.067	0	0	0.467	0.482
PAK4	PIK3R1	9606.ENSP00000469413	9606.ENSP00000428056	0	0	0	0	0.042	0	0.400	0.681	0.800
PAK4	PTPN11	9606.ENSP00000469413	9606.ENSP00000489597	0	0	0	0	0.091	0.069	0	0.454	0.498
PARP1	SIRT1	9606.ENSP00000355759	9606.ENSP00000212015	0	0	0	0	0.055	0.510	0	0.691	0.844
PARP1	RPS6KB1	9606.ENSP00000355759	9606.ENSP00000225577	0	0	0	0	0.070	0	0	0.633	0.644
PARP1	SIRT2	9606.ENSP00000355759	9606.ENSP00000249396	0	0	0	0	0	0.292	0	0.652	0.743
PARP1	RARA	9606.ENSP00000355759	9606.ENSP00000254066	0	0	0	0	0.067	0.326	0	0.300	0.521
PARP1	PIK3CA	9606.ENSP00000355759	9606.ENSP00000263967	0	0	0	0	0.056	0	0	0.611	0.617
PARP1	POLB	9606.ENSP00000355759	9606.ENSP00000265421	0	0	0	0	0.049	0.804	0.500	0.962	0.996
PARP1	PPARG	9606.ENSP00000355759	9606.ENSP00000287820	0	0	0	0	0.067	0	0	0.623	0.633
PARP1	PLK1	9606.ENSP00000355759	9606.ENSP00000300093	0	0	0	0	0.121	0	0	0.521	0.561
PARP1	TERT	9606.ENSP00000355759	9606.ENSP00000309572	0	0	0	0	0.111	0	0	0.508	0.545
PARP1	PRKDC	9606.ENSP00000355759	9606.ENSP00000313420	0	0	0	0	0.245	0.693	0	0.975	0.993
PARP1	TYMS	9606.ENSP00000355759	9606.ENSP00000315644	0	0	0	0	0.138	0	0	0.378	0.440
PARP1	PGR	9606.ENSP00000355759	9606.ENSP00000325120	0	0	0	0	0.092	0.309	0	0.577	0.711
PARP1	TDP1	9606.ENSP00000355759	9606.ENSP00000337353	0	0	0	0	0.068	0.198	0	0.889	0.909
PARP1	PTK2	9606.ENSP00000355759	9606.ENSP00000341189	0	0	0	0	0.049	0.287	0	0.400	0.557
PARP1	STAT1	9606.ENSP00000355759	9606.ENSP00000354394	0	0	0	0	0.064	0	0	0.439	0.452
PARP1	TOP1	9606.ENSP00000355759	9606.ENSP00000354522	0	0	0	0	0.060	0.628	0	0.831	0.936
PARP1	RPS6KA1	9606.ENSP00000355759	9606.ENSP00000435412	0	0	0	0	0.053	0.076	0	0.415	0.443
PARP1	RAF1	9606.ENSP00000355759	9606.ENSP00000401888	0	0	0	0	0.066	0	0	0.454	0.469
PARP1	PTGS2	9606.ENSP00000355759	9606.ENSP00000356438	0	0	0	0	0.084	0	0	0.479	0.502
PARP1	SRC	9606.ENSP00000355759	9606.ENSP00000362680	0	0	0	0	0	0.079	0	0.582	0.599
PARP1	WEE1	9606.ENSP00000355759	9606.ENSP00000402084	0	0	0	0	0.096	0	0	0.666	0.685
PARP1	XIAP	9606.ENSP00000355759	9606.ENSP00000360242	0	0	0	0	0.055	0	0	0.714	0.718
PARP1	TNF	9606.ENSP00000355759	9606.ENSP00000398698	0	0	0	0	0	0	0	0.735	0.735
PARP1	TOP2A	9606.ENSP00000355759	9606.ENSP00000411532	0	0	0	0	0.174	0.434	0	0.492	0.742
PARP1	RELA	9606.ENSP00000355759	9606.ENSP00000384273	0	0	0	0	0.049	0.697	0	0.655	0.891
PDE10A	PRKACA	9606.ENSP00000355847	9606.ENSP00000309591	0	0	0	0	0.078	0.107	0.650	0.365	0.792
PDE10A	PDE2A	9606.ENSP00000355847	9606.ENSP00000334910	0	0	0	0.754	0.049	0	0.400	0.202	0.504
PDE10A	PDE4D	9606.ENSP00000355847	9606.ENSP00000345502	0	0	0	0.573	0.068	0.071	0.400	0.306	0.591
PDE10A	PDE5A	9606.ENSP00000355847	9606.ENSP00000347046	0	0	0.090	0.763	0	0.109	0.400	0.254	0.588
PDE10A	PDE3A	9606.ENSP00000355847	9606.ENSP00000351957	0	0	0	0.554	0.123	0.109	0	0.303	0.407
PDE10A	PDE7A	9606.ENSP00000355847	9606.ENSP00000385632	0	0	0	0.611	0.067	0.109	0.400	0.542	0.741
PDE10A	PDE4A	9606.ENSP00000355847	9606.ENSP00000370078	0	0	0	0.571	0	0.071	0.400	0.575	0.742
PDE2A	PRKACA	9606.ENSP00000334910	9606.ENSP00000309591	0	0	0	0	0.080	0.107	0	0.367	0.435
PDE2A	PDE3A	9606.ENSP00000334910	9606.ENSP00000351957	0	0	0	0.560	0.060	0.093	0	0.363	0.409
PDE2A	PDE4D	9606.ENSP00000334910	9606.ENSP00000345502	0	0	0	0.591	0.047	0.071	0.400	0.277	0.564
PDE2A	PDE7A	9606.ENSP00000334910	9606.ENSP00000385632	0	0	0	0.628	0.067	0.095	0.400	0.280	0.586
PDE2A	PDE4A	9606.ENSP00000334910	9606.ENSP00000370078	0	0	0	0.583	0.083	0.071	0.400	0.555	0.742
PDE2A	PDE5A	9606.ENSP00000334910	9606.ENSP00000347046	0	0	0	0.689	0.042	0.901	0.400	0.228	0.950
PDE3A	PRKACA	9606.ENSP00000351957	9606.ENSP00000309591	0	0	0	0	0.078	0.340	0.650	0.704	0.928
PDE3A	PDE5A	9606.ENSP00000351957	9606.ENSP00000347046	0	0	0	0.552	0.083	0.126	0	0.342	0.426
PDE3A	PIK3CG	9606.ENSP00000351957	9606.ENSP00000419260	0	0	0	0	0.042	0	0	0.548	0.548
PDE3A	PDE4A	9606.ENSP00000351957	9606.ENSP00000370078	0	0	0	0.607	0	0.091	0	0.558	0.581
PDE4A	PRKACA	9606.ENSP00000370078	9606.ENSP00000309591	0	0	0	0	0.115	0.110	0.650	0.892	0.966
PDE4A	PDE4D	9606.ENSP00000370078	9606.ENSP00000345502	0	0	0.059	0.960	0.045	0.238	0.400	0.347	0.682
PDE4A	PDE5A	9606.ENSP00000370078	9606.ENSP00000347046	0	0	0	0.572	0	0.071	0	0.624	0.636
PDE4A	XIAP	9606.ENSP00000370078	9606.ENSP00000360242	0	0	0	0	0	0	0	0.415	0.414
PDE4A	PDE7A	9606.ENSP00000370078	9606.ENSP00000385632	0	0	0	0.764	0	0	0.400	0.256	0.534
PDE4A	TNF	9606.ENSP00000370078	9606.ENSP00000398698	0	0	0	0	0	0	0	0.576	0.576
PDE4B	PRKACA	9606.ENSP00000342637	9606.ENSP00000309591	0	0	0	0	0.078	0.110	0.650	0.520	0.844
PDE4B	TNF	9606.ENSP00000342637	9606.ENSP00000398698	0	0	0	0	0.058	0	0	0.390	0.401
PDE4B	PTGS2	9606.ENSP00000342637	9606.ENSP00000356438	0	0	0	0	0.249	0	0	0.292	0.446
PDE4B	PIK3CG	9606.ENSP00000342637	9606.ENSP00000419260	0	0	0	0	0.059	0	0	0.601	0.608
PDE4B	PDE4D	9606.ENSP00000342637	9606.ENSP00000345502	0	0	0.055	0.969	0.122	0.422	0.540	0.069	0.757
PDE4D	PRKACA	9606.ENSP00000345502	9606.ENSP00000309591	0	0	0	0	0.078	0.651	0.650	0.750	0.968
PDE4D	PDE7A	9606.ENSP00000345502	9606.ENSP00000385632	0	0	0	0.761	0	0	0.400	0.198	0.498
PDE4D	SRC	9606.ENSP00000345502	9606.ENSP00000362680	0	0	0	0	0.047	0.236	0	0.545	0.640
PDE5A	REN	9606.ENSP00000347046	9606.ENSP00000272190	0	0	0	0	0	0	0	0.438	0.438
PDE5A	PRKACA	9606.ENSP00000347046	9606.ENSP00000309591	0	0	0	0	0.078	0.107	0	0.513	0.564
PDE5A	PDE7A	9606.ENSP00000347046	9606.ENSP00000385632	0	0	0	0.649	0.067	0.126	0	0.331	0.406
PDE5A	RELA	9606.ENSP00000347046	9606.ENSP00000384273	0	0	0	0	0	0.042	0	0.495	0.496
PDE7A	PRKACA	9606.ENSP00000385632	9606.ENSP00000309591	0	0	0	0	0.078	0.627	0	0.422	0.784
PDGFRA	SMO	9606.ENSP00000257290	9606.ENSP00000249373	0	0	0	0	0.066	0	0	0.624	0.633
PDGFRA	TNF	9606.ENSP00000257290	9606.ENSP00000398698	0	0	0	0	0.056	0	0	0.423	0.432
PDGFRA	SYK	9606.ENSP00000257290	9606.ENSP00000364898	0	0	0	0.603	0.055	0.074	0	0.422	0.450
PDGFRA	PLIN1	9606.ENSP00000257290	9606.ENSP00000300055	0	0	0	0	0.047	0	0	0.456	0.460
PDGFRA	PTGS2	9606.ENSP00000257290	9606.ENSP00000356438	0	0	0	0	0.073	0	0	0.547	0.562
PDGFRA	PPARG	9606.ENSP00000257290	9606.ENSP00000287820	0	0	0	0	0.042	0.045	0	0.593	0.595
PDGFRA	PIK3CG	9606.ENSP00000257290	9606.ENSP00000419260	0	0	0	0	0	0.098	0	0.572	0.597
PDGFRA	VCAM1	9606.ENSP00000257290	9606.ENSP00000294728	0	0	0	0	0.141	0.045	0	0.579	0.624
PDGFRA	TGFBR1	9606.ENSP00000257290	9606.ENSP00000447297	0	0	0	0	0	0.092	0	0.605	0.626
PDGFRA	TERT	9606.ENSP00000257290	9606.ENSP00000309572	0	0	0	0	0	0.178	0	0.566	0.628
PDGFRA	PTPRC	9606.ENSP00000257290	9606.ENSP00000411355	0	0	0	0	0.056	0.051	0	0.669	0.678
PDGFRA	TYK2	9606.ENSP00000257290	9606.ENSP00000431885	0	0	0	0.558	0.055	0.074	0.650	0.123	0.695
PDGFRA	STAT1	9606.ENSP00000257290	9606.ENSP00000354394	0	0	0	0	0.052	0.612	0.700	0.314	0.914
PDGFRA	PTK2	9606.ENSP00000257290	9606.ENSP00000341189	0	0	0	0.576	0.075	0.088	0.900	0.160	0.919
PDGFRA	PIK3CD	9606.ENSP00000257290	9606.ENSP00000366563	0	0	0	0	0	0.098	0.900	0.227	0.924
PDGFRA	SRC	9606.ENSP00000257290	9606.ENSP00000362680	0	0	0	0.669	0.050	0.091	0.900	0.539	0.954
PDGFRA	PIK3CB	9606.ENSP00000257290	9606.ENSP00000501150	0	0	0	0	0	0.098	0.900	0.562	0.957
PDGFRA	PDGFRB	9606.ENSP00000257290	9606.ENSP00000261799	0	0	0	0.914	0.245	0.734	0.900	0.520	0.989
PDGFRA	PIK3CA	9606.ENSP00000257290	9606.ENSP00000263967	0	0	0	0	0	0.334	0.900	0.866	0.990
PDGFRA	PTPN11	9606.ENSP00000257290	9606.ENSP00000489597	0	0	0	0	0.060	0.607	0.900	0.888	0.995
PDGFRA	PIK3R1	9606.ENSP00000257290	9606.ENSP00000428056	0	0	0	0	0.054	0.808	0.900	0.795	0.995
PDGFRB	SERPINE1	9606.ENSP00000261799	9606.ENSP00000223095	0	0	0	0	0.085	0	0	0.377	0.405
PDGFRB	RPS6KB1	9606.ENSP00000261799	9606.ENSP00000225577	0	0	0	0.558	0	0.292	0	0.205	0.413
PDGFRB	TERT	9606.ENSP00000261799	9606.ENSP00000309572	0	0	0	0	0	0	0	0.430	0.430
PDGFRB	RARB	9606.ENSP00000261799	9606.ENSP00000332296	0	0	0	0	0.062	0.045	0	0.423	0.438
PDGFRB	TBK1	9606.ENSP00000261799	9606.ENSP00000329967	0	0	0	0	0.055	0.074	0	0.425	0.453
PDGFRB	TGFBR1	9606.ENSP00000261799	9606.ENSP00000447297	0	0	0	0	0	0.091	0	0.431	0.460
PDGFRB	TNF	9606.ENSP00000261799	9606.ENSP00000398698	0	0	0	0	0.056	0	0	0.484	0.492
PDGFRB	VCAM1	9606.ENSP00000261799	9606.ENSP00000294728	0	0	0	0	0.132	0.045	0	0.505	0.554
PDGFRB	TNK2	9606.ENSP00000261799	9606.ENSP00000371341	0	0	0	0.564	0	0.510	0	0.150	0.565
PDGFRB	PTGS2	9606.ENSP00000261799	9606.ENSP00000356438	0	0	0	0	0.099	0	0	0.555	0.582
PDGFRB	PPARG	9606.ENSP00000261799	9606.ENSP00000287820	0	0	0	0	0	0.045	0	0.632	0.634
PDGFRB	PTPN6	9606.ENSP00000261799	9606.ENSP00000391592	0	0	0	0	0.060	0.388	0	0.445	0.653
PDGFRB	PTPRC	9606.ENSP00000261799	9606.ENSP00000411355	0	0	0	0	0.082	0.170	0	0.632	0.696
PDGFRB	PTPN1	9606.ENSP00000261799	9606.ENSP00000360683	0	0	0	0	0	0.598	0	0.305	0.708
PDGFRB	PIK3CG	9606.ENSP00000261799	9606.ENSP00000419260	0	0	0	0	0	0.097	0	0.715	0.731
PDGFRB	RAF1	9606.ENSP00000261799	9606.ENSP00000401888	0	0	0	0.570	0.058	0.635	0	0.311	0.742
PDGFRB	STAT1	9606.ENSP00000261799	9606.ENSP00000354394	0	0	0	0	0.066	0.451	0.500	0.366	0.816
PDGFRB	TYK2	9606.ENSP00000261799	9606.ENSP00000431885	0	0	0	0.556	0.055	0.074	0.650	0.478	0.818
PDGFRB	PTK2	9606.ENSP00000261799	9606.ENSP00000341189	0	0	0	0.570	0.062	0.088	0.900	0.227	0.925
PDGFRB	PIK3CD	9606.ENSP00000261799	9606.ENSP00000366563	0	0	0	0	0	0.097	0.900	0.314	0.932
PDGFRB	PIK3CB	9606.ENSP00000261799	9606.ENSP00000501150	0	0	0	0	0	0.097	0.900	0.601	0.960
PDGFRB	PIK3CA	9606.ENSP00000261799	9606.ENSP00000263967	0	0	0	0	0	0.097	0.900	0.763	0.976
PDGFRB	PTPN11	9606.ENSP00000261799	9606.ENSP00000489597	0	0	0	0	0.063	0.880	0.900	0.943	0.999
PDGFRB	PIK3R1	9606.ENSP00000261799	9606.ENSP00000428056	0	0	0	0	0.047	0.931	0.900	0.900	0.999
PDGFRB	SRC	9606.ENSP00000261799	9606.ENSP00000362680	0	0	0	0.654	0.067	0.796	0.900	0.972	0.999
PDPK1	RIPK2	9606.ENSP00000344220	9606.ENSP00000220751	0	0	0	0.562	0.058	0.104	0.400	0.063	0.462
PDPK1	RPS6KB1	9606.ENSP00000344220	9606.ENSP00000225577	0	0	0.091	0.730	0.098	0.700	0.900	0.536	0.986
PDPK1	RPS6KA6	9606.ENSP00000344220	9606.ENSP00000262752	0	0	0	0.692	0	0.145	0.400	0.079	0.486
PDPK1	PRKCQ	9606.ENSP00000344220	9606.ENSP00000263125	0	0	0	0.707	0	0.393	0.750	0.428	0.905
PDPK1	PIK3CA	9606.ENSP00000344220	9606.ENSP00000263967	0	0	0	0	0.126	0.073	0.900	0.744	0.976
PDPK1	PLK1	9606.ENSP00000344220	9606.ENSP00000300093	0	0	0	0.643	0.054	0	0	0.432	0.439
PDPK1	PRKCE	9606.ENSP00000344220	9606.ENSP00000306124	0	0	0	0.702	0.049	0.393	0	0.123	0.450
PDPK1	PRKCD	9606.ENSP00000344220	9606.ENSP00000331602	0	0	0.098	0.688	0.060	0.393	0.400	0.135	0.684
PDPK1	ROCK1	9606.ENSP00000344220	9606.ENSP00000382697	0	0	0	0.672	0.049	0.104	0	0.504	0.540
PDPK1	RPS6KA1	9606.ENSP00000344220	9606.ENSP00000435412	0	0	0	0.692	0.048	0.145	0.400	0.190	0.551
PDPK1	RELA	9606.ENSP00000344220	9606.ENSP00000384273	0	0	0	0	0.098	0.094	0.500	0.165	0.613
PDPK1	SRC	9606.ENSP00000344220	9606.ENSP00000362680	0	0	0	0.569	0.049	0.104	0	0.670	0.694
PDPK1	PRKCB	9606.ENSP00000344220	9606.ENSP00000496129	0	0	0	0.688	0.044	0.292	0.400	0.411	0.728
PDPK1	RPS6KA3	9606.ENSP00000344220	9606.ENSP00000368884	0	0	0	0.700	0.060	0.641	0.400	0.181	0.812
PDPK1	PIK3CD	9606.ENSP00000344220	9606.ENSP00000366563	0	0	0	0	0.056	0.073	0.900	0.482	0.948
PDPK1	PIK3R1	9606.ENSP00000344220	9606.ENSP00000428056	0	0	0	0	0.067	0	0.900	0.540	0.953
PDPK1	PIK3CG	9606.ENSP00000344220	9606.ENSP00000419260	0	0	0	0	0.055	0.073	0.900	0.671	0.967
PDPK1	PIK3CB	9606.ENSP00000344220	9606.ENSP00000501150	0	0	0	0	0.126	0.073	0.900	0.706	0.973
PGR	RPS6KB1	9606.ENSP00000325120	9606.ENSP00000225577	0	0	0	0	0.055	0.053	0	0.406	0.422
PGR	PIK3CA	9606.ENSP00000325120	9606.ENSP00000263967	0	0	0	0	0.060	0	0.900	0.626	0.961
PGR	TERT	9606.ENSP00000325120	9606.ENSP00000309572	0	0	0	0	0.092	0	0	0.417	0.448
PGR	PRKACA	9606.ENSP00000325120	9606.ENSP00000309591	0	0	0	0	0	0	0.900	0.398	0.937
PGR	PRKDC	9606.ENSP00000325120	9606.ENSP00000313420	0	0	0	0	0	0.292	0	0.214	0.420
PGR	TOP2A	9606.ENSP00000325120	9606.ENSP00000411532	0	0	0	0	0.055	0	0	0.415	0.423
PGR	STAT1	9606.ENSP00000325120	9606.ENSP00000354394	0	0	0	0	0	0.068	0	0.410	0.426
PGR	RXRB	9606.ENSP00000325120	9606.ENSP00000363817	0	0	0	0.603	0	0	0	0.429	0.429
PGR	RXRG	9606.ENSP00000325120	9606.ENSP00000352900	0	0	0	0.642	0.062	0	0	0.419	0.432
PGR	TNF	9606.ENSP00000325120	9606.ENSP00000398698	0	0	0	0	0.055	0	0	0.436	0.444
PGR	PLAU	9606.ENSP00000325120	9606.ENSP00000361850	0	0	0	0	0.067	0	0	0.433	0.448
PGR	RXRA	9606.ENSP00000325120	9606.ENSP00000419692	0	0	0	0.642	0	0	0	0.454	0.454
PGR	PPARA	9606.ENSP00000325120	9606.ENSP00000385523	0	0	0	0.577	0.067	0	0	0.447	0.461
PGR	PTGS1	9606.ENSP00000325120	9606.ENSP00000354612	0	0	0	0	0.047	0	0	0.471	0.474
PGR	PTGS2	9606.ENSP00000325120	9606.ENSP00000356438	0	0	0	0	0.047	0	0	0.585	0.587
PGR	RELA	9606.ENSP00000325120	9606.ENSP00000384273	0	0	0	0	0	0.298	0	0.593	0.702
PGR	PIK3CD	9606.ENSP00000325120	9606.ENSP00000366563	0	0	0	0	0.060	0	0.900	0.136	0.911
PGR	PIK3CB	9606.ENSP00000325120	9606.ENSP00000501150	0	0	0	0	0.060	0	0.900	0.220	0.920
PGR	PIK3R1	9606.ENSP00000325120	9606.ENSP00000428056	0	0	0	0	0	0.065	0.900	0.322	0.931
PGR	SRC	9606.ENSP00000325120	9606.ENSP00000362680	0	0	0	0	0	0.629	0	0.837	0.937
PIK3CA	SIRT1	9606.ENSP00000263967	9606.ENSP00000212015	0	0	0	0	0.210	0	0	0.368	0.480
PIK3CA	RPS6KB1	9606.ENSP00000263967	9606.ENSP00000225577	0	0	0	0	0.125	0	0	0.689	0.716
PIK3CA	PLK1	9606.ENSP00000263967	9606.ENSP00000300093	0	0	0	0	0.056	0	0	0.416	0.425
PIK3CA	RPS6KA3	9606.ENSP00000263967	9606.ENSP00000368884	0	0	0	0	0.120	0	0	0.394	0.444
PIK3CA	PTPRC	9606.ENSP00000263967	9606.ENSP00000411355	0	0	0	0	0.205	0.049	0	0.338	0.457
PIK3CA	RELA	9606.ENSP00000263967	9606.ENSP00000384273	0	0	0	0	0.049	0.314	0	0.346	0.537
PIK3CA	PPARG	9606.ENSP00000263967	9606.ENSP00000287820	0	0	0	0	0.053	0	0	0.542	0.547
PIK3CA	PRKCB	9606.ENSP00000263967	9606.ENSP00000496129	0	0	0	0	0.043	0	0	0.550	0.551
PIK3CA	PRKDC	9606.ENSP00000263967	9606.ENSP00000313420	0	0	0	0.548	0.056	0.127	0	0.508	0.559
PIK3CA	TLR9	9606.ENSP00000263967	9606.ENSP00000353874	0	0	0	0	0	0.079	0.500	0.144	0.571
PIK3CA	RPS6KA1	9606.ENSP00000263967	9606.ENSP00000435412	0	0	0	0	0.069	0	0	0.571	0.583
PIK3CA	TRIM24	9606.ENSP00000263967	9606.ENSP00000340507	0	0	0	0	0.062	0	0.500	0.203	0.593
PIK3CA	ROCK1	9606.ENSP00000263967	9606.ENSP00000382697	0	0	0	0	0.190	0.069	0	0.524	0.610
PIK3CA	TGFBR1	9606.ENSP00000263967	9606.ENSP00000447297	0	0	0	0	0.120	0.069	0	0.589	0.635
PIK3CA	TERT	9606.ENSP00000263967	9606.ENSP00000309572	0	0	0	0	0.060	0	0	0.669	0.675
PIK3CA	TYK2	9606.ENSP00000263967	9606.ENSP00000431885	0	0	0	0	0.055	0.069	0.650	0.215	0.726
PIK3CA	STAT1	9606.ENSP00000263967	9606.ENSP00000354394	0	0	0	0	0.058	0.292	0.500	0.314	0.740
PIK3CA	RET	9606.ENSP00000263967	9606.ENSP00000347942	0	0	0	0	0	0.087	0.500	0.780	0.891
PIK3CA	THRA	9606.ENSP00000263967	9606.ENSP00000264637	0	0	0	0	0.049	0	0.900	0.052	0.901
PIK3CA	THRB	9606.ENSP00000263967	9606.ENSP00000379904	0	0	0	0	0	0	0.900	0.124	0.908
PIK3CA	PRKCD	9606.ENSP00000263967	9606.ENSP00000331602	0	0	0	0	0.062	0	0.900	0.204	0.918
PIK3CA	ZAP70	9606.ENSP00000263967	9606.ENSP00000264972	0	0	0	0	0	0.069	0.900	0.217	0.920
PIK3CA	PTPN6	9606.ENSP00000263967	9606.ENSP00000391592	0	0	0	0	0.104	0.049	0.900	0.174	0.920
PIK3CA	TLR4	9606.ENSP00000263967	9606.ENSP00000363089	0	0	0	0	0.080	0.086	0.900	0.246	0.928
PIK3CA	SYK	9606.ENSP00000263967	9606.ENSP00000364898	0	0	0	0	0	0.069	0.900	0.364	0.935
PIK3CA	PTK2	9606.ENSP00000263967	9606.ENSP00000341189	0	0	0	0	0.090	0.512	0.900	0.410	0.970
PIK3CA	RAF1	9606.ENSP00000263967	9606.ENSP00000401888	0	0	0	0	0.066	0.069	0.900	0.719	0.972
PIK3CA	SRC	9606.ENSP00000263967	9606.ENSP00000362680	0	0	0	0	0.050	0.069	0.900	0.846	0.984
PIK3CA	PTPN11	9606.ENSP00000263967	9606.ENSP00000489597	0	0	0	0	0.118	0.661	0.900	0.725	0.990
PIK3CA	PIK3CG	9606.ENSP00000263967	9606.ENSP00000419260	0	0	0	0.808	0.078	0.045	0.900	0.973	0.997
PIK3CA	PIK3CD	9606.ENSP00000263967	9606.ENSP00000366563	0	0	0.060	0.888	0	0	0.900	0.983	0.998
PIK3CA	PIK3CB	9606.ENSP00000263967	9606.ENSP00000501150	0	0	0.060	0.882	0.083	0	0.900	0.984	0.998
PIK3CA	PIK3R1	9606.ENSP00000263967	9606.ENSP00000428056	0	0	0	0	0.156	0.997	0.967	0.998	0.999
PIK3CB	RPS6KB1	9606.ENSP00000501150	9606.ENSP00000225577	0	0	0	0	0.065	0	0	0.584	0.595
PIK3CB	THRA	9606.ENSP00000501150	9606.ENSP00000264637	0	0	0	0	0	0	0.900	0.049	0.900
PIK3CB	ZAP70	9606.ENSP00000501150	9606.ENSP00000264972	0	0	0	0	0	0.069	0.900	0.223	0.921
PIK3CB	PRKCD	9606.ENSP00000501150	9606.ENSP00000331602	0	0	0	0	0.105	0.292	0.900	0.527	0.966
PIK3CB	PTK2	9606.ENSP00000501150	9606.ENSP00000341189	0	0	0	0	0.087	0.091	0.900	0.261	0.930
PIK3CB	RET	9606.ENSP00000501150	9606.ENSP00000347942	0	0	0	0	0	0.087	0.500	0.295	0.650
PIK3CB	TLR9	9606.ENSP00000501150	9606.ENSP00000353874	0	0	0	0	0	0.079	0.500	0.126	0.562
PIK3CB	STAT1	9606.ENSP00000501150	9606.ENSP00000354394	0	0	0	0	0	0	0.500	0.254	0.611
PIK3CB	PTGS2	9606.ENSP00000501150	9606.ENSP00000356438	0	0	0	0	0	0	0	0.447	0.447
PIK3CB	SRC	9606.ENSP00000501150	9606.ENSP00000362680	0	0	0	0	0.057	0.069	0.900	0.672	0.967
PIK3CB	TLR4	9606.ENSP00000501150	9606.ENSP00000363089	0	0	0	0	0.086	0.086	0.900	0.203	0.924
PIK3CB	SYK	9606.ENSP00000501150	9606.ENSP00000364898	0	0	0	0	0.049	0.069	0.900	0.390	0.938
PIK3CB	PIK3CD	9606.ENSP00000501150	9606.ENSP00000366563	0	0	0.060	0.956	0	0	0.900	0.983	0.998
PIK3CB	THRB	9606.ENSP00000501150	9606.ENSP00000379904	0	0	0	0	0	0	0.900	0.116	0.907
PIK3CB	ROCK1	9606.ENSP00000501150	9606.ENSP00000382697	0	0	0	0	0.096	0.069	0	0.385	0.437
PIK3CB	PTPN6	9606.ENSP00000501150	9606.ENSP00000391592	0	0	0	0	0.104	0.049	0.900	0.164	0.919
PIK3CB	RAF1	9606.ENSP00000501150	9606.ENSP00000401888	0	0	0	0	0.059	0.069	0.900	0.387	0.939
PIK3CB	PIK3CG	9606.ENSP00000501150	9606.ENSP00000419260	0	0	0	0.789	0	0.045	0.900	0.976	0.997
PIK3CB	PIK3R1	9606.ENSP00000501150	9606.ENSP00000428056	0	0	0	0	0.049	0.936	0.914	0.996	0.999
PIK3CB	TYK2	9606.ENSP00000501150	9606.ENSP00000431885	0	0	0	0	0.055	0.069	0.650	0.168	0.709
PIK3CB	PTPN11	9606.ENSP00000501150	9606.ENSP00000489597	0	0	0	0	0.121	0.049	0.900	0.310	0.934
PIK3CD	RPS6KB1	9606.ENSP00000366563	9606.ENSP00000225577	0	0	0	0	0.052	0	0	0.552	0.557
PIK3CD	THRA	9606.ENSP00000366563	9606.ENSP00000264637	0	0	0	0	0	0	0.900	0	0.900
PIK3CD	ZAP70	9606.ENSP00000366563	9606.ENSP00000264972	0	0	0	0	0.074	0.069	0.900	0.434	0.944
PIK3CD	VCAM1	9606.ENSP00000366563	9606.ENSP00000294728	0	0	0	0	0.042	0	0	0.479	0.479
PIK3CD	PRKCD	9606.ENSP00000366563	9606.ENSP00000331602	0	0	0	0	0.095	0	0.900	0.223	0.923
PIK3CD	PTK2	9606.ENSP00000366563	9606.ENSP00000341189	0	0	0	0	0.101	0.045	0.900	0.223	0.924
PIK3CD	RET	9606.ENSP00000366563	9606.ENSP00000347942	0	0	0	0	0	0.087	0.500	0.211	0.608
PIK3CD	SRC	9606.ENSP00000366563	9606.ENSP00000362680	0	0	0	0	0.050	0.069	0.900	0.677	0.967
PIK3CD	TLR4	9606.ENSP00000366563	9606.ENSP00000363089	0	0	0	0	0.124	0.094	0.900	0.273	0.934
PIK3CD	SYK	9606.ENSP00000366563	9606.ENSP00000364898	0	0	0	0	0.092	0.069	0.900	0.758	0.976
PIK3CD	TNF	9606.ENSP00000366563	9606.ENSP00000398698	0	0	0	0	0.090	0	0	0.401	0.431
PIK3CD	PTPRC	9606.ENSP00000366563	9606.ENSP00000411355	0	0	0	0	0.267	0.049	0	0.307	0.476
PIK3CD	PRKCB	9606.ENSP00000366563	9606.ENSP00000496129	0	0	0	0	0.127	0	0	0.593	0.629
PIK3CD	TYK2	9606.ENSP00000366563	9606.ENSP00000431885	0	0	0	0	0.161	0.069	0.650	0.225	0.760
PIK3CD	THRB	9606.ENSP00000366563	9606.ENSP00000379904	0	0	0	0	0	0	0.900	0	0.900
PIK3CD	PTPN6	9606.ENSP00000366563	9606.ENSP00000391592	0	0	0	0	0.189	0.049	0.900	0.163	0.926
PIK3CD	PTPN11	9606.ENSP00000366563	9606.ENSP00000489597	0	0	0	0	0.104	0.049	0.900	0.289	0.931
PIK3CD	RAF1	9606.ENSP00000366563	9606.ENSP00000401888	0	0	0	0	0.060	0.069	0.900	0.322	0.932
PIK3CD	PIK3CG	9606.ENSP00000366563	9606.ENSP00000419260	0	0	0	0.794	0.087	0.296	0.900	0.923	0.994
PIK3CD	PIK3R1	9606.ENSP00000366563	9606.ENSP00000428056	0	0	0	0	0.042	0.987	0.914	0.995	0.999
PIK3CG	RPS6KB1	9606.ENSP00000419260	9606.ENSP00000225577	0	0	0	0	0	0	0	0.657	0.657
PIK3CG	PPARG	9606.ENSP00000419260	9606.ENSP00000287820	0	0	0	0	0.057	0	0	0.526	0.533
PIK3CG	PRKACA	9606.ENSP00000419260	9606.ENSP00000309591	0	0	0	0	0	0	0	0.500	0.500
PIK3CG	PTK2	9606.ENSP00000419260	9606.ENSP00000341189	0	0	0	0	0.067	0.045	0.900	0.295	0.928
PIK3CG	PTPN22	9606.ENSP00000419260	9606.ENSP00000352833	0	0	0	0	0.347	0.059	0	0.122	0.413
PIK3CG	STAT1	9606.ENSP00000419260	9606.ENSP00000354394	0	0	0	0	0.060	0	0.500	0.291	0.637
PIK3CG	PTGS1	9606.ENSP00000419260	9606.ENSP00000354612	0	0	0	0	0.080	0	0	0.400	0.424
PIK3CG	PTGS2	9606.ENSP00000419260	9606.ENSP00000356438	0	0	0	0	0.059	0	0	0.549	0.557
PIK3CG	SRC	9606.ENSP00000419260	9606.ENSP00000362680	0	0	0	0	0	0.069	0.900	0.672	0.966
PIK3CG	TLR4	9606.ENSP00000419260	9606.ENSP00000363089	0	0	0	0	0.137	0.079	0	0.354	0.442
PIK3CG	SYK	9606.ENSP00000419260	9606.ENSP00000364898	0	0	0	0	0.140	0.312	0.500	0.648	0.882
PIK3CG	TNF	9606.ENSP00000419260	9606.ENSP00000398698	0	0	0	0	0.098	0	0	0.596	0.620
PIK3CG	RAF1	9606.ENSP00000419260	9606.ENSP00000401888	0	0	0	0	0.044	0.069	0	0.627	0.639
PIK3CG	PTPRC	9606.ENSP00000419260	9606.ENSP00000411355	0	0	0	0	0.396	0.049	0	0.288	0.556
PIK3CG	PRKCB	9606.ENSP00000419260	9606.ENSP00000496129	0	0	0	0	0.181	0.292	0	0.387	0.613
PIK3CG	PTPN11	9606.ENSP00000419260	9606.ENSP00000489597	0	0	0	0	0.087	0.297	0.500	0.326	0.755
PIK3CG	PIK3R1	9606.ENSP00000419260	9606.ENSP00000428056	0	0	0	0	0.055	0.492	0.914	0.987	0.999
PIK3R1	SIRT1	9606.ENSP00000428056	9606.ENSP00000212015	0	0	0	0	0.049	0.292	0	0.257	0.456
PIK3R1	RPS6KB1	9606.ENSP00000428056	9606.ENSP00000225577	0	0	0	0	0.057	0.123	0	0.537	0.584
PIK3R1	RARA	9606.ENSP00000428056	9606.ENSP00000254066	0	0	0	0	0.049	0.309	0	0.498	0.641
PIK3R1	THRA	9606.ENSP00000428056	9606.ENSP00000264637	0	0	0	0	0.085	0.331	0.900	0.376	0.956
PIK3R1	ZAP70	9606.ENSP00000428056	9606.ENSP00000264972	0	0	0	0	0.056	0.330	0.900	0.293	0.949
PIK3R1	TERT	9606.ENSP00000428056	9606.ENSP00000309572	0	0	0	0	0	0	0	0.417	0.416
PIK3R1	PRKCD	9606.ENSP00000428056	9606.ENSP00000331602	0	0	0	0	0.042	0.049	0.900	0.369	0.934
PIK3R1	TRIM24	9606.ENSP00000428056	9606.ENSP00000340507	0	0	0	0	0.042	0	0.500	0.102	0.532
PIK3R1	PTK2	9606.ENSP00000428056	9606.ENSP00000341189	0	0	0	0	0.042	0.785	0.900	0.489	0.988
PIK3R1	RET	9606.ENSP00000428056	9606.ENSP00000347942	0	0	0	0	0	0.355	0.500	0.710	0.898
PIK3R1	TLR9	9606.ENSP00000428056	9606.ENSP00000353874	0	0	0	0	0	0	0.500	0.149	0.556
PIK3R1	STAT1	9606.ENSP00000428056	9606.ENSP00000354394	0	0	0	0	0.049	0	0.500	0.503	0.743
PIK3R1	PTPN1	9606.ENSP00000428056	9606.ENSP00000360683	0	0	0	0	0.049	0.048	0	0.553	0.560
PIK3R1	SRC	9606.ENSP00000428056	9606.ENSP00000362680	0	0	0	0	0.054	0.880	0.900	0.847	0.998
PIK3R1	TLR4	9606.ENSP00000428056	9606.ENSP00000363089	0	0	0	0	0.062	0	0.900	0.271	0.925
PIK3R1	SYK	9606.ENSP00000428056	9606.ENSP00000364898	0	0	0	0	0.050	0.536	0.900	0.605	0.980
PIK3R1	THRB	9606.ENSP00000428056	9606.ENSP00000379904	0	0	0	0	0.076	0.345	0.900	0.514	0.966
PIK3R1	PPARA	9606.ENSP00000428056	9606.ENSP00000385523	0	0	0	0	0.048	0.065	0	0.508	0.523
PIK3R1	PTPN6	9606.ENSP00000428056	9606.ENSP00000391592	0	0	0	0	0.042	0.633	0.900	0.280	0.971
PIK3R1	RAF1	9606.ENSP00000428056	9606.ENSP00000401888	0	0	0	0	0.042	0.263	0.900	0.303	0.944
PIK3R1	RXRA	9606.ENSP00000428056	9606.ENSP00000419692	0	0	0	0	0.042	0.309	0	0.270	0.475
PIK3R1	PRKCB	9606.ENSP00000428056	9606.ENSP00000496129	0	0	0	0	0.062	0	0	0.504	0.515
PIK3R1	TYK2	9606.ENSP00000428056	9606.ENSP00000431885	0	0	0	0	0	0.093	0.650	0.178	0.716
PIK3R1	TGFBR1	9606.ENSP00000428056	9606.ENSP00000447297	0	0	0	0	0.049	0.536	0	0.596	0.806
PIK3R1	PTPN11	9606.ENSP00000428056	9606.ENSP00000489597	0	0	0	0	0.048	0.880	0.900	0.691	0.996
PKMYT1	TOP2A	9606.ENSP00000262300	9606.ENSP00000411532	0	0	0	0	0.297	0	0	0.322	0.503
PKMYT1	RPS6KA6	9606.ENSP00000262300	9606.ENSP00000262752	0	0	0	0.601	0	0	0.900	0.061	0.902
PKMYT1	RPS6KA3	9606.ENSP00000262300	9606.ENSP00000368884	0	0	0	0.598	0	0	0.900	0.067	0.902
PKMYT1	RPS6KA1	9606.ENSP00000262300	9606.ENSP00000435412	0	0	0	0.598	0.059	0	0.900	0.110	0.908
PKMYT1	PLK1	9606.ENSP00000262300	9606.ENSP00000300093	0	0	0	0.581	0.317	0.644	0.900	0.557	0.987
PLA2G2A	PTGES	9606.ENSP00000383364	9606.ENSP00000342385	0	0	0	0	0.060	0	0	0.479	0.489
PLA2G2A	PTGS1	9606.ENSP00000383364	9606.ENSP00000354612	0	0	0	0	0	0	0.650	0.446	0.797
PLA2G2A	PTGS2	9606.ENSP00000383364	9606.ENSP00000356438	0	0	0	0	0	0	0.650	0.792	0.924
PLA2G2A	SRC	9606.ENSP00000383364	9606.ENSP00000362680	0	0	0	0	0	0	0	0.479	0.479
PLA2G2A	TNF	9606.ENSP00000383364	9606.ENSP00000398698	0	0	0	0	0	0	0	0.480	0.480
PLA2G4B	PRKCG	9606.ENSP00000396045	9606.ENSP00000263431	0	0	0	0	0.061	0	0.650	0.203	0.715
PLA2G4B	PTGS1	9606.ENSP00000396045	9606.ENSP00000354612	0	0	0	0	0.056	0	0.650	0.201	0.713
PLA2G4B	PTGS2	9606.ENSP00000396045	9606.ENSP00000356438	0	0	0	0	0.056	0	0.650	0.201	0.713
PLA2G4B	PRKCB	9606.ENSP00000396045	9606.ENSP00000496129	0	0	0	0	0.061	0	0.650	0.118	0.685
PLAT	SIRT1	9606.ENSP00000220809	9606.ENSP00000212015	0	0	0	0	0	0	0	0.527	0.527
PLAT	SRC	9606.ENSP00000220809	9606.ENSP00000362680	0	0	0	0	0.060	0.096	0	0.353	0.402
PLAT	PTGS2	9606.ENSP00000220809	9606.ENSP00000356438	0	0	0	0	0.066	0	0	0.394	0.410
PLAT	TLR4	9606.ENSP00000220809	9606.ENSP00000363089	0	0	0	0	0.075	0	0	0.415	0.436
PLAT	REN	9606.ENSP00000220809	9606.ENSP00000272190	0	0	0	0	0.042	0.046	0	0.536	0.539
PLAT	SELE	9606.ENSP00000220809	9606.ENSP00000331736	0	0	0	0	0.049	0.046	0	0.595	0.600
PLAT	TNF	9606.ENSP00000220809	9606.ENSP00000398698	0	0	0	0	0.074	0.066	0	0.601	0.625
PLAT	VCAM1	9606.ENSP00000220809	9606.ENSP00000294728	0	0	0	0	0.072	0.125	0	0.724	0.756
PLAT	PLAU	9606.ENSP00000220809	9606.ENSP00000361850	0	0	0.099	0.879	0.156	0.292	0.540	0.446	0.837
PLAT	PLG	9606.ENSP00000220809	9606.ENSP00000308938	0	0	0.097	0.749	0	0	0.900	0.988	0.998
PLAT	SERPINE1	9606.ENSP00000220809	9606.ENSP00000223095	0	0	0	0	0.202	0.959	0.900	0.999	0.999
PLAU	SERPINE1	9606.ENSP00000361850	9606.ENSP00000223095	0	0	0	0	0.259	0.977	0.540	0.999	0.999
PLAU	PPARG	9606.ENSP00000361850	9606.ENSP00000287820	0	0	0	0	0.106	0	0	0.468	0.504
PLAU	VCAM1	9606.ENSP00000361850	9606.ENSP00000294728	0	0	0	0	0.074	0.125	0	0.493	0.553
PLAU	PLG	9606.ENSP00000361850	9606.ENSP00000308938	0	0	0.105	0.738	0	0	0.900	0.893	0.989
PLAU	PTK2	9606.ENSP00000361850	9606.ENSP00000341189	0	0	0	0	0.086	0	0	0.412	0.440
PLAU	PTGS1	9606.ENSP00000361850	9606.ENSP00000354612	0	0	0	0	0.074	0	0	0.381	0.402
PLAU	PTGS2	9606.ENSP00000361850	9606.ENSP00000356438	0	0	0	0	0.102	0	0	0.521	0.552
PLAU	SRC	9606.ENSP00000361850	9606.ENSP00000362680	0	0	0	0	0.108	0.096	0	0.507	0.568
PLAU	TYK2	9606.ENSP00000361850	9606.ENSP00000431885	0	0	0	0	0.055	0.096	0	0.560	0.591
PLAU	TNF	9606.ENSP00000361850	9606.ENSP00000398698	0	0	0	0	0.118	0.066	0	0.723	0.751
PLG	SERPINE1	9606.ENSP00000308938	9606.ENSP00000223095	0	0	0	0	0	0.294	0.400	0.977	0.989
PLG	TTR	9606.ENSP00000308938	9606.ENSP00000237014	0	0	0	0	0.209	0	0	0.402	0.506
PLG	REN	9606.ENSP00000308938	9606.ENSP00000272190	0	0	0	0	0.088	0.046	0	0.581	0.604
PLG	VCAM1	9606.ENSP00000308938	9606.ENSP00000294728	0	0	0	0	0	0.125	0	0.546	0.586
PLG	RELA	9606.ENSP00000308938	9606.ENSP00000384273	0	0	0	0	0	0.331	0	0.144	0.403
PLG	TLR4	9606.ENSP00000308938	9606.ENSP00000363089	0	0	0	0	0	0	0	0.422	0.422
PLG	PTGS2	9606.ENSP00000308938	9606.ENSP00000356438	0	0	0	0	0	0	0	0.430	0.430
PLG	SRC	9606.ENSP00000308938	9606.ENSP00000362680	0	0	0	0	0	0.096	0	0.450	0.482
PLG	SELE	9606.ENSP00000308938	9606.ENSP00000331736	0	0	0	0	0	0.046	0	0.521	0.523
PLG	TNF	9606.ENSP00000308938	9606.ENSP00000398698	0	0	0	0	0	0.066	0	0.665	0.673
PLIN1	SIRT1	9606.ENSP00000300055	9606.ENSP00000212015	0	0	0	0	0	0.089	0	0.373	0.404
PLIN1	PPARG	9606.ENSP00000300055	9606.ENSP00000287820	0	0	0	0	0.125	0	0.500	0.852	0.929
PLIN1	PPARD	9606.ENSP00000300055	9606.ENSP00000310928	0	0	0	0	0	0	0	0.421	0.421
PLIN1	TNF	9606.ENSP00000300055	9606.ENSP00000398698	0	0	0	0	0.088	0	0	0.397	0.426
PLIN1	RXRB	9606.ENSP00000300055	9606.ENSP00000363817	0	0	0	0	0	0	0.500	0.045	0.502
PLIN1	SCD	9606.ENSP00000300055	9606.ENSP00000359380	0	0	0	0	0.067	0.060	0	0.557	0.578
PLIN1	RXRA	9606.ENSP00000300055	9606.ENSP00000419692	0	0	0	0	0.043	0	0.500	0.291	0.631
PLIN1	PPARA	9606.ENSP00000300055	9606.ENSP00000385523	0	0	0	0	0.058	0	0	0.626	0.633
PLIN1	PRKACA	9606.ENSP00000300055	9606.ENSP00000309591	0	0	0	0	0.063	0.050	0.900	0.615	0.961
PLK1	ROCK2	9606.ENSP00000300093	9606.ENSP00000317985	0	0	0	0.583	0.042	0	0	0.462	0.463
PLK1	TYMS	9606.ENSP00000300093	9606.ENSP00000315644	0	0	0	0	0.253	0	0	0.325	0.474
PLK1	RAF1	9606.ENSP00000300093	9606.ENSP00000401888	0	0	0	0.581	0.063	0	0	0.503	0.514
PLK1	PRKDC	9606.ENSP00000300093	9606.ENSP00000313420	0	0	0	0	0.085	0.352	0	0.383	0.602
PLK1	RELA	9606.ENSP00000300093	9606.ENSP00000384273	0	0	0	0	0.055	0.345	0	0.505	0.667
PLK1	PRKACA	9606.ENSP00000300093	9606.ENSP00000309591	0	0	0	0.735	0.056	0	0.800	0.121	0.819
PLK1	TUBA1A	9606.ENSP00000300093	9606.ENSP00000439020	0	0.006	0	0	0.063	0.342	0.800	0.204	0.888
PLK1	TOP2A	9606.ENSP00000300093	9606.ENSP00000411532	0	0	0	0	0.612	0.292	0	0.768	0.931
PLK1	WEE1	9606.ENSP00000300093	9606.ENSP00000402084	0	0	0	0.554	0.130	0.590	0.750	0.926	0.992
PNP	SIRT1	9606.ENSP00000354532	9606.ENSP00000212015	0.060	0	0	0	0	0	0.900	0.330	0.931
PNP	SIRT2	9606.ENSP00000354532	9606.ENSP00000249396	0.060	0	0	0	0	0	0.900	0.185	0.916
PNP	ZAP70	9606.ENSP00000354532	9606.ENSP00000264972	0	0	0	0	0	0	0	0.448	0.448
PNP	PRKDC	9606.ENSP00000354532	9606.ENSP00000313420	0	0	0	0	0.042	0	0	0.418	0.418
PNP	PTGS2	9606.ENSP00000354532	9606.ENSP00000356438	0	0	0	0	0.056	0	0	0.409	0.418
PNP	XDH	9606.ENSP00000354532	9606.ENSP00000368727	0	0	0	0	0.110	0	0.956	0.931	0.997
POLB	TOP1	9606.ENSP00000265421	9606.ENSP00000354522	0	0	0	0	0.047	0.184	0	0.343	0.444
POLB	PRKDC	9606.ENSP00000265421	9606.ENSP00000313420	0	0	0	0	0.047	0	0	0.444	0.447
POLB	TDP1	9606.ENSP00000265421	9606.ENSP00000337353	0	0	0	0	0.042	0.834	0	0.786	0.963
PPARA	SIRT1	9606.ENSP00000385523	9606.ENSP00000212015	0	0	0	0	0	0.345	0	0.862	0.906
PPARA	SERPINE1	9606.ENSP00000385523	9606.ENSP00000223095	0	0	0	0	0	0.045	0	0.453	0.455
PPARA	RPS6KB1	9606.ENSP00000385523	9606.ENSP00000225577	0	0	0	0	0.055	0.053	0	0.434	0.449
PPARA	THRA	9606.ENSP00000385523	9606.ENSP00000264637	0	0	0	0.645	0.049	0	0	0.398	0.403
PPARA	REN	9606.ENSP00000385523	9606.ENSP00000272190	0	0	0	0	0	0	0	0.481	0.481
PPARA	PPARG	9606.ENSP00000385523	9606.ENSP00000287820	0	0	0	0.952	0.055	0	0	0.642	0.647
PPARA	VCAM1	9606.ENSP00000385523	9606.ENSP00000294728	0	0	0	0	0	0	0	0.567	0.567
PPARA	PRKACA	9606.ENSP00000385523	9606.ENSP00000309591	0	0	0	0	0.049	0	0.900	0.478	0.946
PPARA	PPARD	9606.ENSP00000385523	9606.ENSP00000310928	0	0	0.047	0.964	0	0	0	0.887	0.887
PPARA	SLC5A2	9606.ENSP00000385523	9606.ENSP00000327943	0	0	0	0	0.053	0	0	0.447	0.453
PPARA	PRKCD	9606.ENSP00000385523	9606.ENSP00000331602	0	0	0	0	0.098	0.042	0	0.425	0.459
PPARA	RXRG	9606.ENSP00000385523	9606.ENSP00000352900	0	0	0	0.690	0.063	0.342	0.800	0.212	0.889
PPARA	STAT1	9606.ENSP00000385523	9606.ENSP00000354394	0	0	0	0	0.055	0.294	0	0.400	0.565
PPARA	PTGS2	9606.ENSP00000385523	9606.ENSP00000356438	0	0	0	0	0.063	0	0	0.723	0.729
PPARA	SCD	9606.ENSP00000385523	9606.ENSP00000359380	0	0	0	0	0.042	0	0	0.766	0.766
PPARA	PTPN1	9606.ENSP00000385523	9606.ENSP00000360683	0	0	0	0	0	0.064	0	0.423	0.437
PPARA	SRC	9606.ENSP00000385523	9606.ENSP00000362680	0	0	0	0	0.060	0.071	0	0.587	0.608
PPARA	TLR4	9606.ENSP00000385523	9606.ENSP00000363089	0	0	0	0	0.088	0.066	0	0.605	0.634
PPARA	RXRB	9606.ENSP00000385523	9606.ENSP00000363817	0	0	0	0.683	0.056	0.311	0.800	0.545	0.932
PPARA	XDH	9606.ENSP00000385523	9606.ENSP00000368727	0	0	0	0	0.045	0.091	0	0.589	0.612
PPARA	RELA	9606.ENSP00000385523	9606.ENSP00000384273	0	0	0	0	0.064	0.298	0	0.348	0.535
PPARA	TRPV1	9606.ENSP00000385523	9606.ENSP00000459962	0	0	0	0	0.072	0	0	0.708	0.718
PPARA	TNF	9606.ENSP00000385523	9606.ENSP00000398698	0	0	0	0	0.088	0	0	0.800	0.810
PPARA	RXRA	9606.ENSP00000385523	9606.ENSP00000419692	0	0	0	0.689	0.084	0.840	0.900	0.986	0.999
PPARD	SIRT1	9606.ENSP00000310928	9606.ENSP00000212015	0	0	0	0	0.049	0.052	0	0.596	0.604
PPARD	RARA	9606.ENSP00000310928	9606.ENSP00000254066	0	0	0	0.740	0.067	0	0	0.464	0.478
PPARD	PPARG	9606.ENSP00000310928	9606.ENSP00000287820	0	0	0.049	0.958	0	0	0	0.713	0.715
PPARD	RAF1	9606.ENSP00000310928	9606.ENSP00000401888	0	0	0	0	0	0.071	0	0.395	0.414
PPARD	TLR4	9606.ENSP00000310928	9606.ENSP00000363089	0	0	0	0	0	0.066	0	0.412	0.428
PPARD	SCD	9606.ENSP00000310928	9606.ENSP00000359380	0	0	0	0	0	0	0	0.506	0.506
PPARD	RELA	9606.ENSP00000310928	9606.ENSP00000384273	0	0	0	0	0.108	0.298	0	0.284	0.513
PPARD	STAT1	9606.ENSP00000310928	9606.ENSP00000354394	0	0	0	0	0.049	0.294	0	0.345	0.522
PPARD	TNF	9606.ENSP00000310928	9606.ENSP00000398698	0	0	0	0	0.057	0	0	0.555	0.563
PPARD	PTGS2	9606.ENSP00000310928	9606.ENSP00000356438	0	0	0	0	0.047	0	0	0.659	0.661
PPARD	RXRG	9606.ENSP00000310928	9606.ENSP00000352900	0	0	0	0.683	0	0.363	0.800	0.215	0.891
PPARD	RXRB	9606.ENSP00000310928	9606.ENSP00000363817	0	0	0	0.705	0.062	0.398	0.800	0.595	0.948
PPARD	RXRA	9606.ENSP00000310928	9606.ENSP00000419692	0	0	0	0.699	0.049	0.761	0.900	0.838	0.995
PPARG	SIRT1	9606.ENSP00000287820	9606.ENSP00000212015	0	0	0	0	0	0.345	0.900	0.981	0.998
PPARG	SERPINE1	9606.ENSP00000287820	9606.ENSP00000223095	0	0	0	0	0.043	0.045	0	0.731	0.732
PPARG	RPS6KB1	9606.ENSP00000287820	9606.ENSP00000225577	0	0	0	0	0.055	0.053	0	0.552	0.565
PPARG	SIRT2	9606.ENSP00000287820	9606.ENSP00000249396	0	0	0	0	0	0.052	0	0.468	0.474
PPARG	RARA	9606.ENSP00000287820	9606.ENSP00000254066	0	0	0	0.726	0	0.433	0	0.743	0.848
PPARG	TYR	9606.ENSP00000287820	9606.ENSP00000263321	0	0	0	0	0	0.050	0	0.505	0.509
PPARG	REN	9606.ENSP00000287820	9606.ENSP00000272190	0	0	0	0	0.052	0	0	0.603	0.608
PPARG	SIGMAR1	9606.ENSP00000287820	9606.ENSP00000277010	0	0	0	0	0	0	0	0.527	0.527
PPARG	TRIM24	9606.ENSP00000287820	9606.ENSP00000340507	0	0	0	0	0	0.345	0	0.181	0.440
PPARG	PTGES	9606.ENSP00000287820	9606.ENSP00000342385	0	0	0	0	0.079	0	0	0.420	0.443
PPARG	WEE1	9606.ENSP00000287820	9606.ENSP00000402084	0	0	0	0	0.055	0	0	0.460	0.468
PPARG	SELE	9606.ENSP00000287820	9606.ENSP00000331736	0	0	0	0	0.074	0.053	0	0.453	0.478
PPARG	XDH	9606.ENSP00000287820	9606.ENSP00000368727	0	0	0	0	0	0.091	0	0.452	0.481
PPARG	TERT	9606.ENSP00000287820	9606.ENSP00000309572	0	0	0	0	0.067	0	0	0.487	0.501
PPARG	PRKCE	9606.ENSP00000287820	9606.ENSP00000306124	0	0	0	0	0.084	0.042	0	0.507	0.529
PPARG	PRKAA1	9606.ENSP00000287820	9606.ENSP00000346148	0	0	0	0	0.056	0.294	0	0.354	0.532
PPARG	SLC5A2	9606.ENSP00000287820	9606.ENSP00000327943	0	0	0	0	0.053	0	0	0.541	0.546
PPARG	PTPN1	9606.ENSP00000287820	9606.ENSP00000360683	0	0	0	0	0	0.064	0	0.545	0.556
PPARG	PTPN11	9606.ENSP00000287820	9606.ENSP00000489597	0	0	0	0	0.086	0.064	0	0.537	0.569
PPARG	PRKACA	9606.ENSP00000287820	9606.ENSP00000309591	0	0	0	0	0	0	0	0.577	0.577
PPARG	PTPRC	9606.ENSP00000287820	9606.ENSP00000411355	0	0	0	0	0.099	0.064	0	0.542	0.580
PPARG	RET	9606.ENSP00000287820	9606.ENSP00000347942	0	0	0	0	0	0.045	0	0.586	0.587
PPARG	SYK	9606.ENSP00000287820	9606.ENSP00000364898	0	0	0	0	0.084	0.071	0	0.554	0.588
PPARG	VCAM1	9606.ENSP00000287820	9606.ENSP00000294728	0	0	0	0	0.042	0	0	0.635	0.635
PPARG	TGFBR1	9606.ENSP00000287820	9606.ENSP00000447297	0	0	0	0	0.103	0.071	0	0.601	0.639
PPARG	TRPV1	9606.ENSP00000287820	9606.ENSP00000459962	0	0	0	0	0	0	0	0.649	0.649
PPARG	PTGS1	9606.ENSP00000287820	9606.ENSP00000354612	0	0	0	0	0.087	0	0	0.673	0.689
PPARG	PTGS2	9606.ENSP00000287820	9606.ENSP00000356438	0	0	0	0	0.063	0	0	0.729	0.735
PPARG	SRC	9606.ENSP00000287820	9606.ENSP00000362680	0	0	0	0	0.086	0.071	0	0.714	0.736
PPARG	TLR4	9606.ENSP00000287820	9606.ENSP00000363089	0	0	0	0	0.119	0.066	0	0.708	0.738
PPARG	SCD	9606.ENSP00000287820	9606.ENSP00000359380	0	0	0	0	0.082	0	0	0.735	0.746
PPARG	TNF	9606.ENSP00000287820	9606.ENSP00000398698	0	0	0	0	0.099	0	0	0.795	0.807
PPARG	STAT1	9606.ENSP00000287820	9606.ENSP00000354394	0	0	0	0	0.083	0.294	0	0.740	0.817
PPARG	RXRG	9606.ENSP00000287820	9606.ENSP00000352900	0	0	0	0.696	0.049	0.376	0.900	0.456	0.963
PPARG	RXRB	9606.ENSP00000287820	9606.ENSP00000363817	0	0	0	0.658	0.049	0.632	0.900	0.503	0.980
PPARG	RELA	9606.ENSP00000287820	9606.ENSP00000384273	0	0	0	0	0.087	0.834	0.750	0.976	0.998
PPARG	RXRA	9606.ENSP00000287820	9606.ENSP00000419692	0	0	0	0.688	0.061	0.999	0.900	0.987	0.999
PRCP	REN	9606.ENSP00000377055	9606.ENSP00000272190	0	0	0	0	0.055	0	0	0.668	0.673
PRCP	SELE	9606.ENSP00000377055	9606.ENSP00000331736	0	0	0	0	0.044	0	0	0.413	0.414
PRCP	PREP	9606.ENSP00000377055	9606.ENSP00000499089	0	0.005	0	0	0.074	0	0	0.896	0.900
PREP	REN	9606.ENSP00000499089	9606.ENSP00000272190	0	0	0	0	0	0	0	0.521	0.521
PRKAA1	SIRT1	9606.ENSP00000346148	9606.ENSP00000212015	0	0	0	0	0.060	0.045	0	0.542	0.553
PRKAA1	PRKACA	9606.ENSP00000346148	9606.ENSP00000309591	0	0	0.092	0.769	0.116	0.097	0.900	0.103	0.923
PRKAA1	THRB	9606.ENSP00000346148	9606.ENSP00000379904	0	0	0	0	0.055	0.045	0	0.408	0.419
PRKAA1	TUBA1A	9606.ENSP00000346148	9606.ENSP00000439020	0	0	0	0	0.076	0.365	0	0.101	0.427
PRKACA	SIRT1	9606.ENSP00000309591	9606.ENSP00000212015	0	0	0	0	0	0	0	0.540	0.540
PRKACA	RPS6KB1	9606.ENSP00000309591	9606.ENSP00000225577	0	0	0.066	0.869	0.057	0.252	0.900	0.159	0.934
PRKACA	SMO	9606.ENSP00000309591	9606.ENSP00000249373	0	0	0	0	0	0.241	0.900	0.579	0.965
PRKACA	TRPA1	9606.ENSP00000309591	9606.ENSP00000262209	0	0	0	0	0.063	0.045	0	0.616	0.626
PRKACA	TYR	9606.ENSP00000309591	9606.ENSP00000263321	0	0	0	0	0.061	0.069	0	0.378	0.408
PRKACA	SLC9A1	9606.ENSP00000309591	9606.ENSP00000263980	0	0	0	0	0.097	0	0.900	0.391	0.940
PRKACA	SLC6A3	9606.ENSP00000309591	9606.ENSP00000270349	0	0	0	0	0.049	0	0	0.396	0.401
PRKACA	REN	9606.ENSP00000309591	9606.ENSP00000272190	0	0	0	0	0	0.045	0	0.467	0.469
PRKACA	SIGMAR1	9606.ENSP00000309591	9606.ENSP00000277010	0	0	0	0	0.056	0.074	0	0.561	0.582
PRKACA	PTPN7	9606.ENSP00000309591	9606.ENSP00000309116	0	0	0	0	0.128	0.316	0	0.171	0.462
PRKACA	RPS6KA1	9606.ENSP00000309591	9606.ENSP00000435412	0	0	0	0.868	0.050	0	0	0.420	0.425
PRKACA	RET	9606.ENSP00000309591	9606.ENSP00000347942	0	0	0	0.604	0	0	0.400	0.118	0.448
PRKACA	TLR4	9606.ENSP00000309591	9606.ENSP00000363089	0	0	0	0	0.062	0	0	0.435	0.448
PRKACA	TYRP1	9606.ENSP00000309591	9606.ENSP00000373570	0	0	0	0	0.061	0.069	0	0.439	0.467
PRKACA	PTGS2	9606.ENSP00000309591	9606.ENSP00000356438	0	0	0	0	0	0	0	0.585	0.585
PRKACA	TNF	9606.ENSP00000309591	9606.ENSP00000398698	0	0	0	0	0	0	0	0.587	0.587
PRKACA	PTK2	9606.ENSP00000309591	9606.ENSP00000341189	0	0	0	0.595	0.042	0	0.900	0.150	0.911
PRKACA	RAF1	9606.ENSP00000309591	9606.ENSP00000401888	0	0	0	0.588	0.054	0.088	0.900	0.216	0.923
PRKACA	PSEN1	9606.ENSP00000309591	9606.ENSP00000326366	0	0	0	0	0.048	0	0.900	0.382	0.936
PRKACA	SCN5A	9606.ENSP00000309591	9606.ENSP00000328968	0	0	0	0	0	0	0.900	0.399	0.937
PRKACA	TRPV1	9606.ENSP00000309591	9606.ENSP00000459962	0	0	0	0	0	0.091	0.900	0.629	0.963
PRKACA	RELA	9606.ENSP00000309591	9606.ENSP00000384273	0	0	0	0	0.086	0.742	0.900	0.718	0.992
PRKCB	SIRT1	9606.ENSP00000496129	9606.ENSP00000212015	0	0	0	0	0.044	0	0	0.491	0.492
PRKCB	PRKCQ	9606.ENSP00000496129	9606.ENSP00000263125	0	0	0.063	0.887	0.135	0	0.900	0.082	0.915
PRKCB	TYR	9606.ENSP00000496129	9606.ENSP00000263321	0	0	0	0	0.073	0	0.900	0.228	0.922
PRKCB	PRKCG	9606.ENSP00000496129	9606.ENSP00000263431	0	0	0.053	0.974	0.062	0.452	0.900	0.061	0.946
PRKCB	SLC9A1	9606.ENSP00000496129	9606.ENSP00000263980	0	0	0	0	0.057	0	0.900	0.134	0.911
PRKCB	SLC6A3	9606.ENSP00000496129	9606.ENSP00000270349	0	0	0	0	0	0	0.900	0.205	0.917
PRKCB	VCAM1	9606.ENSP00000496129	9606.ENSP00000294728	0	0	0	0	0.098	0	0	0.364	0.402
PRKCB	PRKCE	9606.ENSP00000496129	9606.ENSP00000306124	0	0	0	0.920	0.066	0	0.400	0.118	0.463
PRKCB	PRKCD	9606.ENSP00000496129	9606.ENSP00000331602	0	0	0.061	0.886	0.117	0.614	0.900	0.119	0.966
PRKCB	PTK2	9606.ENSP00000496129	9606.ENSP00000341189	0	0	0	0.559	0.056	0	0.900	0.106	0.908
PRKCB	SYK	9606.ENSP00000496129	9606.ENSP00000364898	0	0	0	0.566	0.171	0.050	0	0.527	0.595
PRKCB	TNF	9606.ENSP00000496129	9606.ENSP00000398698	0	0	0	0	0.122	0	0	0.370	0.423
PRKCB	RAF1	9606.ENSP00000496129	9606.ENSP00000401888	0	0	0	0.572	0.047	0.050	0.900	0.111	0.908
PRKCB	TOP2A	9606.ENSP00000496129	9606.ENSP00000411532	0	0	0	0	0.042	0.356	0	0.123	0.412
PRKCB	RPS6KA1	9606.ENSP00000496129	9606.ENSP00000435412	0	0	0	0.731	0.090	0	0	0.385	0.417
PRKCD	PRKCQ	9606.ENSP00000331602	9606.ENSP00000263125	0	0	0.056	0.968	0	0.367	0.900	0.052	0.935
PRKCD	PRKCG	9606.ENSP00000331602	9606.ENSP00000263431	0	0	0.067	0.878	0.061	0	0.400	0.160	0.499
PRKCD	PRKCE	9606.ENSP00000331602	9606.ENSP00000306124	0	0	0.069	0.916	0	0	0.900	0.114	0.910
PRKCD	PRKDC	9606.ENSP00000331602	9606.ENSP00000313420	0	0	0	0	0.050	0.356	0	0.225	0.485
PRKCD	TNF	9606.ENSP00000331602	9606.ENSP00000398698	0	0	0	0	0.131	0	0	0.380	0.439
PRKCD	TLR4	9606.ENSP00000331602	9606.ENSP00000363089	0	0	0	0	0.110	0	0	0.525	0.559
PRKCD	SYK	9606.ENSP00000331602	9606.ENSP00000364898	0	0	0	0.564	0.149	0.087	0	0.694	0.741
PRKCD	PTPN6	9606.ENSP00000331602	9606.ENSP00000391592	0	0	0	0	0.203	0.300	0	0.605	0.760
PRKCD	STAT1	9606.ENSP00000331602	9606.ENSP00000354394	0	0	0	0	0.099	0.785	0.400	0.324	0.910
PRKCD	RAF1	9606.ENSP00000331602	9606.ENSP00000401888	0	0	0	0.574	0.063	0.087	0.900	0.101	0.912
PRKCD	SRC	9606.ENSP00000331602	9606.ENSP00000362680	0	0	0.120	0.570	0.123	0.325	0.900	0.727	0.983
PRKCE	SIRT1	9606.ENSP00000306124	9606.ENSP00000212015	0	0	0	0	0.049	0	0	0.431	0.436
PRKCE	TRPA1	9606.ENSP00000306124	9606.ENSP00000262209	0	0	0	0	0.047	0.062	0.900	0.507	0.950
PRKCE	PRKCQ	9606.ENSP00000306124	9606.ENSP00000263125	0	0	0.067	0.905	0	0	0.900	0.089	0.907
PRKCE	PRKCG	9606.ENSP00000306124	9606.ENSP00000263431	0	0	0	0.902	0.084	0	0.400	0.107	0.467
PRKCE	SLC9A1	9606.ENSP00000306124	9606.ENSP00000263980	0	0	0	0	0.045	0	0.900	0.069	0.903
PRKCE	RPS6KA3	9606.ENSP00000306124	9606.ENSP00000368884	0	0	0	0.693	0.049	0.044	0	0.436	0.442
PRKCE	STAT1	9606.ENSP00000306124	9606.ENSP00000354394	0	0	0	0	0.055	0.510	0	0.145	0.569
PRKCE	RAF1	9606.ENSP00000306124	9606.ENSP00000401888	0	0	0	0.566	0	0.325	0.900	0.076	0.932
PRKCE	TRPV1	9606.ENSP00000306124	9606.ENSP00000459962	0	0	0	0	0.055	0	0.900	0.523	0.950
PRKCG	RPS6KB1	9606.ENSP00000263431	9606.ENSP00000225577	0	0	0	0.799	0	0	0	0.460	0.459
PRKCG	PRKCQ	9606.ENSP00000263431	9606.ENSP00000263125	0	0	0.070	0.875	0.061	0	0.400	0.061	0.442
PRKCG	TRPV1	9606.ENSP00000263431	9606.ENSP00000459962	0	0	0	0	0	0	0	0.420	0.420
PRKCG	SRC	9606.ENSP00000263431	9606.ENSP00000362680	0	0	0	0.572	0.049	0.050	0	0.439	0.448
PRKCG	SLC9A1	9606.ENSP00000263431	9606.ENSP00000263980	0	0	0	0	0.057	0	0.900	0	0.901
PRKCG	RAF1	9606.ENSP00000263431	9606.ENSP00000401888	0	0	0	0.562	0	0.050	0.900	0.065	0.903
PRKCG	PTK2	9606.ENSP00000263431	9606.ENSP00000341189	0	0	0	0.554	0.056	0	0.900	0.074	0.904
PRKCG	SLC6A3	9606.ENSP00000263431	9606.ENSP00000270349	0	0	0	0	0	0	0.900	0.092	0.905
PRKCQ	PTPN22	9606.ENSP00000263125	9606.ENSP00000352833	0	0	0	0	0.091	0.052	0	0.425	0.461
PRKCQ	PTPN2	9606.ENSP00000263125	9606.ENSP00000311857	0	0	0	0	0.055	0.052	0	0.481	0.495
PRKCQ	RAF1	9606.ENSP00000263125	9606.ENSP00000401888	0	0	0	0.576	0	0.087	0.650	0.058	0.672
PRKCQ	ZAP70	9606.ENSP00000263125	9606.ENSP00000264972	0	0	0	0.565	0.195	0.087	0	0.641	0.713
PRKCQ	PTPN11	9606.ENSP00000263125	9606.ENSP00000489597	0	0	0	0	0.086	0.052	0.900	0.264	0.927
PRKCQ	RELA	9606.ENSP00000263125	9606.ENSP00000384273	0	0	0	0	0.067	0.094	0.900	0.312	0.934
PRKCQ	PTPN6	9606.ENSP00000263125	9606.ENSP00000391592	0	0	0	0	0.106	0.052	0.900	0.463	0.948
PRKDC	RPS6KB1	9606.ENSP00000313420	9606.ENSP00000225577	0	0	0	0	0.068	0.308	0	0.355	0.548
PRKDC	TERT	9606.ENSP00000313420	9606.ENSP00000309572	0	0	0	0	0.063	0.095	0	0.585	0.618
PRKDC	WEE1	9606.ENSP00000313420	9606.ENSP00000402084	0	0	0	0	0.078	0.067	0	0.459	0.494
PRKDC	RELA	9606.ENSP00000313420	9606.ENSP00000384273	0	0	0	0	0.062	0.445	0	0.212	0.554
PRKDC	TBK1	9606.ENSP00000313420	9606.ENSP00000329967	0	0	0	0	0.055	0.073	0.400	0.284	0.573
PRKDC	TDP1	9606.ENSP00000313420	9606.ENSP00000337353	0	0	0	0	0.062	0	0.400	0.631	0.774
PRKDC	TOP2A	9606.ENSP00000313420	9606.ENSP00000411532	0	0	0	0	0.162	0.434	0	0.599	0.793
PRKDC	TOP1	9606.ENSP00000313420	9606.ENSP00000354522	0	0	0	0	0.080	0.620	0	0.648	0.866
PSEN1	SIRT1	9606.ENSP00000326366	9606.ENSP00000212015	0	0	0	0	0	0	0	0.446	0.446
PSEN1	TERT	9606.ENSP00000326366	9606.ENSP00000309572	0	0	0	0	0.068	0	0	0.404	0.421
PSEN1	TOP2A	9606.ENSP00000326366	9606.ENSP00000411532	0	0	0	0	0.047	0	0	0.397	0.400
PSEN1	TGFBR1	9606.ENSP00000326366	9606.ENSP00000447297	0	0	0	0	0.110	0.297	0	0.165	0.433
PSEN1	TNF	9606.ENSP00000326366	9606.ENSP00000398698	0	0	0	0	0.047	0	0	0.486	0.489
PSEN1	PSENEN	9606.ENSP00000326366	9606.ENSP00000468411	0	0	0	0	0.047	0.999	0.900	0.999	0.999
PSEN1	PSEN2	9606.ENSP00000326366	9606.ENSP00000355747	0	0	0.058	0.965	0.049	0.994	0.900	0.983	0.999
PSEN2	PSENEN	9606.ENSP00000355747	9606.ENSP00000468411	0	0	0	0	0	0.999	0.800	0.998	0.999
PSENEN	TNF	9606.ENSP00000468411	9606.ENSP00000398698	0	0	0	0	0.042	0	0	0.874	0.874
PTGES	TLR4	9606.ENSP00000342385	9606.ENSP00000363089	0	0	0	0	0.086	0	0	0.398	0.426
PTGES	TNF	9606.ENSP00000342385	9606.ENSP00000398698	0	0	0	0	0	0	0	0.547	0.547
PTGES	PTGS1	9606.ENSP00000342385	9606.ENSP00000354612	0	0	0	0	0	0	0.900	0.741	0.973
PTGES	PTGS2	9606.ENSP00000342385	9606.ENSP00000356438	0	0	0	0	0.074	0	0.900	0.828	0.982
PTGS1	TYMS	9606.ENSP00000354612	9606.ENSP00000315644	0	0	0	0	0.052	0	0	0.402	0.409
PTGS1	TLR4	9606.ENSP00000354612	9606.ENSP00000363089	0	0	0	0	0.151	0	0	0.378	0.450
PTGS1	RXRA	9606.ENSP00000354612	9606.ENSP00000419692	0	0	0	0	0.072	0	0	0.434	0.452
PTGS1	TNF	9606.ENSP00000354612	9606.ENSP00000398698	0	0	0	0	0.108	0	0	0.528	0.561
PTGS1	RELA	9606.ENSP00000354612	9606.ENSP00000384273	0	0	0	0	0.121	0	0	0.534	0.574
PTGS1	PTGS2	9606.ENSP00000354612	9606.ENSP00000356438	0	0	0.057	0.966	0.157	0.292	0.900	0.192	0.946
PTGS2	SIRT1	9606.ENSP00000356438	9606.ENSP00000212015	0	0	0	0	0.067	0	0	0.580	0.592
PTGS2	SERPINE1	9606.ENSP00000356438	9606.ENSP00000223095	0	0	0	0	0.167	0	0	0.787	0.815
PTGS2	TRPA1	9606.ENSP00000356438	9606.ENSP00000262209	0	0	0	0	0.062	0	0	0.444	0.456
PTGS2	TYR	9606.ENSP00000356438	9606.ENSP00000263321	0	0	0	0	0.042	0	0	0.576	0.577
PTGS2	REN	9606.ENSP00000356438	9606.ENSP00000272190	0	0	0	0	0.056	0	0	0.577	0.583
PTGS2	VCAM1	9606.ENSP00000356438	9606.ENSP00000294728	0	0	0	0	0.053	0	0	0.755	0.758
PTGS2	SELE	9606.ENSP00000356438	9606.ENSP00000331736	0	0	0	0	0.112	0	0	0.548	0.581
PTGS2	RARB	9606.ENSP00000356438	9606.ENSP00000332296	0	0	0	0	0.047	0	0	0.514	0.517
PTGS2	TLR9	9606.ENSP00000356438	9606.ENSP00000353874	0	0	0	0	0	0	0	0.618	0.618
PTGS2	STAT1	9606.ENSP00000356438	9606.ENSP00000354394	0	0	0	0	0.084	0	0	0.585	0.604
PTGS2	SYK	9606.ENSP00000356438	9606.ENSP00000364898	0	0	0	0	0.087	0	0	0.376	0.406
PTGS2	XIAP	9606.ENSP00000356438	9606.ENSP00000360242	0	0	0	0	0.064	0	0	0.438	0.451
PTGS2	PTPRC	9606.ENSP00000356438	9606.ENSP00000411355	0	0	0	0	0.086	0	0	0.447	0.473
PTGS2	RXRA	9606.ENSP00000356438	9606.ENSP00000419692	0	0	0	0	0.047	0	0	0.486	0.489
PTGS2	TRPV1	9606.ENSP00000356438	9606.ENSP00000459962	0	0	0	0	0.055	0	0	0.600	0.605
PTGS2	XDH	9606.ENSP00000356438	9606.ENSP00000368727	0	0	0	0	0.043	0	0	0.704	0.704
PTGS2	RELA	9606.ENSP00000356438	9606.ENSP00000384273	0	0	0	0	0.061	0	0	0.731	0.737
PTGS2	SRC	9606.ENSP00000356438	9606.ENSP00000362680	0	0	0	0	0.055	0.203	0	0.729	0.778
PTGS2	TLR4	9606.ENSP00000356438	9606.ENSP00000363089	0	0	0	0	0.179	0	0	0.751	0.787
PTGS2	TNF	9606.ENSP00000356438	9606.ENSP00000398698	0	0	0	0	0.185	0	0	0.901	0.916
PTK2	ZAP70	9606.ENSP00000341189	9606.ENSP00000264972	0	0	0	0.708	0.091	0.094	0	0.418	0.478
PTK2	VCAM1	9606.ENSP00000341189	9606.ENSP00000294728	0	0	0	0	0.055	0	0	0.561	0.567
PTK2	ROCK2	9606.ENSP00000341189	9606.ENSP00000317985	0	0	0	0.548	0.115	0.094	0.500	0.216	0.644
PTK2	SELE	9606.ENSP00000341189	9606.ENSP00000331736	0	0	0	0	0.087	0.292	0	0.249	0.472
PTK2	TNF	9606.ENSP00000341189	9606.ENSP00000398698	0	0	0	0	0	0	0	0.447	0.447
PTK2	RPS6KA1	9606.ENSP00000341189	9606.ENSP00000435412	0	0	0	0.566	0.077	0	0	0.482	0.502
PTK2	XIAP	9606.ENSP00000341189	9606.ENSP00000360242	0	0	0	0	0.087	0.292	0	0.322	0.523
PTK2	RAF1	9606.ENSP00000341189	9606.ENSP00000401888	0	0	0	0.580	0.090	0.094	0	0.472	0.527
PTK2	SYK	9606.ENSP00000341189	9606.ENSP00000364898	0	0	0	0.696	0.067	0.537	0	0.160	0.605
PTK2	ROCK1	9606.ENSP00000341189	9606.ENSP00000382697	0	0	0	0.549	0.112	0.094	0.500	0.246	0.656
PTK2	RET	9606.ENSP00000341189	9606.ENSP00000347942	0	0	0	0.591	0.055	0.617	0	0.146	0.664
PTK2	STAT1	9606.ENSP00000341189	9606.ENSP00000354394	0	0	0	0	0.087	0.775	0	0.328	0.850
PTK2	PTPN11	9606.ENSP00000341189	9606.ENSP00000489597	0	0	0	0	0.109	0.994	0	0.642	0.997
PTK2	SRC	9606.ENSP00000341189	9606.ENSP00000362680	0	0	0	0.728	0.072	0.929	0.900	0.987	0.999
PTPN1	SIRT1	9606.ENSP00000360683	9606.ENSP00000212015	0	0	0	0	0.049	0	0	0.454	0.459
PTPN1	PTPN2	9606.ENSP00000360683	9606.ENSP00000311857	0	0	0.062	0.951	0.049	0.194	0	0.419	0.526
PTPN1	STAT1	9606.ENSP00000360683	9606.ENSP00000354394	0	0	0	0	0.118	0.071	0	0.406	0.471
PTPN1	TNF	9606.ENSP00000360683	9606.ENSP00000398698	0	0	0	0	0.065	0	0	0.439	0.454
PTPN1	TYK2	9606.ENSP00000360683	9606.ENSP00000431885	0	0	0	0	0.086	0.333	0.400	0.448	0.771
PTPN1	PTPN11	9606.ENSP00000360683	9606.ENSP00000489597	0	0	0	0.752	0.114	0.045	0.900	0.240	0.927
PTPN1	SRC	9606.ENSP00000360683	9606.ENSP00000362680	0	0	0	0	0.093	0.846	0.400	0.783	0.979
PTPN11	RPS6KB1	9606.ENSP00000489597	9606.ENSP00000225577	0	0	0	0	0.128	0	0	0.356	0.415
PTPN11	SLC9A1	9606.ENSP00000489597	9606.ENSP00000263980	0	0	0	0	0.052	0	0	0.474	0.480
PTPN11	ZAP70	9606.ENSP00000489597	9606.ENSP00000264972	0	0	0	0	0.067	0.097	0.900	0.856	0.986
PTPN11	PTPN7	9606.ENSP00000489597	9606.ENSP00000309116	0	0	0	0.712	0.115	0	0.400	0.516	0.720
PTPN11	PTPN2	9606.ENSP00000489597	9606.ENSP00000311857	0	0	0	0.760	0.097	0.087	0.400	0.211	0.557
PTPN11	TBK1	9606.ENSP00000489597	9606.ENSP00000329967	0	0	0	0	0.102	0.097	0.400	0.810	0.895
PTPN11	SELE	9606.ENSP00000489597	9606.ENSP00000331736	0	0	0	0	0.085	0.314	0	0.174	0.436
PTPN11	RET	9606.ENSP00000489597	9606.ENSP00000347942	0	0	0	0	0.060	0.074	0.500	0.739	0.871
PTPN11	TLR9	9606.ENSP00000489597	9606.ENSP00000353874	0	0	0	0	0.074	0.113	0.500	0.271	0.660
PTPN11	STAT1	9606.ENSP00000489597	9606.ENSP00000354394	0	0	0	0	0.076	0.439	0.500	0.868	0.961
PTPN11	SRC	9606.ENSP00000489597	9606.ENSP00000362680	0	0	0	0.556	0.103	0.538	0.800	0.980	0.998
PTPN11	TLR4	9606.ENSP00000489597	9606.ENSP00000363089	0	0	0	0	0.109	0.113	0.400	0.354	0.653
PTPN11	SYK	9606.ENSP00000489597	9606.ENSP00000364898	0	0	0	0.555	0.067	0.097	0.900	0.616	0.963
PTPN11	RPS6KA3	9606.ENSP00000489597	9606.ENSP00000368884	0	0	0	0	0.079	0	0	0.575	0.592
PTPN11	ROCK1	9606.ENSP00000489597	9606.ENSP00000382697	0	0	0	0	0.124	0.097	0	0.420	0.502
PTPN11	PTPN6	9606.ENSP00000489597	9606.ENSP00000391592	0	0	0.064	0.950	0.042	0.079	0.900	0.497	0.950
PTPN11	TNF	9606.ENSP00000489597	9606.ENSP00000398698	0	0	0	0	0.106	0	0	0.482	0.518
PTPN11	RAF1	9606.ENSP00000489597	9606.ENSP00000401888	0	0	0	0	0.095	0.098	0	0.693	0.728
PTPN11	PTPRC	9606.ENSP00000489597	9606.ENSP00000411355	0	0	0	0.656	0.301	0.097	0	0.201	0.452
PTPN11	TYK2	9606.ENSP00000489597	9606.ENSP00000431885	0	0	0	0	0.082	0.333	0.900	0.481	0.964
PTPN11	RPS6KA1	9606.ENSP00000489597	9606.ENSP00000435412	0	0	0	0	0.072	0	0	0.585	0.599
PTPN2	PTPN7	9606.ENSP00000311857	9606.ENSP00000309116	0	0	0.130	0.700	0.058	0	0.400	0.217	0.563
PTPN2	SRC	9606.ENSP00000311857	9606.ENSP00000362680	0	0	0	0	0.059	0.333	0	0.619	0.740
PTPN2	PTPN6	9606.ENSP00000311857	9606.ENSP00000391592	0	0	0	0.746	0.090	0.630	0.400	0.188	0.814
PTPN2	TYK2	9606.ENSP00000311857	9606.ENSP00000431885	0	0	0	0	0.087	0.097	0.900	0.499	0.953
PTPN2	STAT1	9606.ENSP00000311857	9606.ENSP00000354394	0	0	0	0	0.074	0.525	0.900	0.573	0.978
PTPN22	ZAP70	9606.ENSP00000352833	9606.ENSP00000264972	0	0	0	0	0.248	0.333	0.400	0.736	0.910
PTPN22	PTPN7	9606.ENSP00000352833	9606.ENSP00000309116	0	0	0	0.717	0.336	0	0	0.146	0.408
PTPN22	TLR9	9606.ENSP00000352833	9606.ENSP00000353874	0	0	0	0	0.078	0.113	0	0.354	0.426
PTPN22	TLR4	9606.ENSP00000352833	9606.ENSP00000363089	0	0	0	0	0.161	0.113	0	0.309	0.441
PTPN22	SYK	9606.ENSP00000352833	9606.ENSP00000364898	0	0	0	0	0.168	0.097	0	0.371	0.486
PTPN22	TYK2	9606.ENSP00000352833	9606.ENSP00000431885	0	0	0	0	0.063	0.097	0	0.448	0.492
PTPN22	PTPRC	9606.ENSP00000352833	9606.ENSP00000411355	0	0	0	0.634	0.434	0.097	0	0.157	0.531
PTPN22	TNF	9606.ENSP00000352833	9606.ENSP00000398698	0	0	0	0	0.141	0	0	0.480	0.534
PTPN22	SRC	9606.ENSP00000352833	9606.ENSP00000362680	0	0	0	0	0.086	0.097	0	0.569	0.613
PTPN6	ZAP70	9606.ENSP00000391592	9606.ENSP00000264972	0	0	0	0.553	0.175	0.333	0.900	0.556	0.972
PTPN6	PTPN7	9606.ENSP00000391592	9606.ENSP00000309116	0	0	0	0.729	0.188	0	0.400	0.224	0.589
PTPN6	STAT1	9606.ENSP00000391592	9606.ENSP00000354394	0	0	0	0	0.107	0.095	0.400	0.383	0.661
PTPN6	SRC	9606.ENSP00000391592	9606.ENSP00000362680	0	0	0	0	0.105	0.538	0	0.817	0.917
PTPN6	SYK	9606.ENSP00000391592	9606.ENSP00000364898	0	0	0	0	0.263	0.750	0.900	0.772	0.995
PTPN6	PTPRC	9606.ENSP00000391592	9606.ENSP00000411355	0	0	0	0.665	0.415	0.097	0	0.164	0.520
PTPN6	TYK2	9606.ENSP00000391592	9606.ENSP00000431885	0	0	0	0	0.149	0.333	0.900	0.291	0.954
PTPN7	ZAP70	9606.ENSP00000309116	9606.ENSP00000264972	0	0	0	0	0.268	0.097	0	0.239	0.453
PTPN7	PTPRC	9606.ENSP00000309116	9606.ENSP00000411355	0	0	0	0.746	0.276	0.097	0	0.205	0.435
PTPN7	RPS6KA3	9606.ENSP00000309116	9606.ENSP00000368884	0	0	0	0	0.069	0	0	0.515	0.530
PTPN7	RPS6KA1	9606.ENSP00000309116	9606.ENSP00000435412	0	0	0	0	0.089	0	0	0.530	0.554
PTPRC	RARA	9606.ENSP00000411355	9606.ENSP00000254066	0	0	0	0	0.061	0.064	0	0.401	0.428
PTPRC	ZAP70	9606.ENSP00000411355	9606.ENSP00000264972	0	0	0	0	0.263	0.097	0	0.739	0.811
PTPRC	VCAM1	9606.ENSP00000411355	9606.ENSP00000294728	0	0	0	0	0.119	0	0	0.817	0.832
PTPRC	SELE	9606.ENSP00000411355	9606.ENSP00000331736	0	0	0	0	0.122	0.071	0	0.541	0.592
PTPRC	TLR9	9606.ENSP00000411355	9606.ENSP00000353874	0	0	0	0	0.109	0.113	0	0.711	0.751
PTPRC	STAT1	9606.ENSP00000411355	9606.ENSP00000354394	0	0	0	0	0.156	0.052	0	0.729	0.764
PTPRC	SRC	9606.ENSP00000411355	9606.ENSP00000362680	0	0	0	0	0.103	0.333	0	0.512	0.683
PTPRC	TLR4	9606.ENSP00000411355	9606.ENSP00000363089	0	0	0	0	0.272	0.113	0	0.670	0.768
PTPRC	SYK	9606.ENSP00000411355	9606.ENSP00000364898	0	0	0	0	0.272	0.097	0	0.681	0.772
PTPRC	RELA	9606.ENSP00000411355	9606.ENSP00000384273	0	0	0	0	0.083	0.106	0	0.370	0.439
PTPRC	TNF	9606.ENSP00000411355	9606.ENSP00000398698	0	0	0	0	0.180	0	0	0.804	0.833
PTPRC	TGFBR1	9606.ENSP00000411355	9606.ENSP00000447297	0	0	0	0	0.057	0.097	0	0.371	0.419
RAF1	TRIM24	9606.ENSP00000401888	9606.ENSP00000340507	0	0	0	0	0.081	0.053	0.400	0.063	0.445
RAF1	XIAP	9606.ENSP00000401888	9606.ENSP00000360242	0	0	0	0	0.071	0.786	0	0.331	0.856
RAF1	SRC	9606.ENSP00000401888	9606.ENSP00000362680	0	0	0.122	0.660	0.082	0.377	0.900	0.239	0.954
RAF1	RELA	9606.ENSP00000401888	9606.ENSP00000384273	0	0	0	0	0.101	0.098	0.900	0.186	0.925
RARA	SIRT1	9606.ENSP00000254066	9606.ENSP00000212015	0	0	0	0	0.049	0.301	0	0.413	0.576
RARA	THRA	9606.ENSP00000254066	9606.ENSP00000264637	0	0	0	0.788	0.068	0	0	0.387	0.404
RARA	THRB	9606.ENSP00000254066	9606.ENSP00000379904	0	0	0	0.807	0	0	0	0.446	0.446
RARA	SRC	9606.ENSP00000254066	9606.ENSP00000362680	0	0	0	0	0.080	0.467	0	0.307	0.631
RARA	STAT1	9606.ENSP00000254066	9606.ENSP00000354394	0	0	0	0	0	0.294	0	0.764	0.826
RARA	TRIM24	9606.ENSP00000254066	9606.ENSP00000340507	0	0	0	0	0	0.633	0	0.802	0.924
RARA	RARG	9606.ENSP00000254066	9606.ENSP00000388510	0	0	0.053	0.972	0.116	0.780	0.500	0.620	0.958
RARA	RXRG	9606.ENSP00000254066	9606.ENSP00000352900	0	0	0	0.784	0.068	0.848	0.800	0.476	0.983
RARA	RARB	9606.ENSP00000254066	9606.ENSP00000332296	0	0	0.051	0.975	0	0.921	0.500	0.638	0.984
RARA	RXRB	9606.ENSP00000254066	9606.ENSP00000363817	0	0	0	0.756	0.104	0.862	0.800	0.756	0.993
RARA	RXRA	9606.ENSP00000254066	9606.ENSP00000419692	0	0	0	0.765	0.113	0.991	0.900	0.983	0.999
RARB	SIRT1	9606.ENSP00000332296	9606.ENSP00000212015	0	0	0	0	0	0.052	0	0.438	0.444
RARB	TERT	9606.ENSP00000332296	9606.ENSP00000309572	0	0	0	0	0	0	0	0.412	0.412
RARB	THRB	9606.ENSP00000332296	9606.ENSP00000379904	0	0	0	0.813	0.045	0	0	0.448	0.450
RARB	RARG	9606.ENSP00000332296	9606.ENSP00000388510	0	0	0.052	0.974	0.060	0	0.500	0.824	0.911
RARB	RXRG	9606.ENSP00000332296	9606.ENSP00000352900	0	0	0	0.795	0.111	0.642	0.800	0.630	0.973
RARB	RXRB	9606.ENSP00000332296	9606.ENSP00000363817	0	0	0	0.769	0.067	0.716	0.900	0.754	0.992
RARB	RXRA	9606.ENSP00000332296	9606.ENSP00000419692	0	0	0	0.775	0.068	0.971	0.800	0.470	0.996
RARG	THRA	9606.ENSP00000388510	9606.ENSP00000264637	0	0	0	0.793	0.048	0	0	0.436	0.440
RARG	RXRG	9606.ENSP00000388510	9606.ENSP00000352900	0	0	0	0.794	0.068	0.345	0.900	0.408	0.959
RARG	SRC	9606.ENSP00000388510	9606.ENSP00000362680	0	0	0	0	0.078	0.071	0	0.509	0.542
RARG	TLR4	9606.ENSP00000388510	9606.ENSP00000363089	0	0	0	0	0	0.066	0	0.396	0.412
RARG	RXRB	9606.ENSP00000388510	9606.ENSP00000363817	0	0	0	0.767	0.081	0.786	0.500	0.520	0.946
RARG	RXRA	9606.ENSP00000388510	9606.ENSP00000419692	0	0	0	0.783	0.088	0.208	0.700	0.777	0.945
RELA	SIRT1	9606.ENSP00000384273	9606.ENSP00000212015	0	0	0	0	0.049	0.646	0.900	0.890	0.995
RELA	RIPK2	9606.ENSP00000384273	9606.ENSP00000220751	0	0	0	0	0.135	0.098	0	0.582	0.646
RELA	SIRT2	9606.ENSP00000384273	9606.ENSP00000249396	0	0	0	0	0.053	0.331	0	0.334	0.542
RELA	VCAM1	9606.ENSP00000384273	9606.ENSP00000294728	0	0	0	0	0.067	0.113	0	0.476	0.528
RELA	TERT	9606.ENSP00000384273	9606.ENSP00000309572	0	0	0	0	0	0.294	0	0.556	0.674
RELA	ROCK2	9606.ENSP00000384273	9606.ENSP00000317985	0	0	0	0	0.092	0.106	0.900	0.164	0.923
RELA	TBK1	9606.ENSP00000384273	9606.ENSP00000329967	0	0	0	0	0.148	0.647	0.900	0.618	0.986
RELA	SELE	9606.ENSP00000384273	9606.ENSP00000331736	0	0	0	0	0.059	0.336	0	0.445	0.623
RELA	TLR9	9606.ENSP00000384273	9606.ENSP00000353874	0	0	0	0	0.042	0.125	0	0.399	0.452
RELA	STAT1	9606.ENSP00000384273	9606.ENSP00000354394	0	0	0	0	0.118	0.411	0	0.760	0.864
RELA	XIAP	9606.ENSP00000384273	9606.ENSP00000360242	0	0	0	0	0.055	0.071	0	0.513	0.535
RELA	SRC	9606.ENSP00000384273	9606.ENSP00000362680	0	0	0	0	0.120	0.098	0	0.461	0.535
RELA	TLR4	9606.ENSP00000384273	9606.ENSP00000363089	0	0	0	0	0.068	0.125	0.900	0.639	0.966
RELA	SYK	9606.ENSP00000384273	9606.ENSP00000364898	0	0	0	0	0.069	0.098	0	0.380	0.434
RELA	ROCK1	9606.ENSP00000384273	9606.ENSP00000382697	0	0	0	0	0.069	0.106	0.900	0.214	0.925
RELA	TYK2	9606.ENSP00000384273	9606.ENSP00000431885	0	0	0	0	0.157	0.098	0	0.312	0.431
RELA	RXRA	9606.ENSP00000384273	9606.ENSP00000419692	0	0	0	0	0.067	0.681	0	0.324	0.781
RELA	TNF	9606.ENSP00000384273	9606.ENSP00000398698	0	0	0	0	0.118	0.516	0.900	0.944	0.997
REN	SIRT1	9606.ENSP00000272190	9606.ENSP00000212015	0	0	0	0	0	0.091	0	0.488	0.514
REN	SERPINE1	9606.ENSP00000272190	9606.ENSP00000223095	0	0	0	0	0.052	0	0	0.777	0.780
REN	SLC5A1	9606.ENSP00000272190	9606.ENSP00000266088	0	0	0	0	0.042	0	0	0.460	0.461
REN	SRC	9606.ENSP00000272190	9606.ENSP00000362680	0	0	0	0	0	0.060	0	0.404	0.415
REN	SELE	9606.ENSP00000272190	9606.ENSP00000331736	0	0	0	0	0.063	0.045	0	0.449	0.465
REN	TLR4	9606.ENSP00000272190	9606.ENSP00000363089	0	0	0	0	0.052	0	0	0.509	0.515
REN	VCAM1	9606.ENSP00000272190	9606.ENSP00000294728	0	0	0	0	0.067	0	0	0.570	0.581
REN	XDH	9606.ENSP00000272190	9606.ENSP00000368727	0	0	0	0	0.056	0	0	0.591	0.597
REN	TNF	9606.ENSP00000272190	9606.ENSP00000398698	0	0	0	0	0.064	0	0	0.696	0.703
REN	SLC5A2	9606.ENSP00000272190	9606.ENSP00000327943	0	0	0	0	0.075	0	0	0.795	0.802
RET	TERT	9606.ENSP00000347942	9606.ENSP00000309572	0	0	0	0	0.042	0	0	0.628	0.628
RET	TRIM24	9606.ENSP00000347942	9606.ENSP00000340507	0	0	0	0	0	0.063	0	0.663	0.670
RET	SRC	9606.ENSP00000347942	9606.ENSP00000362680	0	0	0	0.699	0	0.392	0.500	0.575	0.859
RIPK2	STAT1	9606.ENSP00000220751	9606.ENSP00000354394	0	0	0	0	0.160	0.096	0	0.327	0.444
RIPK2	TBK1	9606.ENSP00000220751	9606.ENSP00000329967	0	0	0	0	0.186	0.045	0	0.436	0.524
RIPK2	TLR9	9606.ENSP00000220751	9606.ENSP00000353874	0	0	0	0	0	0.100	0	0.634	0.656
RIPK2	TNF	9606.ENSP00000220751	9606.ENSP00000398698	0	0	0	0	0.179	0.075	0	0.641	0.703
RIPK2	TLR4	9606.ENSP00000220751	9606.ENSP00000363089	0	0	0	0	0.093	0.177	0	0.700	0.756
RIPK2	XIAP	9606.ENSP00000220751	9606.ENSP00000360242	0	0	0	0	0.076	0.986	0.900	0.910	0.999
ROCK1	SIRT1	9606.ENSP00000382697	9606.ENSP00000212015	0	0	0	0	0.115	0	0	0.378	0.426
ROCK1	SLC9A1	9606.ENSP00000382697	9606.ENSP00000263980	0	0	0	0	0.087	0.292	0.900	0.548	0.966
ROCK1	ZAP70	9606.ENSP00000382697	9606.ENSP00000264972	0	0	0	0	0.062	0	0.400	0.072	0.432
ROCK1	ROCK2	9606.ENSP00000382697	9606.ENSP00000317985	0	0	0.056	0.968	0.195	0.781	0.900	0.409	0.988
ROCK1	SRC	9606.ENSP00000382697	9606.ENSP00000362680	0	0	0	0.561	0.068	0	0.500	0.219	0.604
ROCK1	RPS6KA3	9606.ENSP00000382697	9606.ENSP00000368884	0	0	0	0.648	0.085	0.070	0	0.464	0.504
ROCK1	TNF	9606.ENSP00000382697	9606.ENSP00000398698	0	0	0	0	0.100	0.057	0	0.395	0.442
ROCK2	SLC9A1	9606.ENSP00000317985	9606.ENSP00000263980	0	0	0	0	0.087	0	0.900	0.161	0.916
ROCK2	ZAP70	9606.ENSP00000317985	9606.ENSP00000264972	0	0	0	0	0.062	0	0.400	0.068	0.429
ROCK2	TNF	9606.ENSP00000317985	9606.ENSP00000398698	0	0	0	0	0.103	0.057	0	0.362	0.413
ROCK2	RPS6KA3	9606.ENSP00000317985	9606.ENSP00000368884	0	0	0	0.636	0.151	0.475	0	0.118	0.573
ROCK2	SRC	9606.ENSP00000317985	9606.ENSP00000362680	0	0	0	0.560	0.107	0	0.500	0.196	0.610
RORA	RORB	9606.ENSP00000261523	9606.ENSP00000366093	0	0	0.056	0.963	0.056	0	0.900	0.424	0.941
RPS6KA1	RPS6KA6	9606.ENSP00000435412	9606.ENSP00000262752	0	0	0.053	0.975	0	0	0.500	0.423	0.703
RPS6KA1	SLC9A1	9606.ENSP00000435412	9606.ENSP00000263980	0	0	0	0	0.064	0	0	0.518	0.530
RPS6KA1	SRC	9606.ENSP00000435412	9606.ENSP00000362680	0	0	0	0.574	0.065	0.070	0	0.527	0.554
RPS6KA1	RPS6KA3	9606.ENSP00000435412	9606.ENSP00000368884	0	0	0.051	0.979	0.049	0.836	0.500	0.118	0.922
RPS6KA1	TNF	9606.ENSP00000435412	9606.ENSP00000398698	0	0	0	0	0.110	0	0	0.370	0.415
RPS6KA3	RPS6KA6	9606.ENSP00000368884	9606.ENSP00000262752	0	0	0.051	0.978	0.105	0	0.500	0.059	0.547
RPS6KA3	SLC9A1	9606.ENSP00000368884	9606.ENSP00000263980	0	0	0	0	0	0	0	0.414	0.414
RPS6KA3	SRC	9606.ENSP00000368884	9606.ENSP00000362680	0	0	0	0.575	0.045	0.313	0	0.427	0.592
RPS6KB1	SIRT1	9606.ENSP00000225577	9606.ENSP00000212015	0	0	0	0	0.109	0.112	0	0.665	0.712
RPS6KB1	TLR4	9606.ENSP00000225577	9606.ENSP00000363089	0	0	0	0	0	0	0	0.405	0.405
RPS6KB1	SYK	9606.ENSP00000225577	9606.ENSP00000364898	0	0	0	0.575	0.049	0.328	0	0.154	0.413
RPS6KB1	RXRA	9606.ENSP00000225577	9606.ENSP00000419692	0	0	0	0	0.067	0.069	0	0.401	0.434
RPS6KB1	XIAP	9606.ENSP00000225577	9606.ENSP00000360242	0	0	0	0	0.082	0.064	0	0.449	0.486
RPS6KB1	SRC	9606.ENSP00000225577	9606.ENSP00000362680	0	0	0	0.568	0	0.328	0	0.289	0.502
RPS6KB1	STAT1	9606.ENSP00000225577	9606.ENSP00000354394	0	0	0	0	0.049	0.287	0	0.362	0.529
RPS6KB1	TNF	9606.ENSP00000225577	9606.ENSP00000398698	0	0	0	0	0	0	0	0.555	0.555
RPS6KB1	TERT	9606.ENSP00000225577	9606.ENSP00000309572	0	0	0	0	0	0.312	0	0.534	0.666
RPS6KB1	TBK1	9606.ENSP00000225577	9606.ENSP00000329967	0	0	0	0.577	0.192	0.523	0	0.802	0.917
RXRA	SERPINE1	9606.ENSP00000419692	9606.ENSP00000223095	0	0	0	0	0	0.045	0	0.446	0.448
RXRA	THRA	9606.ENSP00000419692	9606.ENSP00000264637	0	0	0	0.695	0.060	0.758	0	0.867	0.967
RXRA	TRIM24	9606.ENSP00000419692	9606.ENSP00000340507	0	0	0	0	0.068	0.652	0	0.395	0.787
RXRA	RXRG	9606.ENSP00000419692	9606.ENSP00000352900	0	0	0.054	0.971	0	0.432	0.900	0.064	0.943
RXRA	STAT1	9606.ENSP00000419692	9606.ENSP00000354394	0	0	0	0	0.049	0.165	0	0.461	0.535
RXRA	SCD	9606.ENSP00000419692	9606.ENSP00000359380	0	0	0	0	0.044	0	0.500	0.321	0.647
RXRA	SRC	9606.ENSP00000419692	9606.ENSP00000362680	0	0	0	0	0.073	0.314	0	0.531	0.676
RXRA	RXRB	9606.ENSP00000419692	9606.ENSP00000363817	0	0	0.055	0.968	0.060	0	0.900	0.347	0.934
RXRA	THRB	9606.ENSP00000419692	9606.ENSP00000379904	0	0	0	0.685	0	0.988	0	0.494	0.993
RXRB	THRA	9606.ENSP00000363817	9606.ENSP00000264637	0	0	0	0.660	0.074	0.304	0	0.145	0.401
RXRB	RXRG	9606.ENSP00000363817	9606.ENSP00000352900	0	0	0.059	0.962	0	0	0.900	0.400	0.938
RXRB	SCD	9606.ENSP00000363817	9606.ENSP00000359380	0	0	0	0	0.044	0	0.500	0.076	0.520
RXRB	THRB	9606.ENSP00000363817	9606.ENSP00000379904	0	0	0	0.671	0	0.393	0	0.138	0.454
RXRG	THRA	9606.ENSP00000352900	9606.ENSP00000264637	0	0	0	0.668	0.062	0.304	0	0.431	0.596
RXRG	THRB	9606.ENSP00000352900	9606.ENSP00000379904	0	0	0	0.674	0	0.393	0	0.665	0.788
SCD	SIRT1	9606.ENSP00000359380	9606.ENSP00000212015	0	0	0	0	0	0	0	0.434	0.434
SCD	SQLE	9606.ENSP00000359380	9606.ENSP00000265896	0	0	0	0	0.354	0	0	0.543	0.692
SCD	TNF	9606.ENSP00000359380	9606.ENSP00000398698	0	0	0	0	0	0	0	0.446	0.446
SCN5A	SLC9A1	9606.ENSP00000328968	9606.ENSP00000263980	0	0	0	0	0	0	0	0.687	0.687
SELE	SERPINE1	9606.ENSP00000331736	9606.ENSP00000223095	0	0	0	0	0.110	0	0	0.668	0.692
SELE	TTR	9606.ENSP00000331736	9606.ENSP00000237014	0	0	0	0	0	0	0	0.483	0.483
SELE	VCAM1	9606.ENSP00000331736	9606.ENSP00000294728	0	0	0	0	0.179	0	0	0.976	0.979
SELE	XDH	9606.ENSP00000331736	9606.ENSP00000368727	0	0	0	0	0	0.062	0	0.397	0.410
SELE	SRC	9606.ENSP00000331736	9606.ENSP00000362680	0	0	0	0	0.062	0.045	0	0.406	0.421
SELE	TLR4	9606.ENSP00000331736	9606.ENSP00000363089	0	0	0	0	0.122	0.045	0	0.611	0.646
SELE	TNF	9606.ENSP00000331736	9606.ENSP00000398698	0	0	0	0	0.128	0	0	0.860	0.872
SERPINE1	SIRT1	9606.ENSP00000223095	9606.ENSP00000212015	0	0	0	0	0	0	0	0.457	0.457
SERPINE1	SRC	9606.ENSP00000223095	9606.ENSP00000362680	0	0	0	0	0	0	0	0.446	0.446
SERPINE1	TTR	9606.ENSP00000223095	9606.ENSP00000237014	0	0	0	0	0.072	0.053	0	0.481	0.504
SERPINE1	TGFBR1	9606.ENSP00000223095	9606.ENSP00000447297	0	0	0	0	0	0	0	0.623	0.623
SERPINE1	VCAM1	9606.ENSP00000223095	9606.ENSP00000294728	0	0	0	0	0.064	0	0	0.712	0.719
SERPINE1	TLR4	9606.ENSP00000223095	9606.ENSP00000363089	0	0	0	0	0.060	0	0	0.715	0.721
SERPINE1	TNF	9606.ENSP00000223095	9606.ENSP00000398698	0	0	0	0	0.042	0	0	0.763	0.764
SIGMAR1	SLC6A4	9606.ENSP00000277010	9606.ENSP00000261707	0	0	0	0	0	0	0	0.452	0.452
SIGMAR1	SQLE	9606.ENSP00000277010	9606.ENSP00000265896	0	0	0	0	0.136	0.954	0	0.418	0.974
SIGMAR1	SLC6A3	9606.ENSP00000277010	9606.ENSP00000270349	0	0	0	0	0	0	0	0.687	0.687
SIRT1	XIAP	9606.ENSP00000212015	9606.ENSP00000360242	0	0	0	0	0.071	0.095	0	0.370	0.424
SIRT1	SLC5A2	9606.ENSP00000212015	9606.ENSP00000327943	0.044	0	0	0	0	0	0	0.435	0.437
SIRT1	SRC	9606.ENSP00000212015	9606.ENSP00000362680	0	0	0	0	0	0	0	0.454	0.454
SIRT1	XDH	9606.ENSP00000212015	9606.ENSP00000368727	0	0	0	0	0	0	0	0.477	0.477
SIRT1	VCAM1	9606.ENSP00000212015	9606.ENSP00000294728	0	0	0	0	0.042	0	0	0.485	0.485
SIRT1	TOP2A	9606.ENSP00000212015	9606.ENSP00000411532	0.060	0	0	0	0.042	0	0	0.512	0.522
SIRT1	TERT	9606.ENSP00000212015	9606.ENSP00000309572	0	0	0	0	0.085	0.079	0	0.558	0.595
SIRT1	TLR4	9606.ENSP00000212015	9606.ENSP00000363089	0	0	0	0	0.044	0.045	0	0.606	0.609
SIRT1	TOP1	9606.ENSP00000212015	9606.ENSP00000354522	0	0	0	0	0.049	0.095	0	0.598	0.623
SIRT1	STAT1	9606.ENSP00000212015	9606.ENSP00000354394	0	0	0	0	0	0	0	0.635	0.635
SIRT1	TNF	9606.ENSP00000212015	9606.ENSP00000398698	0	0	0	0	0	0	0	0.706	0.706
SIRT1	SIRT2	9606.ENSP00000212015	9606.ENSP00000249396	0	0	0.124	0.823	0	0.335	0.900	0.346	0.956
SIRT2	TOP1	9606.ENSP00000249396	9606.ENSP00000354522	0	0	0	0	0	0.084	0	0.544	0.564
SLC5A1	TRPA1	9606.ENSP00000266088	9606.ENSP00000262209	0	0	0	0	0.074	0	0	0.383	0.404
SLC5A1	SLC9A1	9606.ENSP00000266088	9606.ENSP00000263980	0	0	0	0	0.042	0	0	0.477	0.477
SLC5A1	SLC5A2	9606.ENSP00000266088	9606.ENSP00000327943	0	0	0.058	0.965	0.067	0	0	0.459	0.483
SLC5A2	SLC9A1	9606.ENSP00000327943	9606.ENSP00000263980	0	0	0	0	0	0	0	0.595	0.595
SLC5A2	TNF	9606.ENSP00000327943	9606.ENSP00000398698	0	0	0	0	0.042	0	0	0.403	0.404
SLC6A3	SLC6A4	9606.ENSP00000270349	9606.ENSP00000261707	0	0	0.072	0.937	0	0	0	0.412	0.431
SLC6A4	TNF	9606.ENSP00000261707	9606.ENSP00000398698	0	0	0	0	0	0	0	0.400	0.400
SLC9A1	SRC	9606.ENSP00000263980	9606.ENSP00000362680	0	0	0	0	0.118	0	0	0.373	0.423
SQLE	TTR	9606.ENSP00000265896	9606.ENSP00000237014	0.057	0	0	0	0.109	0	0.673	0.105	0.721
SRC	ZAP70	9606.ENSP00000362680	9606.ENSP00000264972	0	0	0.090	0.736	0.054	0.105	0	0.575	0.629
SRC	VCAM1	9606.ENSP00000362680	9606.ENSP00000294728	0	0	0	0	0.060	0.102	0	0.511	0.551
SRC	TERT	9606.ENSP00000362680	9606.ENSP00000309572	0	0	0	0	0	0.049	0	0.407	0.412
SRC	TBK1	9606.ENSP00000362680	9606.ENSP00000329967	0	0	0	0.563	0.087	0.292	0	0.509	0.654
SRC	TRIM24	9606.ENSP00000362680	9606.ENSP00000340507	0	0	0	0	0	0.053	0.500	0.174	0.574
SRC	TLR9	9606.ENSP00000362680	9606.ENSP00000353874	0	0	0	0	0	0.370	0	0.397	0.604
SRC	STAT1	9606.ENSP00000362680	9606.ENSP00000354394	0	0	0	0	0.092	0.646	0.500	0.649	0.936
SRC	XIAP	9606.ENSP00000362680	9606.ENSP00000360242	0	0	0	0	0.042	0.092	0	0.454	0.483
SRC	THRB	9606.ENSP00000362680	9606.ENSP00000379904	0	0	0	0	0	0.314	0	0.170	0.406
SRC	TYK2	9606.ENSP00000362680	9606.ENSP00000431885	0	0	0	0.644	0.086	0.045	0	0.499	0.524
SRC	TNK2	9606.ENSP00000362680	9606.ENSP00000371341	0	0	0	0.717	0.056	0.738	0	0.203	0.786
SRC	TLR4	9606.ENSP00000362680	9606.ENSP00000363089	0	0	0	0	0.086	0.576	0	0.715	0.880
SRC	TNF	9606.ENSP00000362680	9606.ENSP00000398698	0	0	0	0	0.098	0.057	0	0.897	0.904
SRC	TRPV1	9606.ENSP00000362680	9606.ENSP00000459962	0	0	0	0	0	0.046	0.900	0.368	0.934
SRC	SYK	9606.ENSP00000362680	9606.ENSP00000364898	0	0	0.096	0.722	0.056	0.650	0.900	0.976	0.999
SRD5A1	STS	9606.ENSP00000274192	9606.ENSP00000217961	0	0	0	0	0.111	0	0	0.445	0.485
SRD5A1	SRD5A2	9606.ENSP00000274192	9606.ENSP00000477587	0	0	0.077	0.927	0	0	0.900	0.355	0.935
STAT1	ZAP70	9606.ENSP00000354394	9606.ENSP00000264972	0	0	0	0	0.066	0.096	0	0.418	0.467
STAT1	VCAM1	9606.ENSP00000354394	9606.ENSP00000294728	0	0	0	0	0.126	0	0.500	0.492	0.758
STAT1	TBK1	9606.ENSP00000354394	9606.ENSP00000329967	0	0	0	0	0.166	0.096	0	0.692	0.748
STAT1	TRIM24	9606.ENSP00000354394	9606.ENSP00000340507	0	0	0	0	0.047	0	0.500	0.284	0.629
STAT1	TLR9	9606.ENSP00000354394	9606.ENSP00000353874	0	0	0	0	0	0.045	0	0.615	0.617
STAT1	TNK2	9606.ENSP00000354394	9606.ENSP00000371341	0	0	0	0	0.053	0.292	0	0.187	0.407
STAT1	XIAP	9606.ENSP00000354394	9606.ENSP00000360242	0	0	0	0	0.057	0.066	0	0.391	0.418
STAT1	SYK	9606.ENSP00000354394	9606.ENSP00000364898	0	0	0	0	0.107	0.096	0.500	0.460	0.753
STAT1	TLR4	9606.ENSP00000354394	9606.ENSP00000363089	0	0	0	0	0.113	0.045	0	0.855	0.867
STAT1	TNF	9606.ENSP00000354394	9606.ENSP00000398698	0	0	0	0	0.121	0	0	0.864	0.875
STAT1	TYK2	9606.ENSP00000354394	9606.ENSP00000431885	0	0	0	0	0.093	0.472	0.900	0.953	0.997
SYK	ZAP70	9606.ENSP00000364898	9606.ENSP00000264972	0	0	0.053	0.954	0.067	0	0.900	0.771	0.977
SYK	VCAM1	9606.ENSP00000364898	9606.ENSP00000294728	0	0	0	0	0.086	0.126	0	0.332	0.420
SYK	TBK1	9606.ENSP00000364898	9606.ENSP00000329967	0	0	0	0.557	0.104	0.301	0	0.175	0.439
SYK	TLR9	9606.ENSP00000364898	9606.ENSP00000353874	0	0	0	0	0.074	0.335	0	0.738	0.824
SYK	TLR4	9606.ENSP00000364898	9606.ENSP00000363089	0	0	0	0	0.193	0.392	0	0.946	0.971
SYK	TNF	9606.ENSP00000364898	9606.ENSP00000398698	0	0	0	0	0.147	0.075	0	0.746	0.782
SYK	TYK2	9606.ENSP00000364898	9606.ENSP00000431885	0	0	0	0.639	0.082	0	0.800	0.171	0.834
TBK1	XIAP	9606.ENSP00000329967	9606.ENSP00000360242	0	0	0	0	0.049	0.563	0.500	0.252	0.823
TBK1	TLR9	9606.ENSP00000329967	9606.ENSP00000353874	0	0	0	0	0.045	0.370	0	0.782	0.857
TBK1	TLR4	9606.ENSP00000329967	9606.ENSP00000363089	0	0	0	0	0.111	0.370	0.500	0.865	0.957
TBK1	TNF	9606.ENSP00000329967	9606.ENSP00000398698	0	0	0	0	0.104	0.994	0.500	0.622	0.998
TDP1	TOP2A	9606.ENSP00000337353	9606.ENSP00000411532	0	0	0	0	0.079	0.079	0	0.742	0.762
TDP1	TOP1	9606.ENSP00000337353	9606.ENSP00000354522	0	0	0	0	0.097	0.646	0	0.978	0.992
TERT	TTR	9606.ENSP00000309572	9606.ENSP00000237014	0	0	0	0	0.050	0	0	0.476	0.480
TERT	TYR	9606.ENSP00000309572	9606.ENSP00000263321	0	0	0	0	0.073	0.045	0	0.425	0.447
TERT	TNF	9606.ENSP00000309572	9606.ENSP00000398698	0	0	0	0	0	0	0	0.446	0.446
TERT	XIAP	9606.ENSP00000309572	9606.ENSP00000360242	0	0	0	0	0	0	0	0.472	0.472
TGFBR1	XIAP	9606.ENSP00000447297	9606.ENSP00000360242	0	0	0	0	0.110	0.099	0	0.825	0.847
TGFBR1	TLR4	9606.ENSP00000447297	9606.ENSP00000363089	0	0	0	0	0.113	0.100	0	0.350	0.436
TGFBR1	TNF	9606.ENSP00000447297	9606.ENSP00000398698	0	0	0	0	0.083	0.057	0	0.471	0.502
THRA	TTR	9606.ENSP00000264637	9606.ENSP00000237014	0	0	0	0	0.052	0	0	0.480	0.485
THRA	TRIM24	9606.ENSP00000264637	9606.ENSP00000340507	0	0	0	0	0	0.397	0	0.108	0.440
THRA	THRB	9606.ENSP00000264637	9606.ENSP00000379904	0	0	0.058	0.962	0	0	0.900	0.396	0.938
THRB	TTR	9606.ENSP00000379904	9606.ENSP00000237014	0	0	0	0	0.077	0	0	0.441	0.462
THRB	TYR	9606.ENSP00000379904	9606.ENSP00000263321	0	0	0	0	0	0.050	0	0.409	0.414
THRB	TNF	9606.ENSP00000379904	9606.ENSP00000398698	0	0	0	0	0.055	0	0	0.477	0.484
TLR4	TRPA1	9606.ENSP00000363089	9606.ENSP00000262209	0	0	0	0	0	0.093	0	0.406	0.438
TLR4	ZAP70	9606.ENSP00000363089	9606.ENSP00000264972	0	0	0	0	0.074	0.177	0	0.341	0.454
TLR4	VCAM1	9606.ENSP00000363089	9606.ENSP00000294728	0	0	0	0	0.058	0.095	0	0.754	0.772
TLR4	TLR9	9606.ENSP00000363089	9606.ENSP00000353874	0	0	0	0.585	0.063	0	0.900	0.803	0.979
TLR4	XIAP	9606.ENSP00000363089	9606.ENSP00000360242	0	0	0	0	0.074	0.294	0	0.358	0.544
TLR4	TYK2	9606.ENSP00000363089	9606.ENSP00000431885	0	0	0	0	0.067	0.100	0	0.419	0.470
TLR4	TRPV1	9606.ENSP00000363089	9606.ENSP00000459962	0	0	0	0	0.067	0	0	0.491	0.505
TLR4	XDH	9606.ENSP00000363089	9606.ENSP00000368727	0	0	0	0	0.086	0	0	0.811	0.820
TLR4	TNF	9606.ENSP00000363089	9606.ENSP00000398698	0	0	0	0	0.125	0	0	0.966	0.969
TLR9	VCAM1	9606.ENSP00000353874	9606.ENSP00000294728	0	0	0	0	0	0.095	0	0.382	0.417
TLR9	TYK2	9606.ENSP00000353874	9606.ENSP00000431885	0	0	0	0	0.060	0.100	0	0.432	0.477
TLR9	TNF	9606.ENSP00000353874	9606.ENSP00000398698	0	0	0	0	0.088	0	0	0.891	0.896
TNF	TTR	9606.ENSP00000398698	9606.ENSP00000237014	0	0	0	0	0	0	0	0.480	0.480
TNF	TRPA1	9606.ENSP00000398698	9606.ENSP00000262209	0	0	0	0	0	0	0	0.449	0.449
TNF	TYR	9606.ENSP00000398698	9606.ENSP00000263321	0	0	0	0	0	0.045	0	0.415	0.417
TNF	ZAP70	9606.ENSP00000398698	9606.ENSP00000264972	0	0	0	0	0.099	0.075	0	0.623	0.658
TNF	VCAM1	9606.ENSP00000398698	9606.ENSP00000294728	0	0	0	0	0.100	0	0	0.918	0.923
TNF	XIAP	9606.ENSP00000398698	9606.ENSP00000360242	0	0	0	0	0.055	0	0.500	0.810	0.902
TNF	XDH	9606.ENSP00000398698	9606.ENSP00000368727	0	0	0	0	0	0	0	0.598	0.598
TNF	TRPV1	9606.ENSP00000398698	9606.ENSP00000459962	0	0	0	0	0	0	0	0.592	0.592
TNF	TYK2	9606.ENSP00000398698	9606.ENSP00000431885	0	0	0	0	0.092	0.057	0	0.718	0.737
TOP1	TYMS	9606.ENSP00000354522	9606.ENSP00000315644	0	0	0	0	0.056	0	0	0.530	0.537
TOP1	WEE1	9606.ENSP00000354522	9606.ENSP00000402084	0	0	0	0	0.077	0.162	0	0.352	0.455
TOP1	TOP2A	9606.ENSP00000354522	9606.ENSP00000411532	0	0	0	0	0.111	0.857	0	0.960	0.994
TOP2A	TYMS	9606.ENSP00000411532	9606.ENSP00000315644	0.120	0	0	0	0.780	0	0	0.813	0.960
TOP2A	WEE1	9606.ENSP00000411532	9606.ENSP00000402084	0	0	0	0	0.197	0.162	0	0.361	0.532
TOP2A	TUBA1A	9606.ENSP00000411532	9606.ENSP00000439020	0	0	0	0	0.081	0	0	0.517	0.537
TRIM24	XIAP	9606.ENSP00000340507	9606.ENSP00000360242	0	0	0	0	0.073	0.049	0	0.456	0.478
TRPA1	TRPV1	9606.ENSP00000262209	9606.ENSP00000459962	0	0	0	0	0	0	0	0.991	0.991
TRPV1	VCAM1	9606.ENSP00000459962	9606.ENSP00000294728	0	0	0	0	0.046	0	0	0.503	0.506
TTR	TYRP1	9606.ENSP00000237014	9606.ENSP00000373570	0	0	0	0	0.127	0.071	0	0.323	0.402
TTR	XDH	9606.ENSP00000237014	9606.ENSP00000368727	0.120	0	0	0	0.067	0	0	0.336	0.407
TUBA1A	TUBB1	9606.ENSP00000439020	9606.ENSP00000217133	0	0	0.075	0.903	0.304	0.287	0.650	0.806	0.963
TUBA1A	TUBB2B	9606.ENSP00000439020	9606.ENSP00000259818	0	0	0.068	0.915	0.352	0.935	0.650	0.829	0.997
TUBB1	TUBB2B	9606.ENSP00000217133	9606.ENSP00000259818	0	0	0.050	0.980	0	0.231	0.400	0.049	0.527
TYR	TYRP1	9606.ENSP00000263321	9606.ENSP00000373570	0	0	0.086	0.897	0.760	0.259	0	0.437	0.896
VCAM1	XDH	9606.ENSP00000294728	9606.ENSP00000368727	0	0	0	0	0.042	0	0	0.482	0.483
